Rk,Player,Pos,Squad,Age,Born,MP,Min,Mn/MP,Min%,90s,Starts,Mn/Start,Compl,Subs,Mn/Sub,unSub,PPM,onG,onGA,+/-,+/-90,On-Off,onxG,onxGA,xG+/-,xG+/-90,On-Off,Matches
1,Brenden Aaronson,MF,us United States,21,2000,4,108,27,30.0,1.2,0,,0,4,27,0,1.25,1,2,-1,-0.83,-0.83,0.9,2.7,-1.8,-1.51,-2.05,Matches
2,Ali Abdi,DF,tn Tunisia,28,1993,3,188,63,69.6,2.1,2,90,2,1,8,0,1.33,0,1,-1,-0.48,-1.58,1.8,2.3,-0.4,-0.21,-0.14,Matches
3,Salis Abdul Samed,MF,gh Ghana,22,2000,3,250,83,92.6,2.8,3,83,1,0,,0,1.00,5,7,-2,-0.72,-0.72,3.5,5.3,-1.8,-0.66,-2.41,Matches
4,Saud Abdulhamid,"DF,MF",sa Saudi Arabia,22,1999,3,270,90,100.0,3.0,3,90,3,0,,0,1.00,3,5,-2,-0.67,,3.0,6.0,-3.0,-1.01,,Matches
5,Nawaf Al Abed,MF,sa Saudi Arabia,32,1990,2,88,44,32.6,1.0,0,,0,2,44,1,1.50,2,1,+1,+1.02,+2.51,0.9,2.3,-1.4,-1.45,-0.64,Matches
6,Amir Abedzadeh,GK,ir IR Iran,29,1993,0,,,,,0,,0,0,,3,,,,,,,,,,,,Matches
7,Pape Abou Cissé,DF,sn Senegal,26,1995,3,105,35,29.2,1.2,1,90,1,2,8,1,2.00,1,3,-2,-1.71,-1.71,1.1,0.9,+0.2,+0.18,-0.11,Matches
8,Vincent Aboubakar,FW,cm Cameroon,30,1992,3,142,47,52.6,1.6,1,89,0,2,27,0,1.33,3,0,+3,+1.90,+4.01,1.5,2.4,-0.9,-0.55,+0.49,Matches
9,Abdulrahman Al-Aboud,"MF,DF",sa Saudi Arabia,27,1995,2,35,18,13.0,0.4,0,,0,2,18,1,0.00,1,0,+1,+2.57,+3.72,0.8,0.9,-0.1,-0.18,+0.95,Matches
10,Zakaria Aboukhlal,"FW,MF",ma Morocco,22,2000,4,79,20,12.0,0.9,0,,0,4,20,3,2.25,2,1,+1,+1.14,+1.14,2.4,2.0,+0.4,+0.50,+0.69,Matches
11,Kellyn Acosta,MF,us United States,26,1995,2,43,22,11.9,0.5,0,,0,2,22,2,2.00,0,1,-1,-2.09,-2.09,0.4,1.1,-0.7,-1.57,-1.69,Matches
12,Marcos Acuña,"DF,FW",ar Argentina,30,1991,6,373,62,54.1,4.1,4,74,1,2,39,0,1.83,8,3,+5,+1.21,+0.64,6.7,3.0,+3.6,+0.95,-0.80,Matches
13,Tyler Adams,MF,us United States,23,1999,4,360,90,100.0,4.0,4,90,4,0,,0,1.25,3,4,-1,-0.25,,4.1,4.4,-0.3,-0.07,,Matches
14,Sam Adekugbe,DF,ca Canada,27,1995,3,95,32,35.2,1.1,1,59,0,2,18,0,0.00,1,3,-2,-1.89,-0.35,1.0,1.7,-0.8,-0.74,-1.31,Matches
15,Karim Adeyemi,FW,de Germany,20,2002,0,,,,,0,,0,0,,3,,,,,,,,,,,,Matches
16,Michel Aebischer,"MF,FW",ch Switzerland,25,1997,1,16,16,4.4,0.2,0,,0,1,16,3,0.00,0,1,-1,-5.63,-4.84,0.0,0.4,-0.4,-2.14,-2.32,Matches
17,Akram Afif,FW,qa Qatar,25,1996,3,270,90,100.0,3.0,3,90,3,0,,0,0.00,1,7,-6,-2.00,,1.4,3.5,-2.1,-0.71,,Matches
18,Daniel Afriyie Barnieh,FW,gh Ghana,20,2001,0,,,,,0,,0,0,,3,,,,,,,,,,,,Matches
19,Nayef Aguerd,DF,ma Morocco,26,1996,4,353,88,53.5,3.9,4,88,3,0,,2,2.00,4,1,+3,+0.76,+1.35,2.6,3.2,-0.6,-0.14,-0.07,Matches
20,Brandon Aguilera,MF,cr Costa Rica,18,2003,3,90,30,33.3,1.0,1,45,0,2,23,0,1.00,1,4,-3,-3.00,-0.50,0.3,2.5,-2.2,-2.21,+1.04,Matches
21,Homam Ahmed,DF,qa Qatar,22,1999,3,262,87,97.0,2.9,3,87,2,0,,0,0.00,1,6,-5,-1.72,+9.53,1.3,3.3,-2.1,-0.72,-0.22,Matches
22,Joseph Aidoo,DF,gh Ghana,26,1995,0,,,,,0,,0,0,,3,,,,,,,,,,,,Matches
23,Manuel Akanji,DF,ch Switzerland,26,1995,4,360,90,100.0,4.0,4,90,4,0,,0,1.50,5,9,-4,-1.00,,5.6,5.3,+0.3,+0.08,,Matches
24,Nathan Aké,DF,nl Netherlands,27,1995,5,479,96,99.8,5.3,5,96,4,0,,0,2.20,10,4,+6,+1.13,+1.13,4.6,6.0,-1.4,-0.28,-0.06,Matches
25,Ahmed Alaaeldin,FW,qa Qatar,29,1993,1,6,6,2.2,0.1,0,,0,1,6,2,0.00,0,0,0,0.00,+2.05,0.0,0.0,0.0,-0.07,+0.65,Matches
26,Jordi Alba,DF,es Spain,33,1989,4,264,66,67.7,2.9,3,80,0,1,23,0,1.25,5,0,+5,+1.70,+0.99,4.3,1.7,+2.5,+0.86,+0.70,Matches
27,Toby Alderweireld,DF,be Belgium,33,1989,3,270,90,100.0,3.0,3,90,3,0,,0,1.33,1,2,-1,-0.33,,4.7,4.6,+0.2,+0.05,,Matches
28,Trent Alexander-Arnold,DF,eng England,23,1998,1,34,34,7.6,0.4,0,,0,1,34,4,3.00,1,0,+1,+2.65,+0.92,1.2,0.2,+1.0,+2.58,+1.80,Matches
29,Almoez Ali,FW,qa Qatar,25,1996,3,224,75,83.0,2.5,3,75,1,0,,0,0.00,1,7,-6,-2.41,-2.41,1.3,3.5,-2.1,-0.86,-0.88,Matches
30,Alisson,GK,br Brazil,29,1992,4,379,95,79.0,4.2,4,95,3,0,,1,2.50,8,2,+6,+1.42,+2.32,9.2,1.5,+7.7,+1.99,+0.48,Matches
31,Joe Allen,MF,wls Wales,32,1990,2,94,47,34.8,1.0,1,80,0,1,14,1,0.00,0,5,-5,-4.79,-4.79,0.4,2.6,-2.2,-2.06,-2.20,Matches
32,Thiago Almada,MF,ar Argentina,21,2001,1,7,7,1.0,0.1,0,,0,1,7,6,3.00,0,0,0,0.00,-0.92,0.5,0.0,+0.5,+6.09,+4.77,Matches
33,Esteban Alvarado,GK,cr Costa Rica,33,1989,0,,,,,0,,0,0,,3,,,,,,,,,,,,Matches
34,Roberto Alvarado,FW,mx Mexico,23,1998,1,18,18,6.7,0.2,0,,0,1,18,2,0.00,0,1,-1,-5.00,-5.00,0.0,0.0,0.0,-0.22,-0.55,Matches
35,Edson Álvarez,MF,mx Mexico,24,1997,2,175,88,64.8,1.9,2,88,1,0,,1,2.00,2,0,+2,+1.03,+3.87,2.9,1.4,+1.4,+0.74,+1.25,Matches
36,Julián Álvarez,FW,ar Argentina,22,2000,7,464,66,67.2,5.2,5,81,0,2,30,0,2.00,13,2,+11,+2.13,+3.73,10.4,2.0,+8.4,+1.63,+0.83,Matches
37,Kevin Álvarez,DF,mx Mexico,23,1999,2,70,35,25.9,0.8,1,65,0,1,5,1,1.50,0,2,-2,-2.57,-3.02,0.4,0.8,-0.4,-0.53,-1.12,Matches
38,Dani Alves,DF,br Brazil,39,1983,2,118,59,24.6,1.3,1,90,1,1,28,3,1.50,0,2,-2,-1.53,-3.27,2.7,0.7,+2.1,+1.58,-0.37,Matches
39,Selim Amallah,MF,ma Morocco,25,1996,7,409,58,62.0,4.5,4,75,1,3,36,0,1.57,1,0,+1,+0.22,+0.22,2.2,4.4,-2.2,-0.48,-0.98,Matches
40,Daniel Amartey,DF,gh Ghana,27,1994,3,251,84,93.0,2.8,3,84,2,0,,0,1.00,5,7,-2,-0.72,-0.72,4.1,5.6,-1.4,-0.48,,Matches
41,Vahid Amiri,"FW,MF",ir IR Iran,34,1988,0,,,,,0,,0,0,,3,,,,,,,,,,,,Matches
42,Ethan Ampadu,"MF,DF",wls Wales,21,2000,3,255,85,94.4,2.8,3,85,1,0,,0,0.33,1,4,-3,-1.06,+10.94,2.5,4.1,-1.6,-0.57,+1.00,Matches
43,Sofyan Amrabat,MF,ma Morocco,25,1996,7,660,94,100.0,7.3,7,94,7,0,,0,1.57,6,5,+1,+0.14,,6.6,7.4,-0.8,-0.12,-0.12,Matches
44,Abdulelah Al-Amri,DF,sa Saudi Arabia,25,1997,3,182,61,67.4,2.0,2,90,2,1,2,0,1.00,1,4,-3,-1.48,-2.51,2.8,3.9,-1.1,-0.53,+1.49,Matches
45,Joachim Andersen,DF,dk Denmark,26,1996,3,270,90,100.0,3.0,3,90,3,0,,0,0.33,1,3,-2,-0.67,,2.7,3.9,-1.2,-0.39,,Matches
46,Karim Ansarifard,"FW,MF",ir IR Iran,32,1990,2,35,18,13.0,0.4,0,,0,2,18,1,1.50,2,0,+2,+5.14,+7.06,0.9,0.4,+0.5,+1.22,+1.77,Matches
47,Antony,FW,br Brazil,22,2000,4,172,43,35.8,1.9,1,78,0,3,31,1,1.75,2,1,+1,+0.52,-0.65,4.0,0.6,+3.4,+2.14,+0.41,Matches
48,Uriel Antuna,"FW,MF",mx Mexico,24,1997,3,77,26,28.5,0.9,0,,0,3,26,0,1.33,2,2,0,0.00,+0.47,1.4,1.1,+0.2,+0.29,-0.02,Matches
49,Nawaf Al Aqidi,GK,sa Saudi Arabia,22,2000,0,,,,,0,,0,0,,3,,,,,,,,,,,,Matches
50,Néstor Araujo,DF,mx Mexico,30,1991,1,90,90,33.3,1.0,1,90,1,0,,2,0.00,0,2,-2,-2.00,-2.50,0.3,0.3,-0.1,-0.05,-0.53,Matches
51,Robert Arboleda,DF,ec Ecuador,30,1991,0,,,,,0,,0,0,,3,,,,,,,,,,,,Matches
52,Alphonse Areola,GK,fr France,29,1993,0,,,,,0,,0,0,,7,,,,,,,,,,,,Matches
53,Franco Armani,GK,ar Argentina,35,1986,0,,,,,0,,0,0,,7,,,,,,,,,,,,Matches
54,Xavier Arreaga,DF,ec Ecuador,27,1994,0,,,,,0,,0,0,,3,,,,,,,,,,,,Matches
55,Gerardo Arteaga,DF,mx Mexico,23,1998,0,,,,,0,,0,0,,3,,,,,,,,,,,,Matches
56,Takuma Asano,FW,jp Japan,27,1994,4,165,41,42.3,1.8,0,,0,4,41,0,1.75,2,1,+1,+0.55,+0.55,2.7,2.3,+0.4,+0.26,+0.63,Matches
57,Marco Asensio,FW,es Spain,26,1996,4,229,57,58.7,2.5,3,65,0,1,34,0,1.25,5,0,+5,+1.97,+1.41,3.9,0.8,+3.1,+1.21,+1.40,Matches
58,Ali Assadalla,MF,qa Qatar,29,1993,1,27,27,10.0,0.3,0,,0,1,27,2,0.00,0,0,0,0.00,+2.22,0.0,0.0,0.0,+0.06,+0.86,Matches
59,Lawrence Ati-Zigi,GK,gh Ghana,25,1996,3,270,90,100.0,3.0,3,90,3,0,,0,1.00,5,7,-2,-0.67,,4.1,5.6,-1.4,-0.48,,Matches
60,Nathaniel Atkinson,DF,au Australia,23,1999,1,84,84,23.3,0.9,1,84,0,0,,2,0.00,1,4,-3,-3.21,-3.54,0.5,3.7,-3.2,-3.39,-2.82,Matches
61,Yahya Attiat Allah,DF,ma Morocco,27,1995,6,318,53,48.2,3.5,2,90,2,4,35,1,1.33,4,3,+1,+0.28,+0.28,5.1,3.2,+1.9,+0.60,+1.27,Matches
62,André Ayew,"MF,FW",gh Ghana,32,1989,3,198,66,73.3,2.2,3,66,0,0,,0,1.00,4,5,-1,-0.45,+0.80,2.9,4.2,-1.3,-0.58,-0.37,Matches
63,Jordan Ayew,FW,gh Ghana,30,1991,3,136,45,50.4,1.5,2,61,0,1,14,0,1.00,4,6,-2,-1.32,-1.32,3.0,3.3,-0.4,-0.26,+0.44,Matches
64,Sardar Azmoun,FW,ir IR Iran,27,1995,3,126,42,46.7,1.4,2,56,0,1,14,0,1.00,1,2,-1,-0.71,+0.54,1.7,2.2,-0.5,-0.37,-0.10,Matches
65,César Azpilicueta,DF,es Spain,32,1989,2,135,68,34.6,1.5,2,68,1,0,,2,1.50,8,0,+8,+5.33,+6.04,4.3,0.1,+4.1,+2.77,+3.27,Matches
66,Srđan Babić,DF,rs Serbia,26,1996,1,13,13,4.8,0.1,0,,0,1,13,2,1.00,0,0,0,0.00,+1.05,0.1,0.1,+0.1,+0.57,+1.98,Matches
67,Keanu Baccus,MF,au Australia,24,1998,4,114,29,31.7,1.3,1,57,0,3,19,0,1.50,1,2,-1,-0.79,-0.42,0.5,1.6,-1.1,-0.89,+0.50,Matches
68,Alexander Bah,DF,dk Denmark,24,1997,2,46,23,17.0,0.5,0,,0,2,23,1,0.00,0,1,-1,-1.96,-1.55,0.4,0.4,-0.1,-0.16,+0.28,Matches
69,Hattan Bahebri,MF,sa Saudi Arabia,29,1992,2,4,2,1.5,0.0,0,,0,2,2,1,0.00,1,0,+1,+22.50,+23.52,0.7,0.2,+0.5,+11.39,+12.59,Matches
70,Alejandro Balde,DF,es Spain,18,2003,4,126,32,32.3,1.4,1,67,0,3,20,0,1.25,4,3,+1,+0.71,-0.99,1.9,1.7,+0.2,+0.19,-0.60,Matches
71,Gareth Bale,FW,wls Wales,32,1989,3,225,75,83.3,2.5,3,75,2,0,,0,0.33,1,3,-2,-0.80,+5.20,2.5,3.1,-0.6,-0.24,+2.34,Matches
72,Fodé Ballo-Touré,DF,sn Senegal,25,1997,1,7,7,1.9,0.1,0,,0,1,7,1,0.00,0,0,0,0.00,+0.51,0.1,0.2,-0.1,-1.09,-1.37,Matches
73,Badr Banoun,DF,ma Morocco,28,1993,3,54,18,8.2,0.6,0,,0,3,18,4,1.33,0,0,0,0.00,-0.15,1.0,1.0,0.0,0.00,+0.12,Matches
74,Borna Barišić,DF,hr Croatia,29,1992,1,120,120,17.4,1.3,1,120,1,0,,6,1.00,1,1,0,0.00,-0.16,1.4,1.2,+0.2,+0.24,+0.88,Matches
75,Meshaal Barsham,GK,qa Qatar,24,1998,2,180,90,66.7,2.0,2,90,2,0,,1,0.00,1,5,-4,-2.00,0.00,1.1,2.4,-1.3,-0.63,+0.23,Matches
76,Christian Bassogog,MF,cm Cameroon,26,1995,1,24,24,8.9,0.3,0,,0,1,24,2,1.00,0,0,0,0.00,0.00,0.1,0.4,-0.3,-1.27,-0.54,Matches
77,Michy Batshuayi,FW,be Belgium,28,1993,2,151,76,55.9,1.7,2,76,0,0,,1,1.50,1,1,0,0.00,+0.76,1.5,3.2,-1.7,-1.04,-2.48,Matches
78,José Luis Rodríguez Bebanz,DF,uy Uruguay,25,1997,0,,,,,0,,0,0,,3,,,,,,,,,,,,Matches
79,Jan Bednarek,DF,pl Poland,26,1996,1,5,5,1.4,0.1,0,,0,1,5,3,0.00,1,1,0,0.00,+0.51,1.0,0.0,+0.9,+20.60,+21.53,Matches
80,Aziz Behich,DF,au Australia,31,1990,4,360,90,100.0,4.0,4,90,4,0,,0,1.50,4,6,-2,-0.50,,2.3,7.2,-4.9,-1.23,,Matches
81,Alireza Beiranvand,GK,ir IR Iran,29,1992,2,109,55,40.4,1.2,2,55,1,0,,0,0.00,0,1,-1,-0.83,+0.29,0.4,1.3,-0.9,-0.71,-0.66,Matches
82,Armel Bella Kotchap,DF,de Germany,20,2001,0,,,,,0,,0,0,,3,,,,,,,,,,,,Matches
83,Jude Bellingham,MF,eng England,18,2003,5,414,83,92.0,4.6,5,83,3,0,,0,2.00,13,4,+9,+1.96,+1.96,8.2,3.8,+4.4,+0.96,+0.45,Matches
84,Bechir Ben Saïd,GK,tn Tunisia,29,1992,0,,,,,0,,0,0,,3,,,,,,,,,,,,Matches
85,Anis Ben Slimane,MF,tn Tunisia,21,2001,2,148,74,54.8,1.6,2,74,0,0,,1,2.00,1,0,+1,+0.61,+1.35,1.4,0.9,+0.5,+0.29,+1.02,Matches
86,Jewison Bennette,MF,cr Costa Rica,17,2004,3,103,34,38.1,1.1,1,60,0,2,22,0,1.00,1,6,-5,-4.37,-2.75,0.1,5.8,-5.7,-4.97,-3.35,Matches
87,Rodrigo Bentancur,MF,uy Uruguay,24,1997,3,213,71,78.9,2.4,3,71,2,0,,0,1.33,2,2,0,0.00,0.00,3.2,2.8,+0.4,+0.18,+0.63,Matches
88,Bartosz Bereszyński,DF,pl Poland,29,1992,4,341,85,94.7,3.8,4,85,3,0,,0,1.00,3,5,-2,-0.53,-0.53,4.5,6.6,-2.0,-0.54,+2.77,Matches
89,Steven Berghuis,MF,nl Netherlands,30,1991,4,200,50,41.7,2.2,1,78,0,3,41,1,2.00,2,1,+1,+0.45,-1.16,0.8,2.0,-1.2,-0.66,-0.59,Matches
90,Steven Bergwijn,FW,nl Netherlands,24,1997,4,213,53,44.4,2.4,3,56,0,1,45,1,2.00,2,2,0,0.00,-2.02,1.8,2.5,-0.7,-0.30,-0.05,Matches
91,Krystian Bielik,MF,pl Poland,24,1998,4,216,54,60.0,2.4,2,76,1,2,33,0,1.00,3,3,0,0.00,+1.25,3.8,4.8,-1.0,-0.41,+0.69,Matches
92,Justin Bijlow,GK,nl Netherlands,24,1998,0,,,,,0,,0,0,,5,,,,,,,,,,,,Matches
93,Daley Blind,DF,nl Netherlands,32,1990,5,423,85,88.1,4.7,5,85,4,0,,0,2.20,8,3,+5,+1.06,-0.52,4.2,4.8,-0.7,-0.14,+1.11,Matches
94,Celso Borges,MF,cr Costa Rica,34,1988,3,249,83,92.2,2.8,3,83,1,0,,0,1.00,3,8,-5,-1.81,+11.05,1.4,9.4,-7.9,-2.86,+0.44,Matches
95,Milan Borjan,GK,ca Canada,34,1987,3,270,90,100.0,3.0,3,90,3,0,,0,0.00,2,7,-5,-1.67,,4.2,3.9,+0.3,+0.11,,Matches
96,Karim Boudiaf,MF,qa Qatar,31,1990,3,185,62,68.5,2.1,2,79,1,1,27,0,0.00,0,4,-4,-1.95,+0.17,1.1,1.7,-0.6,-0.30,+1.31,Matches
97,Sofiane Boufal,FW,ma Morocco,28,1993,7,475,68,72.0,5.3,7,68,0,0,,0,1.57,4,4,0,0.00,-0.49,3.3,4.4,-1.1,-0.21,-0.35,Matches
98,Yassine Bounou,GK,ma Morocco,31,1991,6,570,95,86.4,6.3,6,95,6,0,,1,1.33,4,5,-1,-0.16,-2.16,5.1,6.5,-1.3,-0.22,-0.62,Matches
99,Martin Braithwaite,"FW,MF",dk Denmark,31,1991,2,103,52,38.1,1.1,1,58,0,1,45,1,0.00,1,2,-1,-0.87,-0.33,0.9,1.8,-0.9,-0.79,-0.64,Matches
100,Julian Brandt,"FW,MF",de Germany,26,1996,0,,,,,0,,0,0,,3,,,,,,,,,,,,Matches
101,Mohammed Al-Breik,DF,sa Saudi Arabia,29,1992,2,65,33,24.1,0.7,1,64,0,1,1,0,1.50,0,1,-1,-1.38,-0.95,1.4,0.6,+0.8,+1.16,+2.86,Matches
102,Gleison Bremer,DF,br Brazil,25,1997,2,109,55,22.7,1.2,1,90,1,1,19,3,1.50,0,2,-2,-1.65,-3.35,2.7,0.6,+2.2,+1.78,-0.11,Matches
103,Dylan Bronn,DF,tn Tunisia,26,1995,2,162,81,60.0,1.8,2,81,1,0,,1,0.50,0,1,-1,-0.56,-1.39,1.4,2.0,-0.6,-0.32,-0.38,Matches
104,Marcelo Brozović,MF,hr Croatia,29,1992,6,552,92,80.0,6.1,6,92,4,0,,1,1.17,5,5,0,0.00,-0.65,5.9,8.9,-3.0,-0.52,+0.02,Matches
105,Tajon Buchanan,"MF,DF",ca Canada,23,1999,3,260,87,96.3,2.9,3,87,2,0,,0,0.00,2,7,-5,-1.73,-1.73,4.1,3.7,+0.4,+0.14,+0.91,Matches
106,Ante Budimir,FW,hr Croatia,30,1991,2,55,28,8.0,0.6,0,,0,2,28,5,1.00,1,0,+1,+1.64,+1.64,0.7,0.4,+0.3,+0.57,+1.17,Matches
107,Osman Bukari,MF,gh Ghana,23,1998,2,59,30,21.9,0.7,0,,0,2,30,1,0.00,1,2,-1,-1.53,-1.10,1.2,1.0,+0.2,+0.33,+1.03,Matches
108,Ali Al-Bulaihi,DF,sa Saudi Arabia,32,1989,3,216,72,80.0,2.4,3,72,2,0,,0,1.00,2,3,-1,-0.42,+1.25,2.0,4.5,-2.6,-1.06,-0.27,Matches
109,Song Bumkeun,GK,kr Korea Republic,24,1997,0,,,,,0,,0,0,,4,,,,,,,,,,,,Matches
110,Firas Al-Buraikan,"MF,FW",sa Saudi Arabia,22,2000,3,268,89,99.3,3.0,3,89,2,0,,0,1.00,3,5,-2,-0.67,-0.67,3.0,5.9,-3.0,-0.99,+2.19,Matches
111,Sergio Busquets,MF,es Spain,33,1988,4,363,91,93.1,4.0,4,91,3,0,,0,1.25,6,3,+3,+0.74,-9.26,5.3,3.4,+1.9,+0.52,-0.75,Matches
112,Ben Cabango,DF,wls Wales,22,2000,0,,,,,0,,0,0,,3,,,,,,,,,,,,Matches
113,Martín Cáceres,DF,uy Uruguay,35,1987,1,90,90,33.3,1.0,1,90,1,0,,2,1.00,0,0,0,0.00,0.00,0.6,0.6,0.0,-0.05,-0.14,Matches
114,Moisés Caicedo,MF,ec Ecuador,20,2001,3,269,90,99.6,3.0,3,90,2,0,,0,1.33,4,3,+1,+0.33,+0.33,3.7,2.6,+1.1,+0.37,-4.79,Matches
115,Francisco Calvo,DF,cr Costa Rica,29,1992,2,180,90,66.7,2.0,2,90,2,0,,0,1.50,1,7,-6,-3.00,-1.00,0.1,4.4,-4.3,-2.15,+2.25,Matches
116,Eduardo Camavinga,DF,fr France,19,2002,2,140,70,21.2,1.6,1,90,1,1,50,5,0.50,3,2,+1,+0.64,-0.57,2.9,2.1,+0.8,+0.67,+0.18,Matches
117,Joel Campbell,"FW,MF",cr Costa Rica,29,1992,3,269,90,99.6,3.0,3,90,2,0,,0,1.00,3,11,-8,-2.68,-2.68,1.4,10.1,-8.7,-2.91,-2.91,Matches
118,João Cancelo,DF,pt Portugal,28,1994,4,310,78,68.9,3.4,3,90,3,1,40,1,1.50,6,4,+2,+0.58,-1.99,5.3,4.5,+0.8,+0.22,-0.11,Matches
119,Agustín Canobbio,MF,uy Uruguay,23,1998,1,11,11,4.1,0.1,0,,0,1,11,2,3.00,0,0,0,0.00,0.00,0.2,0.6,-0.4,-3.14,-3.32,Matches
120,Yannick Carrasco,"FW,DF",be Belgium,28,1993,2,116,58,43.0,1.3,2,58,0,0,,1,2.00,1,0,+1,+0.78,+1.94,2.4,2.5,-0.1,-0.06,-0.20,Matches
121,Cameron Carter-Vickers,DF,us United States,24,1997,1,90,90,25.0,1.0,1,90,1,0,,3,3.00,1,0,+1,+1.00,+1.67,1.2,0.4,+0.7,+0.75,+1.10,Matches
122,Dani Carvajal,DF,es Spain,30,1992,2,135,68,34.6,1.5,1,90,1,1,45,2,0.50,1,3,-2,-1.33,-4.16,0.9,2.6,-1.7,-1.12,-2.68,Matches
123,William Carvalho,MF,pt Portugal,30,1992,4,215,54,47.8,2.4,2,86,1,2,22,1,2.25,10,4,+6,+2.51,+2.51,4.0,4.0,-0.1,-0.02,-0.53,Matches
124,Casemiro,MF,br Brazil,30,1992,4,390,98,81.3,4.3,4,98,4,0,,1,2.50,8,2,+6,+1.38,+2.38,9.5,1.6,+7.9,+1.98,+0.49,Matches
125,Matty Cash,DF,pl Poland,24,1997,4,360,90,100.0,4.0,4,90,4,0,,0,1.00,3,5,-2,-0.50,,4.5,7.3,-2.7,-0.69,,Matches
126,Timothy Castagne,DF,be Belgium,26,1995,3,270,90,100.0,3.0,3,90,3,0,,0,1.33,1,2,-1,-0.33,,4.7,4.6,+0.2,+0.05,,Matches
127,Koen Casteels,GK,be Belgium,29,1992,0,,,,,0,,0,0,,3,,,,,,,,,,,,Matches
128,Jean-Charles Castelletto,DF,cm Cameroon,27,1995,2,180,90,66.7,2.0,2,90,2,0,,0,0.50,3,4,-1,-0.50,-1.50,3.0,3.3,-0.4,-0.18,+1.80,Matches
129,Lucas Cavallini,FW,ca Canada,29,1992,1,19,19,7.0,0.2,0,,0,1,19,2,0.00,0,1,-1,-4.74,-3.30,0.1,1.0,-0.9,-4.26,-4.71,Matches
130,Edinson Cavani,FW,uy Uruguay,35,1987,3,124,41,45.9,1.4,1,72,0,2,26,0,1.33,0,1,-1,-0.73,-1.34,1.3,1.1,+0.2,+0.15,+0.19,Matches
131,Ghaylène Chaalali,MF,tn Tunisia,28,1994,1,17,17,6.3,0.2,0,,0,1,17,2,3.00,0,0,0,0.00,0.00,0.0,0.6,-0.6,-3.19,-3.22,Matches
132,Daniel Chacón,MF,cr Costa Rica,21,2001,1,1,1,0.4,0.0,0,,0,1,1,2,3.00,0,0,0,0.00,+2.68,0.0,0.0,0.0,0.00,+2.91,Matches
133,Ilias Chair,MF,ma Morocco,24,1997,1,45,45,6.8,0.5,0,,0,1,45,6,0.00,0,0,0,0.00,-0.15,0.4,0.3,+0.1,+0.16,+0.29,Matches
134,Kwon Chang-hoon,"FW,MF",kr Korea Republic,27,1994,1,56,56,15.6,0.6,1,56,0,0,,3,0.00,0,2,-2,-3.21,-2.92,0.5,1.3,-0.8,-1.25,-0.73,Matches
135,Luis Chávez,MF,mx Mexico,26,1996,3,270,90,100.0,3.0,3,90,3,0,,0,1.33,2,3,-1,-0.33,,3.3,2.4,+0.9,+0.30,,Matches
136,Walid Cheddira,FW,ma Morocco,24,1998,2,64,32,9.7,0.7,0,,0,2,32,4,2.00,0,0,0,0.00,-0.15,0.5,0.9,-0.4,-1.12,-1.06,Matches
137,Roozbeh Cheshmi,"DF,MF",ir IR Iran,28,1993,2,58,29,21.5,0.6,1,45,0,1,13,1,1.50,2,3,-1,-1.55,-0.70,0.6,1.1,-0.4,-0.63,-0.41,Matches
138,Andreas Christensen,DF,dk Denmark,26,1996,3,270,90,100.0,3.0,3,90,3,0,,0,0.33,1,3,-2,-0.67,,2.7,3.9,-1.2,-0.39,,Matches
139,Oliver Christensen,GK,dk Denmark,23,1999,0,,,,,0,,0,0,,3,,,,,,,,,,,,Matches
140,Hong Chul,DF,kr Korea Republic,31,1990,1,45,45,12.5,0.5,0,,0,1,45,3,0.00,1,0,+1,+2.00,+3.14,0.3,0.8,-0.5,-1.06,-0.49,Matches
141,José Cifuentes,MF,ec Ecuador,23,1999,2,59,30,21.9,0.7,0,,0,2,30,1,1.50,1,1,0,0.00,-0.43,0.8,0.6,+0.3,+0.39,-0.01,Matches
142,Pathé Ciss,MF,sn Senegal,28,1994,3,146,49,40.6,1.6,2,60,0,1,27,1,2.00,3,4,-1,-0.62,-0.20,2.8,2.0,+0.8,+0.48,+0.38,Matches
143,Conor Coady,"DF,MF",eng England,29,1993,0,,,,,0,,0,0,,5,,,,,,,,,,,,Matches
144,Sebastián Coates,DF,uy Uruguay,31,1990,2,180,90,66.7,2.0,2,90,2,0,,1,1.50,2,2,0,0.00,0.00,3.1,2.9,+0.2,+0.10,+0.14,Matches
145,Rubin Colwill,MF,wls Wales,20,2002,1,10,10,3.7,0.1,0,,0,1,10,2,0.00,0,0,0,0.00,+1.73,0.2,0.3,-0.1,-1.24,-0.64,Matches
146,Kingsley Coman,"FW,MF",fr France,26,1996,6,169,28,25.6,1.9,1,62,0,5,21,1,2.17,5,3,+2,+1.07,-0.03,3.8,4.1,-0.3,-0.16,-0.87,Matches
147,Eray Cömert,DF,ch Switzerland,24,1998,2,46,23,12.8,0.5,0,,0,2,23,2,1.50,1,4,-3,-5.87,-5.58,1.0,1.3,-0.2,-0.46,-0.61,Matches
148,Anthony Contreras,"FW,MF",cr Costa Rica,22,2000,3,125,42,46.3,1.4,2,62,0,1,1,0,1.00,0,4,-4,-2.88,-0.40,0.0,3.7,-3.6,-2.61,+0.53,Matches
149,Andreas Cornelius,FW,dk Denmark,29,1993,3,92,31,34.1,1.0,1,45,0,2,24,0,0.33,0,0,0,0.00,+1.01,1.3,1.0,+0.3,+0.33,+1.10,Matches
150,Derek Cornelius,"DF,FW",ca Canada,24,1997,0,,,,,0,,0,0,,3,,,,,,,,,,,,Matches
151,Ángel Correa,MF,ar Argentina,27,1995,1,5,5,0.7,0.1,0,,0,1,5,6,3.00,0,0,0,0.00,-0.92,0.0,0.1,-0.1,-1.78,-3.16,Matches
152,Diogo Costa,GK,pt Portugal,22,1999,5,450,90,100.0,5.0,5,90,5,0,,0,1.80,12,6,+6,+1.20,,7.8,6.5,+1.3,+0.25,,Matches
153,Rodolfo Cota,GK,mx Mexico,34,1987,0,,,,,0,,0,0,,3,,,,,,,,,,,,Matches
154,Thibaut Courtois,GK,be Belgium,30,1992,3,270,90,100.0,3.0,3,90,3,0,,0,1.33,1,2,-1,-0.33,,4.7,4.6,+0.2,+0.05,,Matches
155,Jason Cummings,FW,au Australia,26,1995,1,35,35,9.7,0.4,0,,0,1,35,3,0.00,0,2,-2,-5.14,-5.14,0.0,1.6,-1.6,-4.22,-3.31,Matches
156,Aimen Dahmen,GK,tn Tunisia,25,1997,3,270,90,100.0,3.0,3,90,3,0,,0,1.33,1,1,0,0.00,,2.3,2.8,-0.5,-0.17,,Matches
157,Diogo Dalot,DF,pt Portugal,23,1999,3,258,86,57.3,2.9,3,86,2,0,,2,1.00,7,4,+3,+1.05,-0.36,4.2,3.8,+0.5,+0.16,-0.21,Matches
158,Mikkel Damsgaard,"MF,FW",dk Denmark,21,2000,3,150,50,55.6,1.7,1,72,0,2,39,0,0.33,1,2,-1,-0.60,+0.15,2.0,1.7,+0.3,+0.16,+1.25,Matches
159,Danilo,DF,br Brazil,30,1991,3,281,94,58.5,3.1,3,94,2,0,,0,2.33,7,1,+6,+1.92,+2.37,8.2,1.2,+7.0,+2.52,+1.39,Matches
160,Achraf Dari,DF,ma Morocco,23,1999,3,187,62,28.3,2.1,2,77,1,1,34,4,1.00,1,4,-3,-1.44,-2.20,2.3,3.1,-0.8,-0.37,-0.37,Matches
161,Jonathan David,"FW,MF",ca Canada,22,2000,3,192,64,71.1,2.1,2,81,1,1,31,0,0.00,1,4,-3,-1.41,+0.90,3.6,2.4,+1.2,+0.56,+1.54,Matches
162,Adam Davies,GK,wls Wales,29,1992,0,,,,,0,,0,0,,3,,,,,,,,,,,,Matches
163,Alphonso Davies,"MF,DF",ca Canada,21,2000,3,270,90,100.0,3.0,3,90,3,0,,0,0.00,2,7,-5,-1.67,,4.2,3.9,+0.3,+0.11,,Matches
164,Ben Davies,DF,wls Wales,29,1993,3,238,79,88.1,2.6,3,79,2,0,,0,0.33,1,5,-4,-1.51,+1.30,2.5,3.4,-0.9,-0.34,+2.41,Matches
165,Nasser Al-Dawsari,FW,sa Saudi Arabia,23,1998,1,5,5,1.9,0.1,0,,0,1,5,2,0.00,0,0,0,0.00,+0.68,0.1,0.2,-0.1,-2.08,-1.09,Matches
166,Salem Al-Dawsari,MF,sa Saudi Arabia,30,1991,3,270,90,100.0,3.0,3,90,3,0,,0,1.00,3,5,-2,-0.67,,3.0,6.0,-3.0,-1.01,,Matches
167,Giorgian De Arrascaeta,MF,uy Uruguay,28,1994,2,108,54,40.0,1.2,1,79,0,1,29,1,1.50,2,1,+1,+0.83,+1.39,2.2,2.0,+0.2,+0.13,+0.13,Matches
168,Kevin De Bruyne,"FW,MF",be Belgium,30,1991,3,270,90,100.0,3.0,3,90,3,0,,0,1.33,1,2,-1,-0.33,,4.7,4.6,+0.2,+0.05,,Matches
169,Charles De Ketelaere,FW,be Belgium,21,2001,1,16,16,5.9,0.2,0,,0,1,16,2,0.00,0,1,-1,-5.63,-5.63,0.0,0.4,-0.4,-2.40,-2.60,Matches
170,Nicolás De La Cruz,MF,uy Uruguay,25,1997,2,38,19,14.1,0.4,0,,0,2,19,1,2.00,0,0,0,0.00,0.00,0.4,0.7,-0.3,-0.74,-0.91,Matches
171,Rodrigo De Paul,MF,ar Argentina,28,1994,7,599,86,86.8,6.7,7,86,4,0,,0,2.00,13,5,+8,+1.20,+2.19,12.2,3.0,+9.3,+1.40,+0.28,Matches
172,Zeno Debast,DF,be Belgium,18,2003,0,,,,,0,,0,0,,3,,,,,,,,,,,,Matches
173,Miloš Degenek,DF,au Australia,28,1994,4,183,46,50.8,2.0,2,81,1,2,11,0,1.50,1,2,-1,-0.49,+0.02,0.7,2.0,-1.3,-0.65,+1.18,Matches
174,Thomas Delaney,MF,dk Denmark,30,1991,1,44,44,16.3,0.5,1,44,0,0,,0,1.00,0,0,0,0.00,+0.80,0.2,0.7,-0.5,-1.10,-0.85,Matches
175,Ousmane Dembélé,FW,fr France,25,1997,7,433,62,65.6,4.8,6,70,0,1,12,0,2.29,10,5,+5,+1.04,-0.15,9.2,5.0,+4.1,+0.86,+0.96,Matches
176,Leander Dendoncker,"DF,MF",be Belgium,27,1995,2,161,81,59.6,1.8,2,81,1,0,,1,2.00,1,0,+1,+0.56,+2.21,2.7,3.1,-0.3,-0.19,-0.61,Matches
177,Thomas Deng,DF,au Australia,25,1997,0,,,,,0,,0,0,,4,,,,,,,,,,,,Matches
178,Sergiño Dest,DF,us United States,21,2000,4,305,76,84.7,3.4,4,76,0,0,,0,1.25,2,2,0,0.00,+1.64,3.4,2.2,+1.2,+0.34,+2.71,Matches
179,Cameron Devlin,MF,au Australia,24,1998,0,,,,,0,,0,0,,4,,,,,,,,,,,,Matches
180,Ángel Di María,"MF,FW",ar Argentina,34,1988,5,288,58,41.7,3.2,4,70,1,1,9,2,1.60,5,2,+3,+0.94,+0.04,6.6,0.8,+5.8,+1.88,+0.87,Matches
181,Boulaye Dia,FW,sn Senegal,25,1996,4,318,80,88.3,3.5,4,80,1,0,,0,1.50,5,5,0,0.00,+4.29,3.8,3.0,+0.8,+0.22,-0.30,Matches
182,Abdou Diallo,DF,sn Senegal,26,1996,4,331,83,91.9,3.7,4,83,3,0,,0,1.50,5,5,0,0.00,+6.21,4.0,3.2,+0.8,+0.21,-0.59,Matches
183,Rúben Dias,DF,pt Portugal,25,1997,4,360,90,80.0,4.0,4,90,4,0,,1,2.25,11,4,+7,+1.75,+2.75,6.5,4.8,+1.7,+0.42,+0.84,Matches
184,Krépin Diatta,"FW,MF",sn Senegal,23,1999,3,181,60,50.3,2.0,3,60,0,0,,1,1.00,2,2,0,0.00,+1.01,1.4,1.3,+0.1,+0.05,-0.41,Matches
185,Famara Diedhiou,FW,sn Senegal,29,1992,2,92,46,25.6,1.0,1,73,0,1,19,2,1.50,2,0,+2,+1.96,+3.30,0.8,0.9,-0.1,-0.13,-0.52,Matches
186,Bamba Dieng,FW,sn Senegal,22,2000,4,100,25,27.8,1.1,0,,0,4,25,0,1.50,1,4,-3,-2.70,-3.05,1.2,1.1,0.0,+0.04,-0.30,Matches
187,Seny Dieng,GK,sn Senegal,27,1994,0,,,,,0,,0,0,,4,,,,,,,,,,,,Matches
188,Eric Dier,DF,eng England,28,1994,2,36,18,8.0,0.4,0,,0,2,18,3,3.00,2,1,+1,+2.50,+0.76,1.3,1.2,0.0,+0.09,-0.91,Matches
189,Axel Disasi,DF,fr France,24,1998,3,92,31,13.9,1.0,1,90,1,2,1,4,1.33,0,2,-2,-1.96,-3.54,1.1,1.7,-0.6,-0.60,-1.31,Matches
190,Alexander Djiku,"DF,FW",gh Ghana,27,1994,2,97,49,35.9,1.1,1,89,0,1,8,1,1.50,2,3,-1,-0.93,-0.41,0.9,2.4,-1.4,-1.33,-1.33,Matches
191,Marko Dmitrović,GK,rs Serbia,30,1992,0,,,,,0,,0,0,,3,,,,,,,,,,,,Matches
192,Ritsu Doan,FW,jp Japan,23,1998,4,217,54,55.6,2.4,2,76,0,2,33,0,1.75,5,1,+4,+1.66,+3.22,3.9,2.0,+1.9,+0.78,+2.11,Matches
193,Jeremy Doku,"MF,FW",be Belgium,20,2002,1,19,19,7.0,0.2,0,,0,1,19,2,1.00,0,0,0,0.00,+0.36,1.0,0.0,+1.0,+4.88,+5.19,Matches
194,Kasper Dolberg,FW,dk Denmark,24,1997,3,114,38,42.2,1.3,1,64,0,2,25,0,0.33,0,2,-2,-1.58,-1.58,0.8,2.1,-1.3,-1.04,-1.11,Matches
195,Alexander Domínguez,GK,ec Ecuador,35,1987,0,,,,,0,,0,0,,3,,,,,,,,,,,,Matches
196,Mohamed Dräger,DF,tn Tunisia,25,1996,2,132,66,48.9,1.5,2,66,0,0,,1,0.50,0,1,-1,-0.68,-1.33,1.2,1.7,-0.5,-0.32,-0.30,Matches
197,Óscar Duarte,DF,cr Costa Rica,33,1989,3,270,90,100.0,3.0,3,90,3,0,,0,1.00,3,11,-8,-2.67,,1.4,10.1,-8.7,-2.90,,Matches
198,Mitchell Duke,FW,au Australia,31,1991,4,270,68,75.0,3.0,4,68,0,0,,0,1.50,3,4,-1,-0.33,+0.67,1.7,4.0,-2.3,-0.77,+1.82,Matches
199,Denzel Dumfries,DF,nl Netherlands,26,1996,5,479,96,99.8,5.3,5,96,4,0,,0,2.20,10,4,+6,+1.13,+1.13,4.6,6.1,-1.5,-0.29,-0.29,Matches
200,Paulo Dybala,FW,ar Argentina,28,1993,2,18,9,2.6,0.2,0,,0,2,9,5,2.00,0,0,0,0.00,-0.94,0.4,0.4,0.0,+0.01,-1.39,Matches
201,Enzo Ebosse,DF,cm Cameroon,23,1999,1,90,90,33.3,1.0,1,90,1,0,,2,3.00,1,0,+1,+1.00,+1.50,0.5,2.5,-2.0,-1.99,-1.80,Matches
202,Ederson,GK,br Brazil,28,1993,1,90,90,18.8,1.0,1,90,1,0,,4,0.00,0,1,-1,-1.00,-2.38,2.5,0.5,+2.0,+1.99,+0.16,Matches
203,Jorge Eduardo Sánchez,DF,mx Mexico,24,1997,2,175,88,64.8,1.9,2,88,1,0,,1,2.00,2,0,+2,+1.03,+3.87,2.9,1.4,+1.4,+0.74,+1.25,Matches
204,Nico Elvedi,DF,ch Switzerland,25,1996,2,180,90,50.0,2.0,2,90,2,0,,1,1.50,1,1,0,0.00,+2.00,1.7,1.8,0.0,-0.01,-0.18,Matches
205,Breel Embolo,FW,ch Switzerland,25,1997,4,323,81,89.7,3.6,4,81,0,0,,0,1.50,5,7,-2,-0.56,+4.31,5.4,4.8,+0.6,+0.16,+0.79,Matches
206,Youssef En-Nesyri,FW,ma Morocco,25,1997,7,542,77,82.1,6.0,7,77,2,0,,0,1.57,4,4,0,0.00,-0.76,3.7,5.4,-1.7,-0.28,-0.94,Matches
207,Wataru Endo,MF,jp Japan,29,1993,4,304,76,77.9,3.4,3,100,3,1,4,0,1.75,3,3,0,0.00,-1.05,3.5,4.8,-1.3,-0.43,-0.92,Matches
208,Devis Epassy,GK,cm Cameroon,29,1993,2,180,90,66.7,2.0,2,90,2,0,,1,2.00,4,3,+1,+0.50,+1.50,2.7,4.3,-1.6,-0.82,-0.12,Matches
209,Strahinja Eraković,DF,rs Serbia,21,2001,0,,,,,0,,0,0,,3,,,,,,,,,,,,Matches
210,Christian Eriksen,MF,dk Denmark,30,1992,3,270,90,100.0,3.0,3,90,3,0,,0,0.33,1,3,-2,-0.67,,2.7,3.9,-1.2,-0.39,,Matches
211,Martin Erlic,DF,hr Croatia,24,1998,0,,,,,0,,0,0,,7,,,,,,,,,,,,Matches
212,Michael Estrada,FW,ec Ecuador,26,1996,3,225,75,83.3,2.5,3,75,0,0,,0,1.33,3,2,+1,+0.40,+0.40,2.9,2.0,+0.9,+0.36,-0.19,Matches
213,Pervis Estupiñán,DF,ec Ecuador,24,1998,3,270,90,100.0,3.0,3,90,3,0,,0,1.33,4,3,+1,+0.33,,3.7,2.6,+1.2,+0.39,,Matches
214,Stephen Eustáquio,MF,ca Canada,25,1996,2,125,63,46.3,1.4,2,63,0,0,,1,0.00,1,3,-2,-1.44,+0.42,2.4,1.4,+1.0,+0.71,+1.11,Matches
215,Saeid Ezatolahi,MF,ir IR Iran,25,1996,3,217,72,80.4,2.4,2,86,1,1,45,0,1.00,2,4,-2,-0.83,+0.87,2.6,3.1,-0.5,-0.22,+0.47,Matches
216,Abdessamad Ezzalzouli,"FW,MF",ma Morocco,20,2001,3,93,31,14.1,1.0,0,,0,3,31,4,0.67,0,1,-1,-0.97,-1.29,1.1,1.4,-0.3,-0.48,-0.41,Matches
217,Fabinho,MF,br Brazil,28,1993,1,90,90,18.8,1.0,1,90,1,0,,4,0.00,0,1,-1,-1.00,-2.38,2.5,0.5,+2.0,+1.99,+0.16,Matches
218,Wout Faes,DF,be Belgium,24,1998,0,,,,,0,,0,0,,3,,,,,,,,,,,,Matches
219,Collins Fai,DF,cm Cameroon,29,1992,3,270,90,100.0,3.0,3,90,3,0,,0,1.33,4,4,0,0.00,,3.4,5.8,-2.3,-0.78,,Matches
220,Salman Al-Faraj,MF,sa Saudi Arabia,32,1989,1,44,44,16.3,0.5,1,44,0,0,,0,3.00,0,1,-1,-2.05,-1.65,0.0,1.0,-1.0,-2.09,-1.29,Matches
221,Christian Fassnacht,FW,ch Switzerland,28,1993,1,8,8,2.2,0.1,0,,0,1,8,3,3.00,0,0,0,0.00,+1.02,0.2,0.1,+0.1,+1.33,+1.28,Matches
222,Abdul Fatawu Issahaku,FW,gh Ghana,18,2004,1,1,1,0.4,0.0,0,,0,1,1,2,0.00,0,0,0,0.00,+0.67,0.0,0.0,0.0,-3.29,-2.82,Matches
223,Ansu Fati,FW,es Spain,19,2002,2,46,23,11.8,0.5,0,,0,2,23,2,0.50,0,0,0,0.00,-1.57,0.6,0.7,0.0,-0.01,-0.68,Matches
224,João Félix,FW,pt Portugal,22,1999,4,331,83,73.6,3.7,4,83,1,0,,1,2.25,9,3,+6,+1.63,+1.63,5.4,4.2,+1.1,+0.31,+0.21,Matches
225,Bruno Fernandes,"FW,MF",pt Portugal,27,1994,4,356,89,79.1,4.0,4,89,3,0,,1,2.25,10,4,+6,+1.52,+1.52,6.5,4.8,+1.6,+0.41,+0.76,Matches
226,Edimilson Fernandes,"FW,DF",ch Switzerland,26,1996,3,145,48,40.3,1.6,1,90,1,2,28,1,1.00,1,7,-6,-3.72,-4.56,1.6,2.9,-1.3,-0.80,-1.47,Matches
227,Enzo Fernández,MF,ar Argentina,21,2001,7,564,81,81.7,6.3,5,100,4,2,33,0,2.00,14,6,+8,+1.28,+1.99,13.4,4.2,+9.2,+1.64,+1.03,Matches
228,Jesús Ferreira,FW,us United States,21,2000,1,45,45,12.5,0.5,1,45,0,0,,3,0.00,0,2,-2,-4.00,-4.29,0.5,0.4,+0.1,+0.16,+0.27,Matches
229,Phil Foden,"FW,MF",eng England,22,2000,4,258,65,57.3,2.9,3,79,1,1,20,1,2.25,9,3,+6,+2.09,+0.69,6.6,2.8,+3.8,+1.32,+0.93,Matches
230,Youssouf Fofana,MF,fr France,23,1999,6,227,38,34.4,2.5,2,81,1,4,16,1,2.17,5,3,+2,+0.79,-0.45,4.0,3.8,+0.1,+0.06,-0.67,Matches
231,Juan Foyth,DF,ar Argentina,24,1998,1,5,5,0.7,0.1,0,,0,1,5,6,3.00,0,0,0,0.00,-0.92,0.0,0.1,-0.1,-1.78,-3.16,Matches
232,Alan Franco,MF,ec Ecuador,23,1998,2,46,23,17.0,0.5,1,45,0,1,1,1,1.50,0,1,-1,-1.96,-2.76,0.1,1.6,-1.4,-2.79,-3.83,Matches
233,Przemysław Frankowski,MF,pl Poland,27,1995,4,240,60,66.7,2.7,3,74,1,1,19,0,1.00,2,2,0,0.00,+1.50,2.7,4.9,-2.2,-0.84,-0.46,Matches
234,Liam Fraser,MF,ca Canada,24,1998,0,,,,,0,,0,0,,3,,,,,,,,,,,,Matches
235,Fred,MF,br Brazil,29,1993,4,142,36,29.6,1.6,2,56,0,2,16,1,1.75,0,1,-1,-0.63,-2.23,2.1,0.6,+1.5,+1.05,-1.10,Matches
236,Fabian Frei,MF,ch Switzerland,33,1989,2,25,13,6.9,0.3,0,,0,2,13,2,1.50,0,0,0,0.00,+1.07,0.2,0.3,0.0,-0.13,-0.22,Matches
237,Remo Freuler,MF,ch Switzerland,30,1992,4,323,81,89.7,3.6,4,81,3,0,,0,1.50,4,6,-2,-0.56,+4.31,4.8,4.7,+0.1,+0.03,-0.44,Matches
238,Jeremie Frimpong,"DF,MF",nl Netherlands,21,2000,0,,,,,0,,0,0,,5,,,,,,,,,,,,Matches
239,Keysher Fuller,"DF,MF",cr Costa Rica,27,1994,3,253,84,93.7,2.8,3,84,2,0,,0,1.00,3,9,-6,-2.13,+8.45,1.4,7.4,-6.0,-2.14,+12.11,Matches
240,Niclas Füllkrug,FW,de Germany,29,1993,3,69,23,25.6,0.8,0,,0,3,23,0,1.33,4,3,+1,+1.30,+1.30,5.9,1.1,+4.8,+6.25,+5.42,Matches
241,Rogelio Funes Mori,FW,mx Mexico,31,1991,1,5,5,1.9,0.1,0,,0,1,5,2,3.00,0,1,-1,-18.00,-18.00,0.2,0.6,-0.5,-8.77,-9.24,Matches
242,Jassem Gaber,DF,qa Qatar,20,2002,0,,,,,0,,0,0,,3,,,,,,,,,,,,Matches
243,Cody Gakpo,"FW,MF",nl Netherlands,23,1999,5,450,90,93.8,5.0,5,90,0,0,,0,2.20,9,4,+5,+1.00,-2.00,4.4,5.5,-1.1,-0.22,+0.94,Matches
244,Hernán Galíndez,GK,ec Ecuador,35,1987,3,270,90,100.0,3.0,3,90,3,0,,0,1.33,4,3,+1,+0.33,,3.7,2.6,+1.2,+0.39,,Matches
245,Conor Gallagher,MF,eng England,22,2000,0,,,,,0,,0,0,,5,,,,,,,,,,,,Matches
246,Jesús Gallardo,DF,mx Mexico,27,1994,3,270,90,100.0,3.0,3,90,3,0,,0,1.33,2,3,-1,-0.33,,3.3,2.4,+0.9,+0.30,,Matches
247,Idrissa Gana Gueye,MF,sn Senegal,32,1989,3,270,90,75.0,3.0,3,90,3,0,,0,2.00,5,4,+1,+0.33,+3.33,3.8,2.5,+1.3,+0.43,+0.67,Matches
248,Eric García,DF,es Spain,21,2001,0,,,,,0,,0,0,,4,,,,,,,,,,,,Matches
249,Gavi,MF,es Spain,17,2004,4,284,71,72.8,3.2,4,71,1,0,,0,1.25,9,2,+7,+2.22,+3.07,5.1,1.6,+3.5,+1.11,+1.76,Matches
250,Sultan Al-Ghanam,"DF,MF",sa Saudi Arabia,28,1994,3,126,42,46.7,1.4,1,87,0,2,20,0,1.00,0,3,-3,-2.14,-2.77,0.8,3.4,-2.6,-1.88,-1.63,Matches
251,Nader Ghandri,DF,tn Tunisia,27,1995,1,90,90,33.3,1.0,1,90,1,0,,2,3.00,1,0,+1,+1.00,+1.50,0.5,0.8,-0.3,-0.30,-0.20,Matches
252,Saman Ghoddos,MF,ir IR Iran,28,1993,1,45,45,16.7,0.5,0,,0,1,45,2,0.00,0,0,0,0.00,+1.20,0.4,0.3,+0.1,+0.21,+0.63,Matches
253,Ali Gholizadeh,"MF,FW",ir IR Iran,26,1996,3,199,66,73.7,2.2,2,77,0,1,45,0,1.00,2,4,-2,-0.90,+0.36,2.3,3.0,-0.6,-0.29,+0.11,Matches
254,Matthias Ginter,DF,de Germany,28,1994,1,1,1,0.4,0.0,0,,0,1,1,2,3.00,0,0,0,0.00,-0.33,0.5,0.0,+0.5,+46.61,+44.55,Matches
255,Olivier Giroud,FW,fr France,35,1986,6,419,70,63.5,4.7,6,70,1,0,,1,2.67,10,4,+6,+1.29,+0.54,8.3,5.5,+2.8,+0.61,+0.23,Matches
256,Kamil Glik,DF,pl Poland,34,1988,4,360,90,100.0,4.0,4,90,4,0,,0,1.00,3,5,-2,-0.50,,4.5,7.3,-2.7,-0.69,,Matches
257,Serge Gnabry,"FW,MF",de Germany,26,1995,3,263,88,97.4,2.9,3,88,1,0,,0,1.33,6,5,+1,+0.34,+0.34,9.8,3.4,+6.4,+2.19,-1.25,Matches
258,Diego Godín,DF,uy Uruguay,36,1986,2,151,76,55.9,1.7,2,76,1,0,,1,0.50,0,1,-1,-0.60,-1.35,1.3,1.0,+0.4,+0.23,+0.40,Matches
259,Maxi Gómez,FW,uy Uruguay,25,1996,2,30,15,11.1,0.3,0,,0,2,15,1,1.50,0,1,-1,-3.00,-3.37,0.6,1.6,-0.9,-2.77,-3.17,Matches
260,Papu Gómez,"MF,FW",ar Argentina,34,1988,2,107,54,15.5,1.2,2,54,0,0,,4,1.50,2,2,0,0.00,-1.08,1.1,0.2,+0.9,+0.72,-0.76,Matches
261,Alfred Gomis,GK,sn Senegal,28,1993,0,,,,,0,,0,0,,4,,,,,,,,,,,,Matches
262,Shūichi Gonda,GK,jp Japan,33,1989,4,390,98,100.0,4.3,4,98,4,0,,0,1.75,5,4,+1,+0.23,,5.0,5.7,-0.7,-0.17,-0.17,Matches
263,Craig Goodwin,MF,au Australia,30,1991,4,234,59,65.0,2.6,3,67,0,1,33,0,1.50,3,4,-1,-0.38,+0.33,1.8,5.6,-3.8,-1.46,-0.65,Matches
264,Leon Goretzka,MF,de Germany,27,1995,3,159,53,58.9,1.8,2,68,1,1,24,0,1.33,2,3,-1,-0.57,-2.19,3.8,2.0,+1.7,+0.98,-3.01,Matches
265,Mario Götze,MF,de Germany,30,1992,2,36,18,13.3,0.4,0,,0,2,18,1,1.50,3,2,+1,+2.50,+2.50,3.9,0.6,+3.3,+8.37,+7.10,Matches
266,Kamil Grabara,GK,pl Poland,23,1999,0,,,,,0,,0,0,,4,,,,,,,,,,,,Matches
267,Ivo Grbić,GK,hr Croatia,26,1996,0,,,,,0,,0,0,,7,,,,,,,,,,,,Matches
268,Jack Grealish,FW,eng England,26,1995,5,86,17,19.1,1.0,0,,0,5,17,0,2.00,2,1,+1,+1.05,-0.93,2.5,1.4,+1.1,+1.16,+0.28,Matches
269,Antoine Griezmann,MF,fr France,31,1991,7,537,77,81.4,6.0,6,87,4,1,18,0,2.29,13,6,+7,+1.17,+0.44,11.5,7.8,+3.7,+0.61,+0.47,Matches
270,Kamil Grosicki,MF,pl Poland,34,1988,1,4,4,1.1,0.0,0,,0,1,4,3,0.00,1,1,0,0.00,+0.51,1.0,0.0,+0.9,+20.60,+21.53,Matches
271,Carlos Gruezo,MF,ec Ecuador,27,1995,1,45,45,16.7,0.5,1,45,0,0,,2,0.00,0,1,-1,-2.00,-2.80,0.1,1.6,-1.5,-2.97,-4.03,Matches
272,Marko Grujić,MF,rs Serbia,26,1996,1,13,13,4.8,0.1,0,,0,1,13,2,1.00,0,0,0,0.00,+1.05,0.1,0.1,+0.1,+0.62,+2.03,Matches
273,Andrés Guardado,MF,mx Mexico,35,1986,1,41,41,15.2,0.5,1,41,0,0,,2,0.00,0,0,0,0.00,+0.39,0.2,0.1,+0.1,+0.23,-0.08,Matches
274,Nemanja Gudelj,"MF,DF",rs Serbia,30,1991,2,92,46,34.1,1.0,1,56,0,1,36,1,0.00,0,0,0,0.00,+1.52,0.3,2.1,-1.9,-1.83,-0.79,Matches
275,Mattéo Guendouzi,"FW,MF",fr France,23,1999,1,78,78,11.8,0.9,1,78,0,0,,6,0.00,0,1,-1,-1.15,-2.55,0.2,0.5,-0.3,-0.35,-0.99,Matches
276,Raphaël Guerreiro,DF,pt Portugal,28,1993,4,279,70,62.0,3.1,3,77,2,1,49,1,2.25,11,4,+7,+2.26,+2.78,5.6,3.6,+2.1,+0.66,+1.07,Matches
277,Cho Guesung,FW,kr Korea Republic,24,1998,4,275,69,76.4,3.1,3,86,1,1,17,0,1.00,5,8,-3,-0.98,-0.98,4.0,6.4,-2.4,-0.79,-0.70,Matches
278,Pape Gueye,MF,sn Senegal,23,1999,3,153,51,42.5,1.7,1,90,1,2,32,1,1.00,2,4,-2,-1.18,-1.18,2.8,1.5,+1.3,+0.76,+0.87,Matches
279,Hugo Guillamón,"DF,MF",es Spain,22,2000,0,,,,,0,,0,0,,4,,,,,,,,,,,,Matches
280,Bruno Guimarães,MF,br Brazil,24,1997,2,69,35,14.4,0.8,0,,0,2,35,3,1.50,1,1,0,0.00,-1.09,1.8,0.3,+1.5,+1.92,+0.07,Matches
281,Robert Gumny,DF,pl Poland,24,1998,0,,,,,0,,0,0,,4,,,,,,,,,,,,Matches
282,İlkay Gündoğan,MF,de Germany,31,1990,3,189,63,70.0,2.1,3,63,0,0,,0,1.33,2,1,+1,+0.48,+0.48,3.6,1.3,+2.3,+1.10,-3.74,Matches
283,Chris Gunter,"DF,MF",wls Wales,32,1989,0,,,,,0,,0,0,,3,,,,,,,,,,,,Matches
284,Christian Günter,"DF,MF",de Germany,29,1993,0,,,,,0,,0,0,,3,,,,,,,,,,,,Matches
285,Erick Gutiérrez,MF,mx Mexico,26,1995,1,49,49,18.1,0.5,0,,0,1,49,2,0.00,0,2,-2,-3.67,-4.08,0.1,0.2,-0.2,-0.29,-0.72,Matches
286,Joško Gvardiol,DF,hr Croatia,20,2002,7,690,99,100.0,7.7,7,99,7,0,,0,1.43,8,7,+1,+0.13,,7.0,11.0,-4.0,-0.58,-0.58,Matches
287,Naif Al-Hadhrami,MF,qa Qatar,20,2001,0,,,,,0,,0,0,,3,,,,,,,,,,,,Matches
288,Asiri Haitham,FW,sa Saudi Arabia,21,2001,1,2,2,0.7,0.0,0,,0,1,2,2,3.00,0,0,0,0.00,+0.67,0.0,0.1,-0.1,-3.19,-2.19,Matches
289,Salem Al-Hajri,MF,qa Qatar,26,1996,0,,,,,0,,0,0,,3,,,,,,,,,,,,Matches
290,Ehsan Hajsafi,"MF,DF",ir IR Iran,32,1990,3,237,79,87.8,2.6,3,79,1,0,,0,1.00,2,7,-5,-1.90,-7.35,2.5,3.8,-1.3,-0.49,-1.46,Matches
291,Achraf Hakimi,DF,ma Morocco,23,1998,7,631,90,95.6,7.0,7,90,5,0,,0,1.57,4,5,-1,-0.14,-6.35,5.3,7.4,-2.1,-0.31,-2.21,Matches
292,Abderrazak Hamdallah,FW,ma Morocco,31,1990,4,68,17,10.3,0.8,0,,0,4,17,3,1.75,2,1,+1,+1.32,+1.32,1.9,1.0,+0.9,+1.16,+1.42,Matches
293,Mark Harris,FW,wls Wales,23,1998,0,,,,,0,,0,0,,3,,,,,,,,,,,,Matches
294,Abdelkarim Hassan,DF,qa Qatar,28,1993,3,270,90,100.0,3.0,3,90,3,0,,0,0.00,1,7,-6,-2.00,,1.4,3.5,-2.1,-0.71,,Matches
295,Ali Al Hassan,MF,sa Saudi Arabia,25,1997,1,45,45,16.7,0.5,1,45,0,0,,2,0.00,0,0,0,0.00,+0.80,0.2,1.0,-0.8,-1.56,-0.66,Matches
296,Yousef Hassan,GK,qa Qatar,26,1996,0,,,,,0,,0,0,,3,,,,,,,,,,,,Matches
297,Mouez Hassen,GK,tn Tunisia,27,1995,0,,,,,0,,0,0,,3,,,,,,,,,,,,Matches
298,Abdulaziz Hatem,MF,qa Qatar,31,1990,3,196,65,72.6,2.2,2,87,1,1,22,0,0.00,1,5,-4,-1.84,+0.60,0.7,3.0,-2.4,-1.08,-1.36,Matches
299,Kai Havertz,FW,de Germany,23,1999,2,102,51,37.8,1.1,1,78,0,1,24,1,1.50,4,2,+2,+1.76,+2.30,6.0,1.9,+4.1,+3.59,+2.22,Matches
300,Hassan Al-Haydos,MF,qa Qatar,31,1990,3,206,69,76.3,2.3,3,69,0,0,,0,0.00,0,6,-6,-2.62,-2.62,1.1,3.2,-2.1,-0.94,-0.96,Matches
301,Eden Hazard,MF,be Belgium,31,1991,3,124,41,45.9,1.4,2,60,0,1,4,0,1.33,1,0,+1,+0.73,+1.96,1.7,2.2,-0.5,-0.36,-0.77,Matches
302,Thorgan Hazard,FW,be Belgium,29,1993,2,106,53,39.3,1.2,1,74,0,1,32,1,0.50,0,1,-1,-0.85,-0.85,2.9,1.2,+1.7,+1.45,+2.31,Matches
303,Hwang Hee-chan,"MF,FW",kr Korea Republic,26,1996,2,115,58,31.9,1.3,1,90,1,1,25,2,1.50,2,4,-2,-1.57,-1.20,1.4,3.7,-2.3,-1.78,-1.70,Matches
304,Jordan Henderson,MF,eng England,31,1990,4,271,68,60.2,3.0,3,83,1,1,22,1,1.75,7,2,+5,+1.66,-0.35,5.0,1.8,+3.1,+1.04,+0.29,Matches
305,Wayne Hennessey,GK,wls Wales,35,1987,2,175,88,64.8,1.9,2,88,1,0,,0,0.50,1,1,0,0.00,+4.74,2.3,1.7,+0.6,+0.30,+2.62,Matches
306,Anthony Hernández,FW,cr Costa Rica,20,2001,0,,,,,0,,0,0,,3,,,,,,,,,,,,Matches
307,Lucas Hernández,DF,fr France,26,1996,1,12,12,1.8,0.1,1,12,0,0,,0,3.00,0,1,-1,-7.50,-8.75,0.0,0.3,-0.3,-2.15,-2.72,Matches
308,Theo Hernández,DF,fr France,24,1997,6,508,85,77.0,5.6,5,86,4,1,78,1,2.67,13,5,+8,+1.42,+1.42,10.9,7.5,+3.3,+0.59,+0.27,Matches
309,Héctor Herrera,MF,mx Mexico,32,1990,2,160,80,59.3,1.8,2,80,1,0,,1,0.50,0,2,-2,-1.13,-1.94,0.9,1.2,-0.2,-0.14,-1.07,Matches
310,Son Heung-min,"FW,MF",kr Korea Republic,29,1992,4,360,90,100.0,4.0,4,90,4,0,,0,1.00,5,8,-3,-0.75,,4.6,7.1,-2.5,-0.63,,Matches
311,Piero Hincapié,DF,ec Ecuador,20,2002,3,270,90,100.0,3.0,3,90,3,0,,0,1.33,4,3,+1,+0.33,,3.7,2.6,+1.2,+0.39,,Matches
312,Jonas Hofmann,FW,de Germany,29,1992,2,30,15,11.1,0.3,0,,0,2,15,1,0.50,0,2,-2,-6.00,-7.12,1.1,1.1,0.0,-0.06,-2.56,Matches
313,Junior Hoilett,"FW,MF",ca Canada,32,1990,3,161,54,59.6,1.8,2,66,0,1,29,0,0.00,1,5,-4,-2.24,-1.41,3.5,2.5,+1.0,+0.57,+1.13,Matches
314,Martin Hongla,MF,cm Cameroon,24,1998,2,121,61,44.8,1.3,2,61,0,0,,0,0.50,1,4,-3,-2.23,-4.04,1.9,2.6,-0.7,-0.51,+0.50,Matches
315,Ricardo Horta,FW,pt Portugal,27,1994,3,119,40,26.4,1.3,1,90,1,2,15,2,1.00,2,2,0,0.00,-1.63,1.6,2.4,-0.8,-0.58,-1.13,Matches
316,Ethan Horvath,GK,us United States,27,1995,0,,,,,0,,0,0,,4,,,,,,,,,,,,Matches
317,Hossein Hosseini,GK,ir IR Iran,29,1992,2,161,81,59.6,1.8,1,90,1,1,71,1,1.50,4,6,-2,-1.12,-0.29,2.8,2.9,-0.1,-0.05,+0.66,Matches
318,Majid Hosseini,DF,ir IR Iran,25,1996,3,270,90,100.0,3.0,3,90,3,0,,0,1.00,4,7,-3,-1.00,,3.2,4.2,-0.9,-0.32,,Matches
319,Ajdin Hrustic,"MF,FW",au Australia,25,1996,3,62,21,17.2,0.7,0,,0,3,21,1,2.00,1,0,+1,+1.45,+2.36,0.6,1.6,-1.0,-1.44,-0.25,Matches
320,Atiba Hutchinson,MF,ca Canada,39,1983,3,159,53,58.9,1.8,2,64,0,1,31,0,0.00,1,4,-3,-1.70,-0.08,3.2,2.1,+1.1,+0.60,+1.21,Matches
321,Cho Hyun-woo,GK,kr Korea Republic,30,1991,0,,,,,0,,0,0,,4,,,,,,,,,,,,Matches
322,Pierre Højbjerg,MF,dk Denmark,26,1995,3,270,90,100.0,3.0,3,90,3,0,,0,0.33,1,3,-2,-0.67,,2.7,3.9,-1.2,-0.39,,Matches
323,Romario Ibarra,MF,ec Ecuador,27,1994,2,68,34,25.2,0.8,1,67,0,1,1,1,2.00,2,0,+2,+2.65,+3.09,1.2,0.3,+0.9,+1.21,+1.10,Matches
324,Danlad Ibrahim,GK,gh Ghana,19,2002,0,,,,,0,,0,0,,3,,,,,,,,,,,,Matches
325,Bilel Ifa,DF,tn Tunisia,32,1990,0,,,,,0,,0,0,,3,,,,,,,,,,,,Matches
326,Ivan Ilić,MF,rs Serbia,21,2001,1,34,34,12.6,0.4,0,,0,1,34,2,0.00,0,2,-2,-5.29,-4.91,0.2,1.4,-1.2,-3.18,-2.13,Matches
327,Hwang In-beom,MF,kr Korea Republic,25,1996,4,334,84,92.8,3.7,4,84,3,0,,0,1.00,4,8,-4,-1.08,-4.54,4.4,6.8,-2.4,-0.66,-0.36,Matches
328,Jackson Irvine,"MF,FW",au Australia,29,1993,4,354,89,98.3,3.9,4,89,3,0,,0,1.50,4,6,-2,-0.51,-0.51,2.3,6.9,-4.6,-1.17,+3.76,Matches
329,Ko Itakura,DF,jp Japan,25,1997,3,270,90,69.2,3.0,3,90,3,0,,0,2.00,4,3,+1,+0.33,+0.33,3.8,4.2,-0.4,-0.14,+0.04,Matches
330,Hiroki Ito,DF,jp Japan,23,1999,1,45,45,11.5,0.5,0,,0,1,45,3,0.00,0,1,-1,-2.00,-2.52,0.8,0.1,+0.8,+1.55,+1.93,Matches
331,Junya Ito,"MF,FW",jp Japan,29,1993,4,324,81,83.1,3.6,3,100,3,1,24,0,1.75,5,4,+1,+0.28,+0.28,4.5,5.6,-1.1,-0.34,-0.75,Matches
332,Ivica Ivušić,GK,hr Croatia,27,1995,0,,,,,0,,0,0,,7,,,,,,,,,,,,Matches
333,Yahya Jabrane,MF,ma Morocco,30,1991,2,15,8,2.3,0.2,0,,0,2,8,5,3.00,0,0,0,0.00,-0.14,,,,,,Matches
334,Nicolas Jackson,FW,sn Senegal,20,2001,1,17,17,4.7,0.2,0,,0,1,17,3,0.00,0,2,-2,-10.59,-10.59,0.4,0.3,+0.1,+0.33,+0.08,Matches
335,Lee Jae-sung,"MF,FW",kr Korea Republic,29,1992,3,211,70,58.6,2.3,3,70,0,0,,1,1.33,1,5,-4,-1.71,-2.31,1.7,4.9,-3.2,-1.36,-1.77,Matches
336,Alireza Jahanbakhsh,MF,ir IR Iran,28,1993,2,59,30,21.9,0.7,1,45,0,1,14,0,1.50,2,3,-1,-1.53,-0.67,0.6,1.1,-0.4,-0.62,-0.39,Matches
337,Kristijan Jakić,FW,hr Croatia,25,1997,1,1,1,0.1,0.0,0,,0,1,1,6,3.00,0,0,0,0.00,-0.13,0.0,0.0,0.0,-4.49,-3.97,Matches
338,Ismail Jakobs,DF,sn Senegal,22,1999,4,278,70,77.2,3.1,3,83,1,1,29,0,1.50,4,6,-2,-0.65,-0.65,3.9,2.7,+1.2,+0.38,+0.52,Matches
339,Abolfazl Jalali,DF,ir IR Iran,23,1998,1,19,19,7.0,0.2,0,,0,1,19,2,0.00,0,0,0,0.00,+1.08,0.2,0.1,+0.1,+0.43,+0.81,Matches
340,Daniel James,"FW,MF",wls Wales,24,1997,3,154,51,57.0,1.7,2,61,0,1,33,0,0.33,0,6,-6,-3.51,-4.28,0.6,2.8,-2.2,-1.29,-1.55,Matches
341,Vincent Janssen,FW,nl Netherlands,27,1994,2,86,43,17.9,1.0,1,61,0,1,25,3,3.00,0,0,0,0.00,-1.37,0.4,0.4,0.0,+0.02,+0.36,Matches
342,Ardon Jasari,FW,ch Switzerland,19,2002,1,2,2,0.6,0.0,0,,0,1,2,3,0.00,0,1,-1,-45.00,-44.25,0.0,0.1,-0.1,-2.59,-2.69,Matches
343,Seifeddine Jaziri,FW,tn Tunisia,29,1993,0,,,,,0,,0,0,,3,,,,,,,,,,,,Matches
344,Issam Jebali,FW,tn Tunisia,30,1991,3,182,61,67.4,2.0,2,76,0,1,31,0,1.33,0,1,-1,-0.49,-1.52,1.4,2.4,-1.0,-0.49,-1.00,Matches
345,Artur Jędrzejczyk,DF,pl Poland,34,1987,1,19,19,5.3,0.2,0,,0,1,19,3,0.00,0,0,0,0.00,+0.53,0.0,0.7,-0.7,-3.31,-2.77,Matches
346,Mathias Jensen,MF,dk Denmark,26,1996,2,84,42,31.1,0.9,1,58,0,1,26,1,0.50,0,0,0,0.00,+0.97,1.4,0.4,+1.0,+1.10,+2.16,Matches
347,Gabriel Jesus,FW,br Brazil,25,1997,3,93,31,19.4,1.0,1,63,0,2,15,0,2.00,1,0,+1,+0.97,+0.04,1.8,0.3,+1.5,+1.49,-0.46,Matches
348,Raúl Jiménez,FW,mx Mexico,31,1991,3,59,20,21.9,0.7,0,,0,3,20,0,1.33,0,2,-2,-3.05,-3.48,0.5,0.9,-0.4,-0.65,-1.22,Matches
349,Kim Jin-su,DF,kr Korea Republic,30,1992,4,315,79,87.5,3.5,4,79,3,0,,0,1.00,4,8,-4,-1.14,-3.14,4.3,6.3,-2.0,-0.57,+0.49,Matches
350,Brennan Johnson,"FW,MF",wls Wales,21,2001,3,91,30,33.7,1.0,0,,0,3,30,0,0.33,1,5,-4,-3.96,-3.45,1.4,2.3,-0.9,-0.89,-0.40,Matches
351,Sean Johnson,GK,us United States,33,1989,0,,,,,0,,0,0,,4,,,,,,,,,,,,Matches
352,Alistair Johnston,DF,ca Canada,23,1998,3,270,90,100.0,3.0,3,90,3,0,,0,0.00,2,7,-5,-1.67,,4.2,3.9,+0.3,+0.11,,Matches
353,Frenkie de Jong,MF,nl Netherlands,25,1997,5,475,95,99.0,5.3,5,95,4,0,,0,2.20,10,4,+6,+1.14,+1.14,4.6,6.0,-1.5,-0.30,-0.31,Matches
354,Luuk de Jong,FW,nl Netherlands,31,1990,1,57,57,11.9,0.6,0,,0,1,57,4,1.00,2,1,+1,+1.58,+0.52,0.4,1.2,-0.8,-2.64,-2.51,Matches
355,Yoon Jong-gyu,"DF,MF",kr Korea Republic,24,1998,0,,,,,0,,0,0,,4,,,,,,,,,,,,Matches
356,Luka Jović,FW,rs Serbia,24,1997,1,36,36,13.3,0.4,0,,0,1,36,1,0.50,3,3,0,0.00,+1.15,0.2,1.1,-0.8,-2.10,-0.90,Matches
357,Son Jun-ho,"MF,DF",kr Korea Republic,30,1992,3,72,24,20.0,0.8,0,,0,3,24,1,1.33,2,0,+2,+2.50,+4.06,1.0,1.0,0.0,+0.04,+0.83,Matches
358,Vinicius Júnior,FW,br Brazil,21,2000,4,299,75,62.3,3.3,4,75,1,0,,1,2.50,7,0,+7,+2.11,+3.10,6.9,1.1,+5.7,+1.73,-0.35,Matches
359,Josip Juranović,DF,hr Croatia,26,1995,6,600,100,87.0,6.7,6,100,6,0,,1,1.17,6,6,0,0.00,-1.00,6.4,9.9,-3.5,-0.58,-0.26,Matches
360,Daichi Kamada,"FW,MF",jp Japan,25,1996,4,322,81,82.6,3.6,4,81,2,0,,0,1.75,5,4,+1,+0.28,+0.28,4.5,4.9,-0.4,-0.12,+0.18,Matches
361,Jakub Kamiński,MF,pl Poland,20,2002,4,233,58,64.7,2.6,2,80,1,2,37,0,1.00,1,3,-2,-0.77,-0.77,3.0,3.8,-0.8,-0.31,+1.07,Matches
362,Hossein Kanaanizadegan,DF,ir IR Iran,28,1994,1,45,45,16.7,0.5,0,,0,1,45,1,0.00,2,4,-2,-4.00,-3.60,1.2,1.3,-0.1,-0.17,+0.18,Matches
363,Harry Kane,FW,eng England,28,1993,5,402,80,89.3,4.5,5,80,3,0,,0,2.00,11,3,+8,+1.79,-0.08,6.8,2.8,+3.9,+0.88,-0.40,Matches
364,Lee Kangin,"MF,FW",kr Korea Republic,21,2001,4,147,37,40.8,1.6,1,80,0,3,22,0,1.00,4,2,+2,+1.22,+3.34,2.5,2.1,+0.4,+0.26,+1.51,Matches
365,Mohamed Kanno,"MF,FW",sa Saudi Arabia,27,1994,3,270,90,100.0,3.0,3,90,3,0,,0,1.00,3,5,-2,-0.67,,3.0,6.0,-3.0,-1.01,,Matches
366,Fran Karačić,DF,au Australia,26,1996,2,93,47,25.8,1.0,1,74,0,1,19,2,1.50,2,0,+2,+1.94,+3.28,1.1,1.6,-0.4,-0.41,+1.10,Matches
367,Ali Karimi,MF,ir IR Iran,28,1994,3,99,33,36.7,1.1,1,45,0,2,27,0,1.00,2,3,-1,-0.91,+0.14,1.1,1.4,-0.3,-0.28,+0.06,Matches
368,Eiji Kawashima,GK,jp Japan,39,1983,0,,,,,0,,0,0,,4,,,,,,,,,,,,Matches
369,Mark-Anthony Kaye,MF,ca Canada,27,1994,1,59,59,21.9,0.7,1,59,0,0,,2,0.00,1,2,-1,-1.53,+0.18,0.6,0.5,0.0,+0.07,-0.05,Matches
370,Wajdi Kechrida,DF,tn Tunisia,26,1995,3,111,37,41.1,1.2,1,90,1,2,11,0,1.33,1,0,+1,+0.81,+1.38,0.9,1.0,-0.1,-0.09,+0.13,Matches
371,Thilo Kehrer,DF,de Germany,25,1996,1,69,69,25.6,0.8,1,69,0,0,,2,1.00,0,1,-1,-1.30,-2.20,0.3,0.6,-0.4,-0.46,-3.60,Matches
372,Shoja' Khalilzadeh,DF,ir IR Iran,33,1989,0,,,,,0,,0,0,,3,,,,,,,,,,,,Matches
373,Bilal El Khannous,MF,ma Morocco,18,2004,1,55,55,8.3,0.6,1,55,0,0,,6,0.00,1,2,-1,-1.64,-1.93,0.8,0.4,+0.4,+0.68,+0.86,Matches
374,Wahbi Khazri,"FW,MF",tn Tunisia,31,1991,2,83,42,30.7,0.9,1,59,0,1,24,1,1.50,1,0,+1,+1.08,+1.57,1.0,0.2,+0.7,+0.81,+1.41,Matches
375,Musab Kheder,DF,qa Qatar,28,1993,1,6,6,2.2,0.1,0,,0,1,6,2,0.00,0,0,0,0.00,+2.05,0.0,0.0,0.0,-0.07,+0.65,Matches
376,Boualem Khoukhi,DF,qa Qatar,31,1990,3,270,90,100.0,3.0,3,90,3,0,,0,0.00,1,7,-6,-2.00,,1.4,3.5,-2.1,-0.71,,Matches
377,Joshua Kimmich,"MF,DF",de Germany,27,1995,3,270,90,100.0,3.0,3,90,3,0,,0,1.33,6,5,+1,+0.33,,10.1,3.4,+6.7,+2.22,,Matches
378,Joel King,DF,au Australia,21,2000,0,,,,,0,,0,0,,4,,,,,,,,,,,,Matches
379,Jakub Kiwior,DF,pl Poland,22,2000,4,355,89,98.6,3.9,4,89,3,0,,0,1.00,2,4,-2,-0.51,-0.51,3.6,7.3,-3.7,-0.93,-21.53,Matches
380,Simon Kjær,DF,dk Denmark,33,1989,1,64,64,23.7,0.7,1,64,0,0,,2,1.00,0,0,0,0.00,+0.87,0.3,0.9,-0.5,-0.77,-0.49,Matches
381,Davy Klaassen,"MF,FW",nl Netherlands,29,1993,4,190,48,39.6,2.1,3,59,0,1,12,1,2.50,7,1,+6,+2.84,+2.84,2.4,2.4,0.0,-0.01,+0.43,Matches
382,Lukas Klostermann,DF,de Germany,26,1996,2,66,33,24.4,0.7,0,,0,2,33,1,2.00,4,2,+2,+2.73,+3.17,5.4,1.1,+4.3,+5.85,+4.81,Matches
383,Gregor Kobel,GK,ch Switzerland,24,1997,1,90,90,25.0,1.0,1,90,1,0,,3,3.00,3,2,+1,+1.00,+2.67,2.7,1.3,+1.4,+1.37,+1.73,Matches
384,Philipp Köhn,GK,ch Switzerland,24,1998,0,,,,,0,,0,0,,3,,,,,,,,,,,,Matches
385,Koke,MF,es Spain,30,1992,2,52,26,13.3,0.6,0,,0,2,26,2,2.00,3,1,+2,+3.46,+2.40,0.8,1.0,-0.2,-0.33,-1.11,Matches
386,Randal Kolo Muani,FW,fr France,23,1998,3,182,61,27.6,2.0,1,90,1,2,46,4,1.33,4,2,+2,+0.99,-0.14,3.7,2.9,+0.8,+0.48,-0.06,Matches
387,Ibrahima Konaté,DF,fr France,23,1999,5,294,59,44.5,3.3,3,90,3,2,12,2,2.00,8,2,+6,+1.84,+1.34,9.0,2.3,+6.6,+2.09,+2.76,Matches
388,Ismaël Koné,"MF,DF",ca Canada,20,2002,3,109,36,40.4,1.2,0,,0,3,36,0,0.00,0,2,-2,-1.65,+0.03,1.5,2.0,-0.5,-0.41,-0.87,Matches
389,Teun Koopmeiners,MF,nl Netherlands,24,1998,5,219,44,45.6,2.4,1,78,0,4,35,0,2.20,6,3,+3,+1.23,+0.20,2.1,4.2,-2.1,-0.99,-1.17,Matches
390,Filip Kostić,DF,rs Serbia,29,1992,2,179,90,66.3,2.0,2,90,1,0,,1,0.50,5,6,-1,-0.50,+1.48,3.2,4.9,-1.7,-0.86,+1.36,Matches
391,Kalidou Koulibaly,DF,sn Senegal,30,1991,4,360,90,100.0,4.0,4,90,4,0,,0,1.50,5,7,-2,-0.50,,4.6,3.5,+1.0,+0.26,,Matches
392,Jules Koundé,DF,fr France,23,1998,6,480,80,72.7,5.3,5,96,3,1,2,1,2.67,12,5,+7,+1.31,+0.81,9.0,7.7,+1.3,+0.24,-1.03,Matches
393,Cheikhou Kouyaté,MF,sn Senegal,32,1989,1,72,72,20.0,0.8,1,72,0,0,,0,0.00,0,0,0,0.00,+0.62,0.5,0.3,+0.2,+0.19,-0.08,Matches
394,Mateo Kovačić,MF,hr Croatia,28,1994,7,635,91,92.0,7.1,7,91,2,0,,0,1.43,6,7,-1,-0.14,-3.41,6.0,10.6,-4.6,-0.66,-1.67,Matches
395,Andrej Kramarić,"FW,MF",hr Croatia,30,1991,7,474,68,68.7,5.3,7,68,0,0,,0,1.43,6,6,0,0.00,-0.42,4.7,7.5,-2.8,-0.54,-0.03,Matches
396,Grzegorz Krychowiak,MF,pl Poland,32,1990,4,332,83,92.2,3.7,4,83,2,0,,0,1.00,2,3,-1,-0.27,+2.94,3.5,6.5,-3.0,-0.81,-1.62,Matches
397,Takefusa Kubo,FW,jp Japan,21,2001,2,90,45,23.1,1.0,2,45,0,0,,1,3.00,0,2,-2,-2.00,-2.90,0.2,2.4,-2.2,-2.16,-2.61,Matches
398,Pierre Kunde,MF,cm Cameroon,26,1995,2,131,66,48.5,1.5,2,66,0,0,,1,2.00,3,3,0,0.00,0.00,2.4,2.7,-0.3,-0.22,+1.11,Matches
399,Garang Kuol,"FW,MF",au Australia,17,2004,2,37,19,10.3,0.4,0,,0,2,19,2,0.00,1,0,+1,+2.43,+3.27,0.5,1.3,-0.7,-1.81,-0.65,Matches
400,Daniel Kyereh,"MF,DF",gh Ghana,26,1996,3,33,11,12.2,0.4,0,,0,3,11,0,1.00,0,0,0,0.00,+0.76,0.6,0.6,0.0,+0.02,+0.57,Matches
401,Kwon Kyung-won,DF,kr Korea Republic,30,1992,2,91,46,25.3,1.0,1,90,1,1,1,2,1.50,2,1,+1,+0.99,+2.33,1.8,1.3,+0.5,+0.51,+1.53,Matches
402,Luca de la Torre,MF,us United States,24,1998,0,,,,,0,,0,0,,4,,,,,,,,,,,,Matches
403,Aïssa Laïdouni,MF,tn Tunisia,25,1996,3,243,81,90.0,2.7,3,81,1,0,,0,1.33,1,1,0,0.00,0.00,1.8,2.6,-0.8,-0.28,-1.17,Matches
404,Tariq Lamptey,DF,gh Ghana,21,2000,2,102,51,37.8,1.1,1,77,0,1,25,1,1.50,5,4,+1,+0.88,+2.49,2.5,1.9,+0.6,+0.52,+1.60,Matches
405,Noa Lang,MF,nl Netherlands,22,1999,1,8,8,1.7,0.1,0,,0,1,8,4,1.00,0,0,0,0.00,-1.14,0.0,0.4,-0.4,,,Matches
406,Aymeric Laporte,DF,es Spain,28,1994,3,300,100,76.9,3.3,3,100,3,0,,1,1.67,8,1,+7,+2.10,+3.10,5.1,2.0,+3.1,+1.05,+1.36,Matches
407,Cyle Larin,FW,ca Canada,27,1995,3,137,46,50.7,1.5,2,52,0,1,33,0,0.00,2,4,-2,-1.31,+0.72,1.1,1.7,-0.6,-0.39,-1.02,Matches
408,Richie Laryea,"DF,MF",ca Canada,27,1995,3,160,53,59.3,1.8,2,67,0,1,26,0,0.00,1,3,-2,-1.13,+1.33,3.2,1.6,+1.6,+0.88,+1.89,Matches
409,Darko Lazović,DF,rs Serbia,31,1990,1,25,25,9.3,0.3,0,,0,1,25,2,0.00,0,1,-1,-3.60,-2.87,0.2,0.5,-0.3,-1.18,+0.15,Matches
410,Rafael Leão,FW,pt Portugal,23,1999,5,88,18,19.6,1.0,0,,0,5,18,0,1.80,4,2,+2,+2.05,+1.05,2.1,2.4,-0.3,-0.27,-0.65,Matches
411,Mathew Leckie,"MF,FW",au Australia,31,1991,4,333,83,92.5,3.7,4,83,1,0,,0,1.50,3,6,-3,-0.81,-4.14,1.8,6.0,-4.2,-1.13,+1.32,Matches
412,Dylan Levitt,MF,wls Wales,21,2000,0,,,,,0,,0,0,,3,,,,,,,,,,,,Matches
413,Robert Lewandowski,FW,pl Poland,33,1988,4,360,90,100.0,4.0,4,90,4,0,,0,1.00,3,5,-2,-0.50,,4.5,7.3,-2.7,-0.69,,Matches
414,Matthijs de Ligt,DF,nl Netherlands,22,1999,2,91,46,19.0,1.0,1,90,1,1,1,3,3.00,2,0,+2,+1.98,+1.05,0.7,1.0,-0.3,-0.29,-0.02,Matches
415,Jesper Lindstrøm,"MF,FW",dk Denmark,22,2000,3,200,67,74.1,2.2,2,87,1,1,26,0,0.33,1,2,-1,-0.45,+0.84,2.3,2.3,0.0,+0.02,+1.58,Matches
416,Marko Livaja,FW,hr Croatia,28,1993,6,241,40,34.9,2.7,3,62,0,3,18,1,1.50,4,2,+2,+0.75,+0.95,2.4,3.3,-0.9,-0.36,+0.25,Matches
417,Dominik Livaković,GK,hr Croatia,27,1995,7,690,99,100.0,7.7,7,99,7,0,,0,1.43,8,7,+1,+0.13,,7.0,11.0,-4.0,-0.58,-0.58,Matches
418,Marcos Llorente,DF,es Spain,27,1995,1,120,120,30.8,1.3,1,120,1,0,,3,1.00,0,0,0,0.00,-2.00,1.0,0.7,+0.3,+0.26,-0.48,Matches
419,Hugo Lloris,GK,fr France,35,1986,6,570,95,86.4,6.3,6,95,6,0,,1,2.67,16,7,+9,+1.42,+2.42,13.0,9.4,+3.6,+0.59,+0.37,Matches
420,Tom Lockyer,"DF,MF",wls Wales,27,1994,0,,,,,0,,0,0,,3,,,,,,,,,,,,Matches
421,Aaron Long,DF,us United States,29,1992,0,,,,,0,,0,0,,4,,,,,,,,,,,,Matches
422,Douglas López,MF,cr Costa Rica,23,1998,0,,,,,0,,0,0,,3,,,,,,,,,,,,Matches
423,Mamadou Loum,MF,sn Senegal,25,1996,0,,,,,0,,0,0,,4,,,,,,,,,,,,Matches
424,Dejan Lovren,DF,hr Croatia,32,1989,6,600,100,87.0,6.7,6,100,6,0,,1,1.17,6,6,0,0.00,-1.00,6.4,9.9,-3.5,-0.58,-0.26,Matches
425,Hirving Lozano,FW,mx Mexico,26,1995,3,252,84,93.3,2.8,3,84,2,0,,0,1.33,2,2,0,0.00,+5.00,3.3,2.3,+0.9,+0.34,+0.55,Matches
426,Romelu Lukaku,FW,be Belgium,29,1993,2,55,28,20.4,0.6,0,,0,2,28,0,0.50,0,1,-1,-1.64,-1.64,2.1,0.8,+1.3,+2.20,+2.70,Matches
427,Saša Lukić,MF,rs Serbia,25,1996,3,245,82,90.7,2.7,3,82,2,0,,0,0.33,5,7,-2,-0.73,+2.87,3.2,6.8,-3.6,-1.33,-0.15,Matches
428,Ali Maâloul,DF,tn Tunisia,32,1990,1,90,90,33.3,1.0,1,90,1,0,,2,3.00,1,0,+1,+1.00,+1.50,0.5,0.8,-0.3,-0.30,-0.20,Matches
429,Awer Mabil,MF,au Australia,26,1995,2,24,12,6.7,0.3,0,,0,2,12,2,1.50,0,0,0,0.00,+0.54,0.0,0.6,-0.6,-2.35,-1.20,Matches
430,Alexis Mac Allister,MF,ar Argentina,23,1998,6,550,92,79.7,6.1,6,92,1,0,,1,2.33,13,5,+8,+1.31,+1.95,11.1,2.8,+8.3,+1.44,+0.34,Matches
431,Shuto Machino,FW,jp Japan,22,1999,0,,,,,0,,0,0,,4,,,,,,,,,,,,Matches
432,Jamie Maclaren,FW,au Australia,28,1993,3,55,18,15.3,0.6,0,,0,3,18,1,2.00,1,0,+1,+1.64,+2.52,0.6,1.6,-1.0,-1.55,-0.39,Matches
433,James Maddison,"FW,MF",eng England,25,1996,0,,,,,0,,0,0,,3,,,,,,,,,,,,Matches
434,Assim Madibo,MF,qa Qatar,25,1996,2,153,77,56.7,1.7,2,77,1,0,,1,0.00,1,5,-4,-2.35,-0.81,1.0,2.3,-1.3,-0.76,-0.11,Matches
435,Abdullah Madu,"DF,MF",sa Saudi Arabia,28,1993,1,45,45,16.7,0.5,0,,0,1,45,2,0.00,1,2,-1,-2.00,-1.60,0.9,1.3,-0.4,-0.79,+0.27,Matches
436,Daizen Maeda,FW,jp Japan,24,1997,3,180,60,46.2,2.0,3,60,0,0,,1,2.33,3,3,0,0.00,-0.43,2.3,3.3,-1.0,-0.52,-0.68,Matches
437,Harry Maguire,DF,eng England,29,1993,5,429,86,95.3,4.8,5,86,4,0,,0,2.00,11,3,+8,+1.68,-2.61,7.6,3.0,+4.5,+0.95,+0.64,Matches
438,Lovro Majer,"MF,FW",hr Croatia,24,1998,7,130,19,18.8,1.4,1,65,0,6,11,0,1.43,4,1,+3,+2.08,+2.40,1.5,1.5,0.0,+0.03,+0.65,Matches
439,Nemanja Maksimović,MF,rs Serbia,27,1995,3,122,41,45.2,1.4,1,90,1,2,16,0,0.33,3,3,0,0.00,+1.82,2.1,2.6,-0.5,-0.35,+1.76,Matches
440,Tyrell Malacia,DF,nl Netherlands,22,1999,0,,,,,0,,0,0,,5,,,,,,,,,,,,Matches
441,Abdulellah Al-Malki,MF,sa Saudi Arabia,27,1994,2,174,87,64.4,1.9,2,87,1,0,,0,1.50,2,3,-1,-0.52,+0.42,1.8,3.5,-1.7,-0.90,+0.31,Matches
442,Steve Mandanda,GK,fr France,37,1985,1,90,90,13.6,1.0,1,90,1,0,,6,0.00,0,1,-1,-1.00,-2.42,0.8,0.5,+0.3,+0.30,-0.26,Matches
443,José María Giménez,DF,uy Uruguay,27,1995,3,270,90,100.0,3.0,3,90,3,0,,0,1.33,2,2,0,0.00,,3.7,3.5,+0.1,+0.05,,Matches
444,João Mário,"FW,MF",pt Portugal,29,1993,2,84,42,18.7,0.9,1,81,0,1,3,3,1.50,1,2,-1,-1.07,-2.79,1.3,1.5,-0.2,-0.23,-0.59,Matches
445,Marquinhos,DF,br Brazil,28,1994,5,426,85,88.8,4.7,4,98,4,1,36,0,2.00,8,3,+5,+1.06,+1.06,10.8,1.8,+9.0,+2.05,+1.09,Matches
446,Henry Martín,FW,mx Mexico,29,1992,2,146,73,54.1,1.6,2,73,0,0,,1,2.00,2,0,+2,+1.23,+3.41,2.5,1.3,+1.3,+0.77,+1.03,Matches
447,Martinelli,FW,br Brazil,20,2001,3,113,38,23.5,1.3,1,90,1,2,12,2,2.00,0,2,-2,-1.59,-3.31,2.7,0.6,+2.2,+1.71,-0.19,Matches
448,Carlos Martínez,DF,cr Costa Rica,23,1999,1,45,45,16.7,0.5,1,45,0,0,,2,0.00,0,3,-3,-6.00,-4.00,0.0,2.5,-2.5,-4.95,-2.46,Matches
449,Emiliano Martínez,GK,ar Argentina,29,1992,7,690,99,100.0,7.7,7,99,7,0,,0,2.00,15,8,+7,+0.91,,15.1,4.6,+10.4,+1.49,+1.49,Matches
450,Lautaro Martínez,FW,ar Argentina,24,1997,6,241,40,34.9,2.7,2,76,1,4,22,1,1.83,2,6,-4,-1.49,-3.70,5.6,2.5,+3.1,+1.45,+0.12,Matches
451,Lisandro Martínez,DF,ar Argentina,24,1998,5,303,61,43.9,3.4,2,101,1,3,34,2,2.00,6,3,+3,+0.89,-0.04,5.1,1.5,+3.6,+1.06,-0.54,Matches
452,Pape Matar Sarr,MF,sn Senegal,19,2002,2,59,30,16.4,0.7,0,,0,2,30,2,1.50,1,2,-1,-1.53,-1.23,0.5,0.6,0.0,-0.07,-0.39,Matches
453,Rónald Matarrita,"DF,MF",cr Costa Rica,27,1994,2,26,13,9.6,0.3,0,,0,2,13,1,0.00,0,4,-4,-13.85,-12.37,0.0,3.4,-3.3,-11.51,-9.53,Matches
454,Aymen Mathlouthi,GK,tn Tunisia,37,1984,0,,,,,0,,0,0,,3,,,,,,,,,,,,Matches
455,Eric Maxim Choupo-Moting,"FW,MF",cm Cameroon,33,1989,3,253,84,93.7,2.8,3,84,2,0,,0,1.33,4,4,0,0.00,0.00,3.4,5.5,-2.1,-0.75,+0.50,Matches
456,Noussair Mazraoui,DF,ma Morocco,24,1997,5,365,73,55.3,4.1,5,73,2,0,,0,1.60,4,2,+2,+0.49,+0.80,2.7,4.2,-1.5,-0.37,-0.58,Matches
457,Olivier Mbaizo,DF,cm Cameroon,24,1997,0,,,,,0,,0,0,,3,,,,,,,,,,,,Matches
458,Kylian Mbappé,FW,fr France,23,1998,7,598,85,90.6,6.6,6,95,6,1,28,0,2.29,16,7,+9,+1.35,+2.81,13.6,9.4,+4.2,+0.66,+0.95,Matches
459,Bryan Mbeumo,"FW,MF",cm Cameroon,22,1999,3,233,78,86.3,2.6,3,78,1,0,,0,1.33,3,4,-1,-0.39,-2.82,3.1,4.2,-1.0,-0.42,+2.07,Matches
460,Riley McGree,"FW,MF",au Australia,23,1998,4,265,66,73.6,2.9,4,66,0,0,,0,1.50,3,6,-3,-1.02,-1.97,1.7,5.2,-3.5,-1.17,+0.21,Matches
461,Weston McKennie,MF,us United States,23,1998,4,271,68,75.3,3.0,4,68,0,0,,0,1.25,2,2,0,0.00,+1.01,3.2,1.8,+1.4,+0.46,+2.17,Matches
462,Hannibal Mejbri,MF,tn Tunisia,19,2003,1,11,11,4.1,0.1,0,,0,1,11,2,1.00,0,0,0,0.00,0.00,0.0,0.2,-0.2,-1.46,-1.35,Matches
463,Memphis,FW,nl Netherlands,28,1994,5,297,59,61.9,3.3,3,74,0,2,37,0,2.20,7,4,+3,+0.91,-0.57,3.7,4.8,-1.0,-0.31,-0.09,Matches
464,Ángel Mena,"FW,MF",ec Ecuador,34,1988,0,,,,,0,,0,0,,3,,,,,,,,,,,,Matches
465,Nuno Mendes,DF,pt Portugal,19,2002,1,41,41,9.1,0.5,1,41,0,0,,0,3.00,0,0,0,0.00,-1.32,0.2,0.6,-0.4,-0.88,-1.24,Matches
466,Jhegson Méndez,MF,ec Ecuador,25,1997,2,180,90,66.7,2.0,2,90,2,0,,0,2.00,3,1,+2,+1.00,+2.00,2.9,0.4,+2.4,+1.22,+2.48,Matches
467,Edouard Mendy,GK,sn Senegal,30,1992,4,360,90,100.0,4.0,4,90,4,0,,0,1.50,5,7,-2,-0.50,,4.6,3.5,+1.0,+0.26,,Matches
468,Formose Mendy,DF,sn Senegal,21,2001,0,,,,,0,,0,0,,4,,,,,,,,,,,,Matches
469,Nampalys Mendy,MF,sn Senegal,29,1992,4,272,68,75.6,3.0,3,85,2,1,16,0,1.50,2,5,-3,-0.99,-2.02,2.3,2.6,-0.3,-0.10,-1.49,Matches
470,Gideon Mensah,DF,gh Ghana,23,1998,1,87,87,32.2,1.0,1,87,0,0,,2,3.00,3,2,+1,+1.03,+2.51,1.6,1.5,+0.2,+0.17,+0.96,Matches
471,Chris Mepham,DF,wls Wales,24,1997,3,270,90,100.0,3.0,3,90,3,0,,0,0.33,1,6,-5,-1.67,,2.7,4.6,-1.9,-0.63,,Matches
472,Yassine Meriah,DF,tn Tunisia,28,1993,3,270,90,100.0,3.0,3,90,3,0,,0,1.33,1,1,0,0.00,,2.3,2.8,-0.5,-0.17,,Matches
473,Dries Mertens,"MF,FW",be Belgium,35,1987,2,76,38,28.1,0.8,1,45,0,1,31,1,0.50,0,2,-2,-2.37,-2.83,1.0,1.6,-0.6,-0.75,-1.12,Matches
474,Mostafa Meshaal,MF,qa Qatar,21,2001,0,,,,,0,,0,0,,3,,,,,,,,,,,,Matches
475,Lionel Messi,FW,ar Argentina,34,1987,7,690,99,100.0,7.7,7,99,7,0,,0,2.00,15,8,+7,+0.91,,15.1,4.6,+10.4,+1.49,+1.49,Matches
476,Thomas Meunier,DF,be Belgium,30,1991,3,211,70,78.1,2.3,2,83,0,1,45,0,1.33,0,1,-1,-0.43,-0.43,3.8,2.2,+1.6,+0.69,+2.90,Matches
477,Simon Mignolet,GK,be Belgium,34,1988,0,,,,,0,,0,0,,3,,,,,,,,,,,,Matches
478,Nikola Milenković,DF,rs Serbia,24,1997,3,270,90,100.0,3.0,3,90,3,0,,0,0.33,5,8,-3,-1.00,,3.4,7.3,-3.9,-1.32,,Matches
479,Arkadiusz Milik,"FW,MF",pl Poland,28,1994,3,101,34,28.1,1.1,1,70,0,2,16,1,1.33,2,2,0,0.00,+0.69,1.8,1.9,-0.1,-0.06,+0.86,Matches
480,Sergej Milinković-Savić,MF,rs Serbia,27,1995,3,233,78,86.3,2.6,3,78,1,0,,0,0.33,5,8,-3,-1.16,-1.16,3.1,7.0,-3.9,-1.51,-1.42,Matches
481,Vanja Milinković-Savić,GK,rs Serbia,25,1997,3,270,90,100.0,3.0,3,90,3,0,,0,0.33,5,8,-3,-1.00,,3.4,7.3,-3.9,-1.32,,Matches
482,Éder Militão,DF,br Brazil,24,1998,4,347,87,72.3,3.9,4,87,2,0,,1,1.75,6,1,+5,+1.30,+1.30,9.1,1.5,+7.5,+1.95,+0.34,Matches
483,Liam Millar,DF,ca Canada,22,1999,1,10,10,3.7,0.1,0,,0,1,10,2,0.00,0,0,0,0.00,+1.73,0.1,0.2,-0.1,-0.77,-0.91,Matches
484,Kamal Miller,DF,ca Canada,25,1997,3,270,90,100.0,3.0,3,90,3,0,,0,0.00,2,7,-5,-1.67,,4.2,3.9,+0.3,+0.11,,Matches
485,Kim Min-jae,DF,kr Korea Republic,25,1996,3,269,90,74.7,3.0,3,90,2,0,,1,0.33,3,7,-4,-1.34,-2.33,2.8,5.8,-3.0,-1.02,-1.53,Matches
486,Takumi Minamino,FW,jp Japan,27,1995,3,60,20,15.4,0.7,0,,0,3,20,1,1.33,2,0,+2,+3.00,+3.27,0.9,0.8,+0.1,+0.30,+0.49,Matches
487,Song Minkyu,"FW,MF",kr Korea Republic,22,1999,0,,,,,0,,0,0,,4,,,,,,,,,,,,Matches
488,Kaoru Mitoma,MF,jp Japan,25,1997,4,165,41,42.3,1.8,0,,0,4,41,0,1.75,4,1,+3,+1.64,+2.44,3.4,2.3,+1.1,+0.71,+1.32,Matches
489,Aleksandar Mitrović,FW,rs Serbia,27,1994,3,262,87,97.0,2.9,3,87,2,0,,0,0.33,5,8,-3,-1.03,-1.03,3.3,7.3,-3.9,-1.35,-1.13,Matches
490,Stefan Mitrović,DF,rs Serbia,32,1990,1,35,35,13.0,0.4,0,,0,1,35,2,1.00,0,2,-2,-5.14,-4.76,0.5,1.0,-0.6,-1.43,-0.13,Matches
491,Filip Mladenović,DF,rs Serbia,30,1991,1,65,65,24.1,0.7,1,65,0,0,,2,0.00,0,1,-1,-1.38,-0.51,0.0,1.9,-1.9,-2.64,-1.75,Matches
492,Luka Modrić,MF,hr Croatia,36,1985,7,653,93,94.6,7.3,7,93,4,0,,0,1.43,7,7,0,0.00,-2.43,6.0,10.6,-4.6,-0.67,-1.45,Matches
493,Ismail Mohamad,FW,qa Qatar,32,1990,2,174,87,64.4,1.9,2,87,1,0,,1,0.00,1,5,-4,-2.07,-0.19,,,,,,Matches
494,Milad Mohammadi,DF,ir IR Iran,28,1993,3,196,65,72.6,2.2,3,65,1,0,,0,1.00,2,5,-3,-1.38,-1.38,1.6,2.8,-1.2,-0.54,-0.81,Matches
495,Kudus Mohammed,"FW,MF",gh Ghana,21,2000,3,247,82,91.5,2.7,3,82,0,0,,0,1.00,4,5,-1,-0.36,+3.55,3.6,4.6,-0.9,-0.33,+1.68,Matches
496,Sadegh Moharrami,DF,ir IR Iran,26,1996,1,90,90,33.3,1.0,1,90,1,0,,2,0.00,2,6,-4,-4.00,-4.50,1.4,2.1,-0.8,-0.75,-0.66,Matches
497,Nahuel Molina,DF,ar Argentina,24,1998,7,567,81,82.2,6.3,6,90,2,1,28,0,2.00,14,7,+7,+1.11,+1.11,12.1,2.6,+9.6,+1.52,+0.89,Matches
498,César Montes,DF,mx Mexico,25,1997,3,270,90,100.0,3.0,3,90,3,0,,0,1.33,2,3,-1,-0.33,,3.3,2.4,+0.9,+0.30,,Matches
499,Gonzalo Montiel,"DF,MF",ar Argentina,25,1997,4,118,30,17.1,1.3,1,62,0,3,19,2,2.00,1,1,0,0.00,-1.10,2.9,1.9,+1.0,+1.18,-0.20,Matches
500,Kim Moonhwan,DF,kr Korea Republic,26,1995,4,360,90,100.0,4.0,4,90,4,0,,0,1.00,5,8,-3,-0.75,,4.6,7.1,-2.5,-0.63,,Matches
501,Kieffer Moore,FW,wls Wales,29,1992,3,225,75,83.3,2.5,2,90,2,1,45,0,0.33,1,5,-4,-1.60,+0.40,2.6,3.9,-1.4,-0.55,+0.44,Matches
502,Shaquell Moore,DF,us United States,25,1996,2,22,11,6.1,0.2,0,,0,2,11,2,2.00,0,0,0,0.00,+0.27,0.1,0.5,-0.3,-1.39,-1.40,Matches
503,Aaron Mooy,MF,au Australia,31,1990,4,360,90,100.0,4.0,4,90,4,0,,0,1.50,4,6,-2,-0.50,,2.3,7.2,-4.9,-1.23,,Matches
504,Álvaro Morata,FW,es Spain,29,1992,4,185,46,47.4,2.1,1,56,0,3,43,0,1.25,5,3,+2,+0.97,-0.78,2.8,2.8,0.0,+0.01,-1.03,Matches
505,Héctor Moreno,DF,mx Mexico,34,1988,3,270,90,100.0,3.0,3,90,3,0,,0,1.33,2,3,-1,-0.33,,3.3,2.4,+0.9,+0.30,,Matches
506,Hidemasa Morita,MF,jp Japan,27,1995,3,285,95,73.1,3.2,3,95,2,0,,1,1.33,3,3,0,0.00,-0.86,3.5,2.4,+1.2,+0.37,+1.94,Matches
507,Joe Morrell,MF,wls Wales,25,1997,2,33,17,12.2,0.4,0,,0,2,17,1,0.50,0,1,-1,-2.73,-1.21,0.2,1.2,-1.0,-2.66,-2.32,Matches
508,Jordan Morris,"FW,DF",us United States,27,1994,2,4,2,1.1,0.0,0,,0,2,2,2,0.50,0,0,0,0.00,+0.25,0.1,0.1,0.0,+0.18,+0.25,Matches
509,Youssoufa Moukoko,FW,de Germany,17,2004,1,1,1,0.4,0.0,0,,0,1,1,2,0.00,0,0,0,0.00,-0.33,0.3,0.0,+0.3,+24.08,+21.94,Matches
510,Mason Mount,MF,eng England,23,1999,4,186,47,41.3,2.1,2,80,1,2,13,1,1.75,4,1,+3,+1.45,-0.59,2.9,1.2,+1.7,+0.80,-0.21,Matches
511,Youssef Msakni,"MF,FW",tn Tunisia,31,1990,2,169,85,62.6,1.9,2,85,1,0,,1,0.50,0,1,-1,-0.53,-1.42,1.8,1.8,0.0,-0.01,+0.41,Matches
512,Thomas Müller,"FW,MF",de Germany,32,1989,3,201,67,74.4,2.2,3,67,0,0,,0,1.33,2,2,0,0.00,-1.30,4.5,1.8,+2.7,+1.24,-3.79,Matches
513,Khalid Muneer,FW,qa Qatar,24,1998,0,,,,,0,,0,0,,3,,,,,,,,,,,,Matches
514,Munir,GK,ma Morocco,33,1989,1,90,90,13.6,1.0,1,90,1,0,,6,3.00,2,0,+2,+2.00,+2.16,1.5,1.0,+0.5,+0.52,+0.74,Matches
515,Mohammed Muntari,"FW,MF",qa Qatar,28,1993,3,63,21,23.3,0.7,0,,0,3,21,0,0.00,1,1,0,0.00,+2.61,0.3,0.3,0.0,+0.02,+0.95,Matches
516,Yunus Musah,MF,us United States,19,2002,4,343,86,95.3,3.8,4,86,3,0,,0,1.25,3,3,0,0.00,+5.29,3.9,3.5,+0.5,+0.12,+4.33,Matches
517,Jamal Musiala,"MF,FW",de Germany,19,2003,3,258,86,95.6,2.9,3,86,2,0,,0,1.33,6,4,+2,+0.70,+8.20,9.5,3.3,+6.2,+2.17,-1.02,Matches
518,Fernando Muslera,GK,uy Uruguay,35,1986,0,,,,,0,,0,0,,3,,,,,,,,,,,,Matches
519,Joakim Mæhle,DF,dk Denmark,25,1997,3,249,83,92.2,2.8,3,83,2,0,,0,0.33,1,3,-2,-0.72,-0.72,2.5,3.8,-1.3,-0.49,-1.19,Matches
520,Moussa N'Diaye,DF,sn Senegal,19,2002,0,,,,,0,,0,0,,4,,,,,,,,,,,,Matches
521,Georges-Kévin N'Koudou,"FW,MF",cm Cameroon,27,1995,2,27,14,10.0,0.3,0,,0,2,14,1,0.50,0,0,0,0.00,0.00,0.1,0.4,-0.3,-1.06,-0.31,Matches
522,Yuto Nagatomo,"MF,DF",jp Japan,35,1986,4,209,52,53.6,2.3,4,52,0,0,,0,1.75,1,3,-2,-0.86,-2.35,1.3,3.4,-2.1,-0.89,-1.59,Matches
523,Sami Al-Najei,MF,sa Saudi Arabia,25,1997,1,45,45,16.7,0.5,1,45,0,0,,2,0.00,0,1,-1,-2.00,-1.60,0.9,0.3,+0.6,+1.24,+2.69,Matches
524,Moustapha Name,MF,sn Senegal,27,1995,0,,,,,0,,0,0,,4,,,,,,,,,,,,Matches
525,Keylor Navas,GK,cr Costa Rica,35,1986,3,270,90,100.0,3.0,3,90,3,0,,0,1.00,3,11,-8,-2.67,,1.4,10.1,-8.7,-2.90,,Matches
526,Iliman Ndiaye,"FW,MF",sn Senegal,22,2000,3,135,45,37.5,1.5,2,60,0,1,16,1,2.00,3,4,-1,-0.67,-0.27,2.7,1.6,+1.1,+0.75,+0.79,Matches
527,Victor Nelsson,DF,dk Denmark,23,1998,1,90,90,33.3,1.0,1,90,1,0,,2,0.00,1,2,-1,-1.00,-0.50,0.6,2.4,-1.8,-1.76,-2.04,Matches
528,Manuel Neuer,GK,de Germany,36,1986,3,270,90,100.0,3.0,3,90,3,0,,0,1.33,6,5,+1,+0.33,,10.1,3.4,+6.7,+2.22,,Matches
529,Rúben Neves,MF,pt Portugal,25,1997,5,268,54,59.6,3.0,4,65,0,1,10,0,1.80,4,3,+1,+0.34,-2.14,3.3,2.9,+0.4,+0.13,-0.30,Matches
530,Neymar,MF,br Brazil,30,1992,3,279,93,58.1,3.1,3,93,1,0,,0,2.33,7,2,+5,+1.61,+1.61,8.0,1.2,+6.8,+2.47,+1.26,Matches
531,Moumi Ngamaleu,"FW,MF",cm Cameroon,27,1994,2,95,48,35.2,1.1,1,85,0,1,10,1,1.50,0,0,0,0.00,0.00,0.3,1.7,-1.4,-1.29,-0.78,Matches
532,Simon Ngapandouetnbu,GK,cm Cameroon,19,2003,0,,,,,0,,0,0,,3,,,,,,,,,,,,Matches
533,Jerome Ngom Mbekeli,MF,cm Cameroon,23,1998,1,5,5,1.9,0.1,0,,0,1,5,2,3.00,1,0,+1,+18.00,+18.34,0.1,1.0,-0.9,-15.50,-14.99,Matches
534,Payam Niazmand,GK,ir IR Iran,27,1995,0,,,,,0,,0,0,,3,,,,,,,,,,,,Matches
535,Rasmus Nissen,DF,dk Denmark,24,1997,3,224,75,83.0,2.5,3,75,1,0,,0,0.33,1,2,-1,-0.40,+1.55,2.3,3.4,-1.1,-0.44,-0.28,Matches
536,Nicolas Nkoulou,DF,cm Cameroon,32,1990,2,180,90,66.7,2.0,2,90,2,0,,0,0.50,3,4,-1,-0.50,-1.50,3.0,3.3,-0.4,-0.18,+1.80,Matches
537,Andries Noppert,GK,nl Netherlands,28,1994,5,480,96,100.0,5.3,5,96,5,0,,0,2.20,10,4,+6,+1.13,,4.6,6.1,-1.5,-0.29,-0.29,Matches
538,Ahmad Nourollahi,MF,ir IR Iran,29,1993,3,223,74,82.6,2.5,3,74,0,0,,0,1.00,1,6,-5,-2.02,-5.85,1.6,3.1,-1.5,-0.60,-1.61,Matches
539,Jean-Pierre Nsame,FW,cm Cameroon,29,1993,0,,,,,0,,0,0,,3,,,,,,,,,,,,Matches
540,Olivier Ntcham,MF,cm Cameroon,26,1996,1,25,25,9.3,0.3,0,,0,1,25,2,3.00,1,0,+1,+3.60,+3.97,0.2,1.2,-1.0,-3.84,-3.34,Matches
541,Matheus Nunes,MF,pt Portugal,23,1998,2,73,37,16.2,0.8,1,64,0,1,9,3,1.50,2,1,+1,+1.23,+0.04,2.2,0.8,+1.4,+1.70,+1.73,Matches
542,Darwin Núñez,FW,uy Uruguay,22,1999,3,240,80,88.9,2.7,3,80,1,0,,0,1.33,2,1,+1,+0.37,+3.37,3.0,2.0,+1.1,+0.40,+3.17,Matches
543,Manaf Nurudeen,GK,gh Ghana,23,1999,0,,,,,0,,0,0,,3,,,,,,,,,,,,Matches
544,Christian Nørgaard,MF,dk Denmark,28,1994,1,6,6,2.2,0.1,0,,0,1,6,2,0.00,0,1,-1,-15.00,-14.66,0.0,0.7,-0.7,-10.09,-9.91,Matches
545,Guillermo Ochoa,GK,mx Mexico,36,1985,3,270,90,100.0,3.0,3,90,3,0,,0,1.33,2,3,-1,-0.33,,3.3,2.4,+0.9,+0.30,,Matches
546,Denis Odoi,DF,gh Ghana,34,1988,1,13,13,4.8,0.1,0,,0,1,13,2,3.00,0,0,0,0.00,+0.70,0.0,0.4,-0.4,-2.64,-2.27,Matches
547,Noah Okafor,"FW,MF",ch Switzerland,22,2000,3,45,15,12.5,0.5,0,,0,3,15,0,2.00,0,2,-2,-4.00,-3.43,0.4,0.5,-0.1,-0.15,-0.26,Matches
548,Mathías Olivera,DF,uy Uruguay,24,1997,3,253,84,93.7,2.8,3,84,1,0,,0,1.33,2,1,+1,+0.36,+5.65,3.5,2.5,+1.0,+0.35,+4.73,Matches
549,Dani Olmo,FW,es Spain,24,1998,4,367,92,94.1,4.1,4,92,3,0,,0,1.25,9,3,+6,+1.47,+1.47,5.8,3.1,+2.7,+0.67,+0.60,Matches
550,Jonas Omlin,GK,ch Switzerland,28,1994,0,,,,,0,,0,0,,4,,,,,,,,,,,,Matches
551,Amadou Onana,MF,be Belgium,20,2001,2,104,52,38.5,1.2,1,59,0,1,45,0,1.50,0,0,0,0.00,+0.54,1.2,0.7,+0.4,+0.36,+0.49,Matches
552,André Onana,GK,cm Cameroon,26,1996,1,80,80,29.6,0.9,1,80,0,0,,0,0.00,0,1,-1,-1.13,-1.60,0.7,1.4,-0.7,-0.70,+0.12,Matches
553,Gaël Ondoua,MF,cm Cameroon,26,1995,2,47,24,17.4,0.5,0,,0,2,24,1,0.50,0,0,0,0.00,0.00,0.1,0.6,-0.6,-1.10,-0.39,Matches
554,Loïs Openda,FW,be Belgium,22,2000,1,13,13,4.8,0.1,0,,0,1,13,2,3.00,0,0,0,0.00,+0.35,0.2,0.2,0.0,-0.07,-0.13,Matches
555,Mislav Oršić,FW,hr Croatia,29,1992,6,162,27,23.5,1.8,1,89,0,5,15,1,1.50,4,2,+2,+1.11,+1.28,1.9,2.1,-0.2,-0.13,+0.50,Matches
556,Jonathan Osorio,"MF,FW",ca Canada,30,1992,3,119,40,44.1,1.3,1,64,0,2,28,0,0.00,1,4,-3,-2.27,-1.08,1.0,2.4,-1.4,-1.08,-2.13,Matches
557,Nicolás Otamendi,DF,ar Argentina,34,1988,7,690,99,100.0,7.7,7,99,7,0,,0,2.00,15,8,+7,+0.91,,15.1,4.6,+10.4,+1.49,+1.49,Matches
558,Otávio,MF,pt Portugal,27,1995,3,196,65,43.6,2.2,3,65,0,0,,0,2.00,5,2,+3,+1.38,+0.31,3.3,2.0,+1.3,+0.61,+0.63,Matches
559,Abdullah Otayf,MF,sa Saudi Arabia,29,1992,0,,,,,0,,0,0,,3,,,,,,,,,,,,Matches
560,Samuel Oum Gouet,MF,cm Cameroon,24,1997,2,100,50,37.0,1.1,1,90,1,1,10,1,0.50,0,1,-1,-0.90,-1.43,0.8,1.6,-0.8,-0.71,+0.12,Matches
561,Azzedine Ounahi,MF,ma Morocco,22,2000,7,568,81,86.1,6.3,6,89,2,1,35,0,1.57,4,3,+1,+0.16,+0.16,5.4,6.7,-1.4,-0.22,-0.78,Matches
562,Bryan Oviedo,DF,cr Costa Rica,32,1990,3,260,87,96.3,2.9,3,87,1,0,,0,1.00,3,9,-6,-2.08,+15.92,1.4,9.0,-7.5,-2.61,+7.77,Matches
563,Mohammed Al-Owais,GK,sa Saudi Arabia,30,1991,3,270,90,100.0,3.0,3,90,3,0,,0,1.00,3,5,-2,-0.67,,3.0,6.0,-3.0,-1.01,,Matches
564,Elisha Owusu,MF,gh Ghana,24,1997,0,,,,,0,,0,0,,3,,,,,,,,,,,,Matches
565,Juan Pablo Vargas,DF,cr Costa Rica,27,1995,1,90,90,33.3,1.0,1,90,1,0,,2,0.00,2,4,-2,-2.00,+1.00,1.3,5.7,-4.4,-4.40,-2.25,Matches
566,William Pacho,DF,ec Ecuador,20,2001,0,,,,,0,,0,0,,3,,,,,,,,,,,,Matches
567,Diego Palacios,DF,ec Ecuador,22,1999,0,,,,,0,,0,0,,3,,,,,,,,,,,,Matches
568,Exequiel Palacios,"MF,DF",ar Argentina,23,1998,3,50,17,7.2,0.6,0,,0,3,17,4,3.00,1,0,+1,+1.80,+0.96,1.2,0.6,+0.6,+1.05,-0.34,Matches
569,João Palhinha,MF,pt Portugal,26,1995,3,38,13,8.4,0.4,0,,0,3,13,2,2.00,1,2,-1,-2.37,-3.90,1.1,1.4,-0.2,-0.57,-0.90,Matches
570,James Pantemis,GK,ca Canada,25,1997,0,,,,,0,,0,0,,3,,,,,,,,,,,,Matches
571,Lucas Paquetá,MF,br Brazil,24,1997,4,314,79,65.4,3.5,4,79,1,0,,1,2.50,7,1,+6,+1.72,+2.26,8.6,1.1,+7.5,+2.14,+0.81,Matches
572,Leandro Paredes,MF,ar Argentina,27,1994,5,225,45,32.6,2.5,2,60,0,3,35,2,1.60,6,5,+1,+0.40,-0.76,6.6,1.9,+4.7,+2.42,+1.42,Matches
573,Thomas Partey,MF,gh Ghana,29,1993,3,270,90,100.0,3.0,3,90,3,0,,0,1.00,5,7,-2,-0.67,,4.1,5.6,-1.4,-0.48,,Matches
574,Mario Pašalić,"FW,MF",hr Croatia,27,1995,7,271,39,39.3,3.0,2,58,0,5,31,0,1.43,1,2,-1,-0.33,-0.76,2.2,4.2,-2.0,-0.75,-0.35,Matches
575,Remko Pasveer,GK,nl Netherlands,38,1983,0,,,,,0,,0,0,,5,,,,,,,,,,,,Matches
576,Rui Patrício,GK,pt Portugal,34,1988,0,,,,,0,,0,0,,5,,,,,,,,,,,,Matches
577,Benjamin Pavard,DF,fr France,26,1996,1,88,88,13.3,1.0,1,88,0,0,,6,3.00,4,1,+3,+3.07,+2.28,3.7,0.5,+3.2,+3.24,+3.13,Matches
578,Strahinja Pavlović,DF,rs Serbia,21,2001,3,235,78,87.0,2.6,3,78,2,0,,0,0.33,5,6,-1,-0.38,+4.76,2.9,6.3,-3.4,-1.30,+0.13,Matches
579,Pedri,MF,es Spain,19,2002,4,356,89,91.3,4.0,4,89,3,0,,0,1.25,6,3,+3,+0.76,-7.18,5.3,3.4,+1.9,+0.52,-0.69,Matches
580,Pedro,FW,br Brazil,24,1997,2,64,32,13.3,0.7,0,,0,2,32,3,0.50,1,2,-1,-1.41,-2.70,2.5,0.5,+2.0,+5.36,+3.77,Matches
581,Facundo Pellistri,"MF,FW",uy Uruguay,20,2001,3,181,60,67.0,2.0,2,76,0,1,29,0,1.33,2,1,+1,+0.50,+1.51,2.7,2.5,+0.2,+0.09,+0.13,Matches
582,Pepe,DF,pt Portugal,39,1983,4,360,90,80.0,4.0,4,90,4,0,,1,1.50,9,4,+5,+1.25,+0.25,5.8,5.6,+0.2,+0.05,-1.03,Matches
583,Danilo Pereira,DF,pt Portugal,30,1991,1,90,90,20.0,1.0,1,90,1,0,,0,3.00,3,2,+1,+1.00,-0.25,2.0,0.9,+1.1,+1.07,+1.03,Matches
584,Ivan Perišić,"FW,DF",hr Croatia,33,1989,7,669,96,97.0,7.4,7,96,4,0,,0,1.43,7,7,0,0.00,-4.29,6.2,11.0,-4.8,-0.68,-2.07,Matches
585,Bruno Petković,FW,hr Croatia,27,1994,6,234,39,33.9,2.6,1,61,0,5,35,1,1.50,4,3,+1,+0.38,+0.38,3.2,4.9,-1.7,-0.76,-0.33,Matches
586,Germán Pezzella,DF,ar Argentina,30,1991,3,60,20,8.7,0.7,0,,0,3,20,4,1.67,0,3,-3,-4.50,-5.93,1.2,1.5,-0.4,-1.32,-2.78,Matches
587,Kalvin Phillips,MF,eng England,26,1995,2,42,21,9.3,0.5,0,,0,2,21,3,3.00,1,0,+1,+2.14,+0.38,1.4,0.4,+0.9,+2.01,+1.20,Matches
588,Krzysztof Piątek,FW,pl Poland,26,1995,2,28,14,7.8,0.3,0,,0,2,14,2,1.50,1,0,+1,+3.21,+4.03,0.8,0.6,+0.2,+0.56,+1.35,Matches
589,Jordan Pickford,GK,eng England,28,1994,5,450,90,100.0,5.0,5,90,5,0,,0,2.00,13,4,+9,+1.80,,8.7,4.0,+4.6,+0.92,,Matches
590,Samuel Piette,MF,ca Canada,27,1994,0,,,,,0,,0,0,,3,,,,,,,,,,,,Matches
591,Orbelín Pineda,MF,mx Mexico,26,1996,1,76,76,28.1,0.8,1,76,0,0,,2,3.00,2,0,+2,+2.37,+3.76,1.9,0.4,+1.4,+1.71,+1.96,Matches
592,Yeremi Pino,"FW,MF",es Spain,19,2002,0,,,,,0,,0,0,,4,,,,,,,,,,,,Matches
593,Gonzalo Plata,"MF,FW",ec Ecuador,21,2000,3,269,90,99.6,3.0,3,90,2,0,,0,1.33,4,3,+1,+0.33,+0.33,3.7,2.6,+1.1,+0.37,-5.44,Matches
594,Nick Pope,GK,eng England,30,1992,0,,,,,0,,0,0,,5,,,,,,,,,,,,Matches
595,Jackson Porozo,DF,ec Ecuador,21,2000,2,96,48,35.6,1.1,1,90,1,1,6,1,0.50,1,1,0,0.00,-0.52,1.8,0.1,+1.6,+1.55,+1.79,Matches
596,Yussuf Poulsen,FW,dk Denmark,27,1994,0,,,,,0,,0,0,,3,,,,,,,,,,,,Matches
597,Morteza Pouraliganji,DF,ir IR Iran,30,1992,3,270,90,100.0,3.0,3,90,3,0,,0,1.00,4,7,-3,-1.00,,3.2,4.2,-0.9,-0.32,,Matches
598,Ángelo Preciado,DF,ec Ecuador,24,1998,3,264,88,97.8,2.9,3,88,2,0,,0,1.33,4,3,+1,+0.34,+0.34,3.6,2.5,+1.1,+0.37,-0.79,Matches
599,Ayrton Preciado,MF,ec Ecuador,27,1994,0,,,,,0,,0,0,,3,,,,,,,,,,,,Matches
600,Christian Pulisic,"FW,MF",us United States,23,1998,4,315,79,87.5,3.5,4,79,3,0,,0,1.25,3,4,-1,-0.29,-0.29,3.7,3.9,-0.2,-0.05,+0.15,Matches
601,Adrien Rabiot,MF,fr France,27,1995,6,483,81,73.2,5.4,5,91,4,1,28,0,2.17,13,6,+7,+1.30,+0.80,10.4,7.1,+3.3,+0.62,+0.34,Matches
602,Uroš Račić,MF,rs Serbia,24,1998,0,,,,,0,,0,0,,3,,,,,,,,,,,,Matches
603,Nemanja Radonjić,"DF,FW",rs Serbia,26,1996,3,60,20,22.2,0.7,0,,0,3,20,0,0.33,0,2,-2,-3.00,-2.57,0.4,1.7,-1.3,-1.93,-0.79,Matches
604,Baba Rahman,DF,gh Ghana,27,1994,3,183,61,67.8,2.0,2,90,2,1,3,0,1.00,2,5,-3,-1.48,-2.51,2.5,4.1,-1.6,-0.79,-0.96,Matches
605,Predrag Rajković,GK,rs Serbia,26,1995,0,,,0.0,0.0,0,,0,0,,2,0.00,2,3,-1,,,,,,,,Matches
606,Moisés Ramírez,GK,ec Ecuador,21,2000,0,,,,,0,,0,0,,3,,,,,,,,,,,,Matches
607,Gonçalo Ramos,"FW,MF",pt Portugal,20,2001,4,152,38,33.8,1.7,2,70,0,2,6,1,2.25,6,3,+3,+1.78,+0.87,3.7,2.4,+1.3,+0.76,+0.76,Matches
608,Aaron Ramsdale,GK,eng England,24,1998,0,,,,,0,,0,0,,5,,,,,,,,,,,,Matches
609,Aaron Ramsey,MF,wls Wales,31,1990,3,266,89,98.5,3.0,3,89,2,0,,0,0.33,1,4,-3,-1.02,+43.98,2.6,4.1,-1.5,-0.49,+9.06,Matches
610,Raphinha,FW,br Brazil,25,1996,5,315,63,65.6,3.5,4,76,1,1,12,0,2.00,6,2,+4,+1.14,+0.60,8.1,1.4,+6.7,+1.91,+0.16,Matches
611,Marcus Rashford,FW,eng England,24,1997,5,140,28,31.1,1.6,1,74,0,4,17,0,2.00,5,1,+4,+2.57,+1.12,3.1,1.5,+1.6,+1.02,+0.14,Matches
612,David Raum,DF,de Germany,24,1998,3,242,81,89.6,2.7,3,81,1,0,,0,1.33,3,4,-1,-0.37,-6.80,6.6,2.9,+3.7,+1.39,-8.01,Matches
613,Bassam Al-Rawi,DF,qa Qatar,24,1997,1,90,90,33.3,1.0,1,90,1,0,,0,0.00,0,2,-2,-2.00,0.00,0.3,1.2,-0.9,-0.86,-0.23,Matches
614,David Raya,"FW,GK",es Spain,26,1995,0,,,,,0,,0,0,,4,,,,,,,,,,,,Matches
615,Tim Ream,DF,us United States,34,1987,4,360,90,100.0,4.0,4,90,4,0,,0,1.25,3,4,-1,-0.25,,4.1,4.4,-0.3,-0.07,,Matches
616,Djorkaeff Reasco,FW,ec Ecuador,23,1999,1,27,27,10.0,0.3,0,,0,1,27,2,0.00,1,1,0,0.00,-0.37,0.7,0.6,+0.1,+0.49,+0.11,Matches
617,Ahmed Reda Tagnaouti,GK,ma Morocco,26,1996,0,,,,,0,,0,0,,7,,,,,,,,,,,,Matches
618,Andrew Redmayne,GK,au Australia,33,1989,0,,,,,0,,0,0,,4,,,,,,,,,,,,Matches
619,Gio Reyna,FW,us United States,19,2002,2,53,27,14.7,0.6,0,,0,2,27,2,0.50,1,1,0,0.00,+0.29,1.0,1.5,-0.5,-0.90,-0.96,Matches
620,Ramin Rezaeian,DF,ir IR Iran,32,1990,2,180,90,66.7,2.0,2,90,2,0,,1,1.50,2,1,+1,+0.50,+4.50,1.9,2.0,-0.2,-0.10,+0.66,Matches
621,Everton Ribeiro,MF,br Brazil,33,1989,1,36,36,7.5,0.4,0,,0,1,36,4,0.00,0,1,-1,-2.50,-3.72,1.3,0.2,+1.1,+2.77,+0.98,Matches
622,Declan Rice,MF,eng England,23,1999,5,417,83,92.7,4.6,5,83,4,0,,0,2.00,12,4,+8,+1.73,-1.00,7.5,3.8,+3.6,+0.79,-1.88,Matches
623,Richarlison,FW,br Brazil,25,1997,4,323,81,67.3,3.6,4,81,1,0,,1,2.50,6,1,+5,+1.39,+1.39,7.6,1.3,+6.4,+1.77,-0.27,Matches
624,Fabian Rieder,FW,ch Switzerland,20,2002,2,68,34,18.9,0.8,1,58,0,1,10,2,1.50,0,0,0,0.00,+1.23,0.4,0.5,-0.1,-0.16,-0.29,Matches
625,Ró-Ró,DF,qa Qatar,31,1990,3,262,87,97.0,2.9,3,87,2,0,,0,0.00,1,6,-5,-1.72,+9.53,1.3,3.3,-2.1,-0.72,-0.22,Matches
626,Connor Roberts,DF,wls Wales,26,1995,3,200,67,74.1,2.2,2,73,1,1,54,0,0.33,1,4,-3,-1.35,+1.22,2.5,3.4,-0.9,-0.41,+0.86,Matches
627,Antonee Robinson,DF,us United States,24,1997,4,359,90,99.7,4.0,4,90,3,0,,0,1.25,3,4,-1,-0.25,-0.25,4.0,4.4,-0.4,-0.09,-6.84,Matches
628,Sergio Rochet,GK,uy Uruguay,29,1993,3,270,90,100.0,3.0,3,90,3,0,,0,1.33,2,2,0,0.00,,3.7,3.5,+0.1,+0.05,,Matches
629,Joe Rodon,DF,wls Wales,24,1997,3,270,90,100.0,3.0,3,90,3,0,,0,0.33,1,6,-5,-1.67,,2.7,4.6,-1.9,-0.63,,Matches
630,Rodri,DF,es Spain,25,1996,4,390,98,100.0,4.3,4,98,4,0,,0,1.25,9,3,+6,+1.38,,6.2,3.4,+2.7,+0.68,+0.68,Matches
631,Charly Rodríguez,MF,mx Mexico,25,1997,2,34,17,12.6,0.4,0,,0,2,17,1,2.00,0,1,-1,-2.65,-2.65,0.5,0.8,-0.3,-0.79,-1.25,Matches
632,Guido Rodríguez,MF,ar Argentina,28,1994,1,56,56,8.1,0.6,1,56,0,0,,6,3.00,0,0,0,0.00,-0.99,0.2,0.3,-0.1,-0.16,-1.65,Matches
633,Kevin Rodríguez,FW,ec Ecuador,22,2000,2,2,1,0.7,0.0,0,,0,2,1,1,2.00,0,0,0,0.00,-0.34,,,,,,Matches
634,Ricardo Rodríguez,DF,ch Switzerland,29,1992,4,359,90,99.7,4.0,4,90,3,0,,0,1.50,5,9,-4,-1.00,-1.00,5.5,5.3,+0.1,+0.03,-17.07,Matches
635,Rodrygo,"MF,FW",br Brazil,21,2001,5,181,36,37.7,2.0,1,54,0,4,32,0,2.00,2,1,+1,+0.50,-0.71,4.2,0.9,+3.3,+1.98,+0.18,Matches
636,Cristian Roldan,"FW,MF",us United States,27,1995,0,,,,,0,,0,0,,4,,,,,,,,,,,,Matches
637,Mohamed Ali Ben Romdhane,MF,tn Tunisia,22,1999,1,73,73,27.0,0.8,1,73,0,0,,2,3.00,1,0,+1,+1.23,+1.69,0.5,0.2,+0.3,+0.37,+0.74,Matches
638,Cristian Romero,DF,ar Argentina,24,1998,7,547,78,79.3,6.1,6,88,4,1,22,0,2.00,14,6,+8,+1.32,+1.95,13.3,3.9,+9.3,+1.63,+1.07,Matches
639,Luis Romo,"DF,MF",mx Mexico,27,1995,0,,,,,0,,0,0,,3,,,,,,,,,,,,Matches
640,Cristiano Ronaldo,FW,pt Portugal,37,1985,5,290,58,64.4,3.2,3,77,0,2,29,0,1.80,6,2,+4,+1.24,+0.12,4.2,3.2,+1.0,+0.30,+0.14,Matches
641,Marten de Roon,MF,nl Netherlands,31,1991,5,184,37,38.3,2.0,3,57,0,2,7,0,2.20,5,1,+4,+1.96,+1.35,2.3,1.3,+1.0,+0.50,+1.26,Matches
642,Kye Rowles,DF,au Australia,23,1998,4,360,90,100.0,4.0,4,90,4,0,,0,1.50,4,6,-2,-0.50,,2.3,7.2,-4.9,-1.23,,Matches
643,Antonio Rüdiger,DF,de Germany,29,1993,3,270,90,100.0,3.0,3,90,3,0,,0,1.33,6,5,+1,+0.33,,10.1,3.4,+6.7,+2.22,,Matches
644,Bryan Ruiz,MF,cr Costa Rica,36,1985,1,30,30,11.1,0.3,0,,0,1,30,2,0.00,0,3,-3,-9.00,-7.13,0.0,0.9,-0.9,-2.57,+0.37,Matches
645,Gerónimo Rulli,GK,ar Argentina,30,1992,0,,,,,0,,0,0,,7,,,,,,,,,,,,Matches
646,Mathew Ryan,GK,au Australia,30,1992,4,360,90,100.0,4.0,4,90,4,0,,0,1.50,4,6,-2,-0.50,,2.3,7.2,-4.9,-1.23,,Matches
647,Frederik Rønnow,GK,dk Denmark,29,1992,0,,,,,0,,0,0,,3,,,,,,,,,,,,Matches
648,José Sá,GK,pt Portugal,29,1993,0,,,,,0,,0,0,,5,,,,,,,,,,,,Matches
649,Youssouf Sabaly,DF,sn Senegal,29,1993,4,360,90,100.0,4.0,4,90,4,0,,0,1.50,5,7,-2,-0.50,,4.6,3.5,+1.0,+0.26,,Matches
650,Abdelhamid Sabiri,MF,ma Morocco,25,1996,5,181,36,27.4,2.0,2,55,0,3,24,2,1.60,5,3,+2,+0.99,+1.18,3.1,1.6,+1.5,+0.90,+1.30,Matches
651,Romain Saïss,DF,ma Morocco,32,1990,6,466,78,70.6,5.2,6,78,4,0,,1,1.83,5,2,+3,+0.58,+1.51,4.0,4.3,-0.4,-0.07,+0.11,Matches
652,Bukayo Saka,FW,eng England,20,2001,4,288,72,64.0,3.2,4,72,0,0,,1,1.75,8,3,+5,+1.56,-0.66,3.9,2.4,+1.5,+0.46,-1.31,Matches
653,Hiroki Sakai,"MF,DF",jp Japan,32,1990,2,119,60,30.5,1.3,1,73,0,1,46,2,2.00,0,1,-1,-0.76,-1.42,1.2,3.0,-1.8,-1.87,-2.22,Matches
654,Youstin Salas,"DF,MF",cr Costa Rica,25,1996,2,47,24,17.4,0.5,0,,0,2,24,1,1.50,2,3,-1,-1.91,+0.91,1.1,4.4,-3.3,-6.30,-4.12,Matches
655,William Saliba,DF,fr France,21,2001,1,28,28,4.2,0.3,0,,0,1,28,6,0.00,0,0,0,0.00,-1.14,0.6,0.0,+0.6,+1.93,+1.47,Matches
656,Mohammed Salisu,DF,gh Ghana,23,1999,3,270,90,100.0,3.0,3,90,3,0,,0,1.00,5,7,-2,-0.67,,4.1,5.6,-1.4,-0.48,,Matches
657,Tarek Salman,DF,qa Qatar,24,1997,1,8,8,3.0,0.1,0,,0,1,8,2,0.00,0,1,-1,-11.25,-9.53,0.2,0.2,0.0,-0.50,+0.22,Matches
658,Robert Sánchez,GK,es Spain,24,1997,0,,,,,0,,0,0,,4,,,,,,,,,,,,Matches
659,Alex Sandro,DF,br Brazil,31,1991,3,190,63,39.6,2.1,2,88,1,1,15,0,2.33,3,1,+2,+0.95,+0.02,3.4,0.6,+2.7,+1.41,-0.70,Matches
660,Leroy Sané,"FW,DF",de Germany,26,1996,2,111,56,41.1,1.2,1,90,1,1,21,1,2.00,5,2,+3,+2.43,+3.56,6.7,1.3,+5.4,+4.38,+3.67,Matches
661,Na Sang-ho,FW,kr Korea Republic,25,1996,2,119,60,33.1,1.3,1,74,0,1,45,2,0.50,2,1,+1,+0.76,+2.25,1.9,0.9,+1.1,+0.80,+2.13,Matches
662,Pablo Sarabia,FW,es Spain,30,1992,1,3,3,0.8,0.0,0,,0,1,3,3,1.00,0,0,0,0.00,-1.40,0.3,0.0,+0.3,,,Matches
663,Josh Sargent,FW,us United States,22,2000,3,157,52,43.6,1.7,2,75,0,1,8,1,1.67,2,0,+2,+1.15,+2.48,1.7,1.1,+0.6,+0.36,+0.77,Matches
664,Jeremy Sarmiento,"MF,FW",ec Ecuador,19,2002,3,85,28,31.5,0.9,0,,0,3,28,0,1.33,1,1,0,0.00,-0.49,0.9,0.6,+0.3,+0.32,-0.10,Matches
665,Ismaila Sarr,"FW,MF",sn Senegal,24,1998,4,344,86,95.6,3.8,4,86,3,0,,0,1.50,4,6,-2,-0.52,-0.52,4.3,3.3,+1.0,+0.27,+0.30,Matches
666,Ferjani Sassi,"MF,DF",tn Tunisia,30,1992,2,48,24,17.8,0.5,0,,0,2,24,1,0.50,0,0,0,0.00,0.00,0.6,0.3,+0.3,+0.51,+0.82,Matches
667,Joe Scally,DF,us United States,19,2002,0,,,,,0,,0,0,,4,,,,,,,,,,,,Matches
668,Fabian Schär,DF,ch Switzerland,30,1991,2,135,68,37.5,1.5,2,68,1,0,,2,1.50,3,4,-1,-0.67,+0.53,3.1,2.3,+0.8,+0.51,+0.68,Matches
669,Nico Schlotterbeck,DF,de Germany,22,1999,2,94,47,34.8,1.0,1,90,1,1,4,1,0.50,1,2,-1,-0.96,-1.98,3.1,1.5,+1.6,+1.54,-1.04,Matches
670,Kasper Schmeichel,GK,dk Denmark,35,1986,3,270,90,100.0,3.0,3,90,3,0,,0,0.33,1,3,-2,-0.67,,2.7,3.9,-1.2,-0.39,,Matches
671,Daniel Schmidt,GK,jp Japan,30,1992,0,,,,,0,,0,0,,4,,,,,,,,,,,,Matches
672,Haris Seferović,FW,ch Switzerland,30,1992,3,71,24,19.7,0.8,0,,0,3,24,1,1.00,1,4,-3,-3.80,-3.49,1.1,1.0,+0.1,+0.06,-0.02,Matches
673,Alidu Seidu,DF,gh Ghana,22,2000,2,155,78,57.4,1.7,2,78,1,0,,1,0.00,0,3,-3,-1.74,-2.52,1.6,3.3,-1.6,-0.95,-1.12,Matches
674,Antoine Semenyo,"FW,MF",gh Ghana,22,2000,2,20,10,7.4,0.2,0,,0,2,10,1,0.00,0,0,0,0.00,+0.72,0.6,0.2,+0.4,+1.75,+2.41,Matches
675,Patrick Sequeira,GK,cr Costa Rica,23,1999,0,,,,,0,,0,0,,3,,,,,,,,,,,,Matches
676,Kim Seung-gyu,GK,kr Korea Republic,31,1990,4,360,90,100.0,4.0,4,90,4,0,,0,1.00,5,8,-3,-0.75,,4.6,7.1,-2.5,-0.63,,Matches
677,Paik Seung-ho,MF,kr Korea Republic,25,1997,1,26,26,7.2,0.3,0,,0,1,26,3,0.00,1,0,+1,+3.46,+4.54,0.2,0.3,-0.1,-0.30,+0.36,Matches
678,Yasser Al-Shahrani,DF,sa Saudi Arabia,30,1992,1,89,89,33.0,1.0,1,89,0,0,,0,3.00,2,1,+1,+1.01,+2.50,0.1,2.1,-2.0,-2.00,-1.48,Matches
679,Xherdan Shaqiri,"FW,MF",ch Switzerland,30,1991,3,229,76,63.6,2.5,3,76,1,0,,1,2.00,5,8,-3,-1.18,-0.49,4.8,4.2,+0.7,+0.27,+0.52,Matches
680,Riyadh Sharahili,MF,sa Saudi Arabia,29,1993,1,54,54,20.0,0.6,0,,0,1,54,0,0.00,1,2,-1,-1.67,-1.25,1.0,1.5,-0.5,-0.79,+0.27,Matches
681,Luke Shaw,DF,eng England,26,1995,5,424,85,94.2,4.7,5,85,4,0,,0,2.00,12,4,+8,+1.70,-1.76,7.5,3.8,+3.6,+0.77,-2.61,Matches
682,Saad Al Sheeb,GK,qa Qatar,32,1990,1,90,90,33.3,1.0,1,90,1,0,,2,0.00,0,2,-2,-2.00,0.00,0.3,1.2,-0.9,-0.86,-0.23,Matches
683,Saleh Al-Shehri,FW,sa Saudi Arabia,28,1993,3,223,74,82.6,2.5,3,74,0,0,,0,1.00,2,5,-3,-1.21,-3.13,2.1,4.8,-2.7,-1.09,-0.46,Matches
684,Gaku Shibasaki,MF,jp Japan,30,1992,0,,,,,0,,0,0,,4,,,,,,,,,,,,Matches
685,André Silva,FW,pt Portugal,26,1995,1,26,26,5.8,0.3,0,,0,1,26,4,0.00,0,1,-1,-3.46,-4.95,0.1,0.9,-0.8,-2.79,-3.23,Matches
686,António Silva,DF,pt Portugal,18,2003,1,90,90,20.0,1.0,1,90,1,0,,4,0.00,1,2,-1,-1.00,-2.75,1.3,1.7,-0.4,-0.42,-0.84,Matches
687,Bernardo Silva,MF,pt Portugal,27,1994,5,356,71,79.1,4.0,4,87,2,1,9,0,1.80,10,4,+6,+1.52,+1.52,6.4,5.0,+1.4,+0.36,+0.54,Matches
688,Thiago Silva,DF,br Brazil,37,1984,4,390,98,81.3,4.3,4,98,4,0,,1,2.50,8,2,+6,+1.38,+2.38,9.5,1.6,+7.9,+1.98,+0.49,Matches
689,Unai Simón,GK,es Spain,25,1997,4,390,98,100.0,4.3,4,98,4,0,,0,1.25,9,3,+6,+1.38,,6.2,3.4,+2.7,+0.68,+0.68,Matches
690,Xavi Simons,"FW,MF",nl Netherlands,19,2003,1,9,9,1.9,0.1,0,,0,1,9,4,3.00,0,0,0,0.00,-1.15,0.0,0.2,-0.2,-2.00,-1.75,Matches
691,Ellyes Skhiri,MF,tn Tunisia,27,1995,3,270,90,100.0,3.0,3,90,3,0,,0,1.33,1,1,0,0.00,,2.3,2.8,-0.5,-0.17,,Matches
692,Michał Skóraś,MF,pl Poland,22,2000,1,45,45,12.5,0.5,0,,0,1,45,3,0.00,0,2,-2,-4.00,-4.00,0.1,1.7,-1.6,-3.22,-2.89,Matches
693,Łukasz Skorupski,GK,pl Poland,31,1991,0,,,,,0,,0,0,,4,,,,,,,,,,,,Matches
694,Andreas Skov Olsen,"FW,MF",dk Denmark,22,1999,2,132,66,48.9,1.5,2,66,0,0,,1,0.50,0,1,-1,-0.68,-0.03,0.8,1.4,-0.7,-0.45,-0.11,Matches
695,Robert Skov,DF,dk Denmark,26,1996,1,22,22,8.1,0.2,0,,0,1,22,2,0.00,0,0,0,0.00,+0.73,0.2,0.0,+0.2,+0.67,+1.16,Matches
696,Naïm Sliti,"MF,FW",tn Tunisia,29,1992,2,114,57,42.2,1.3,1,90,1,1,24,1,0.50,0,1,-1,-0.79,-1.37,0.9,1.7,-0.7,-0.59,-0.73,Matches
697,Matthew Smith,MF,wls Wales,22,1999,0,,,,,0,,0,0,,3,,,,,,,,,,,,Matches
698,Carlos Soler,MF,es Spain,25,1997,2,92,46,23.6,1.0,0,,0,2,46,2,2.00,3,0,+3,+2.93,+2.03,1.6,0.5,+1.1,+1.61,+1.16,Matches
699,Yuki Soma,"FW,MF",jp Japan,25,1997,1,81,81,20.8,0.9,1,81,0,0,,3,0.00,0,1,-1,-1.11,-1.69,0.7,0.1,+0.6,+0.63,+0.98,Matches
700,Yann Sommer,GK,ch Switzerland,33,1988,3,270,90,75.0,3.0,3,90,3,0,,0,1.00,2,7,-5,-1.67,-2.67,3.0,4.0,-1.1,-0.35,-1.73,Matches
701,Borna Sosa,DF,hr Croatia,24,1998,5,424,85,61.4,4.7,5,85,3,0,,1,1.20,4,4,0,0.00,-0.34,4.5,7.7,-3.2,-0.69,-0.42,Matches
702,Sebastián Sosa,GK,uy Uruguay,35,1986,0,,,,,0,,0,0,,3,,,,,,,,,,,,Matches
703,Marou Souaibou,FW,cm Cameroon,21,2000,0,,,,,0,,0,0,,3,,,,,,,,,,,,Matches
704,Harry Souttar,DF,au Australia,23,1998,4,360,90,100.0,4.0,4,90,4,0,,0,1.50,4,6,-2,-0.50,,2.3,7.2,-4.9,-1.23,,Matches
705,Djibril Sow,MF,ch Switzerland,25,1997,4,264,66,73.3,2.9,4,66,0,0,,0,1.50,4,5,-1,-0.34,+2.47,4.3,4.1,+0.1,+0.04,-0.14,Matches
706,Kamal Sowah,"FW,MF",gh Ghana,22,2000,0,,,,,0,,0,0,,3,,,,,,,,,,,,Matches
707,Dayne St. Clair,GK,ca Canada,25,1997,0,,,,,0,,0,0,,3,,,,,,,,,,,,Matches
708,Josip Stanišić,DF,hr Croatia,22,2000,1,90,90,13.0,1.0,1,90,1,0,,5,3.00,2,1,+1,+1.00,+1.00,0.7,1.2,-0.5,-0.53,-0.01,Matches
709,Renato Steffen,FW,ch Switzerland,30,1991,1,32,32,8.9,0.4,0,,0,1,32,2,0.00,0,1,-1,-2.81,-1.99,0.1,0.5,-0.4,-1.03,-1.22,Matches
710,Raheem Sterling,FW,eng England,27,1994,3,149,50,33.1,1.7,2,69,0,1,12,1,1.33,4,1,+3,+1.81,+0.02,2.4,1.0,+1.5,+0.88,-0.06,Matches
711,John Stones,DF,eng England,28,1994,5,434,87,96.4,4.8,5,87,3,0,,0,2.00,13,4,+9,+1.87,+1.87,8.4,3.8,+4.6,+0.95,+0.70,Matches
712,Jens Stryger Larsen,"DF,MF",dk Denmark,31,1991,0,,,,,0,,0,0,,3,,,,,,,,,,,,Matches
713,Luis Suárez,FW,uy Uruguay,35,1987,3,146,49,54.1,1.6,2,64,0,1,18,0,1.33,2,1,+1,+0.62,+1.34,2.4,2.5,-0.1,-0.04,-0.19,Matches
714,Luka Sučić,MF,hr Croatia,19,2002,0,,,,,0,,0,0,,7,,,,,,,,,,,,Matches
715,Niklas Süle,DF,de Germany,26,1995,3,269,90,99.6,3.0,3,90,2,0,,0,1.33,6,5,+1,+0.33,+0.33,9.5,3.4,+6.1,+2.05,-44.55,Matches
716,Kamaldeen Sulemana,FW,gh Ghana,20,2002,2,58,29,21.5,0.6,0,,0,2,29,1,1.50,0,0,0,0.00,+0.85,0.7,0.8,-0.1,-0.10,+0.48,Matches
717,Josip Šutalo,DF,hr Croatia,22,2000,1,90,90,13.0,1.0,1,90,1,0,,6,3.00,2,1,+1,+1.00,+1.00,0.7,1.2,-0.5,-0.53,-0.01,Matches
718,Karol Świderski,FW,pl Poland,25,1997,1,45,45,12.5,0.5,1,45,0,0,,3,0.00,0,0,0,0.00,+0.57,0.2,1.8,-1.6,-3.10,-2.76,Matches
719,Wojciech Szczęsny,GK,pl Poland,32,1990,4,360,90,100.0,4.0,4,90,4,0,,0,1.00,3,5,-2,-0.50,,4.5,7.3,-2.7,-0.69,,Matches
720,Damian Szymański,MF,pl Poland,26,1995,1,29,29,8.1,0.3,0,,0,1,29,3,0.00,0,1,-1,-3.10,-2.83,0.0,1.1,-1.1,-3.40,-2.95,Matches
721,Sebastian Szymański,MF,pl Poland,23,1999,2,134,67,37.2,1.5,2,67,0,0,,2,0.50,0,1,-1,-0.67,-0.27,1.6,1.7,-0.2,-0.12,+0.90,Matches
722,Dušan Tadić,"MF,FW",rs Serbia,33,1988,3,257,86,95.2,2.9,3,86,2,0,,0,0.33,5,8,-3,-1.05,-1.05,3.3,7.0,-3.8,-1.32,-0.16,Matches
723,Kim Tae-hwan,"DF,MF",kr Korea Republic,32,1989,0,,,,,0,,0,0,,4,,,,,,,,,,,,Matches
724,Nicolás Tagliafico,DF,ar Argentina,29,1992,6,373,62,54.1,4.1,3,93,1,3,31,1,1.83,8,8,0,0.00,-1.99,9.7,3.5,+6.2,+1.62,+0.53,Matches
725,Alfredo Talavera,GK,mx Mexico,39,1982,0,,,,,0,,0,0,,3,,,,,,,,,,,,Matches
726,Montassar Talbi,DF,tn Tunisia,24,1998,3,270,90,100.0,3.0,3,90,3,0,,0,1.33,1,1,0,0.00,,2.3,2.8,-0.5,-0.17,,Matches
727,Hassan Al Tambakti,DF,sa Saudi Arabia,23,1999,2,180,90,66.7,2.0,2,90,2,0,,1,1.50,3,3,0,0.00,+2.00,1.3,4.5,-3.2,-1.60,-1.76,Matches
728,Ao Tanaka,MF,jp Japan,23,1998,3,171,57,43.8,1.9,2,78,0,1,15,1,2.33,2,2,0,0.00,-0.41,1.8,3.6,-1.8,-1.01,-1.43,Matches
729,Shogo Taniguchi,DF,jp Japan,30,1991,2,210,105,53.8,2.3,2,105,2,0,,2,2.00,3,2,+1,+0.43,+0.43,2.7,2.5,+0.2,+0.09,+0.45,Matches
730,Mehdi Taremi,FW,ir IR Iran,29,1992,3,270,90,100.0,3.0,3,90,3,0,,0,1.00,4,7,-3,-1.00,,3.2,4.2,-0.9,-0.32,,Matches
731,Kenneth Taylor,MF,nl Netherlands,20,2002,1,5,5,1.0,0.1,0,,0,1,5,4,3.00,0,0,0,0.00,-1.14,0.0,0.0,0.0,+0.09,+0.36,Matches
732,Aurélien Tchouaméni,MF,fr France,22,2000,7,621,89,94.1,6.9,7,89,5,0,,0,2.29,14,7,+7,+1.01,-1.29,13.2,8.9,+4.2,+0.65,+1.16,Matches
733,Yeltsin Tejeda,MF,cr Costa Rica,30,1992,3,269,90,99.6,3.0,3,90,2,0,,0,1.00,3,11,-8,-2.68,-2.68,1.4,9.6,-8.2,-2.74,+43.87,Matches
734,Alex Telles,DF,br Brazil,29,1992,2,59,30,12.3,0.7,1,54,0,1,5,1,1.50,0,0,0,0.00,-1.07,1.4,0.2,+1.2,+1.79,-0.08,Matches
735,Marc-André ter Stegen,GK,de Germany,30,1992,0,,,,,0,,0,0,,3,,,,,,,,,,,,Matches
736,Arthur Theate,DF,be Belgium,22,2000,0,,,,,0,,0,0,,3,,,,,,,,,,,,Matches
737,Sorba Thomas,MF,wls Wales,22,1999,1,1,1,0.4,0.0,0,,0,1,1,2,1.00,0,0,0,0.00,+1.67,0.0,0.0,0.0,0.00,+0.63,Matches
738,Marcus Thuram,"FW,MF",fr France,24,1997,5,151,30,22.9,1.7,0,,0,5,30,2,2.60,6,3,+3,+1.79,+0.90,4.7,4.0,+0.7,+0.54,+0.01,Matches
739,Youri Tielemans,MF,be Belgium,25,1997,3,95,32,35.2,1.1,1,45,0,2,25,0,1.33,1,2,-1,-0.95,-0.95,1.6,3.2,-1.6,-1.48,-2.37,Matches
740,Marco Tilio,MF,au Australia,20,2001,0,,,,,0,,0,0,,4,,,,,,,,,,,,Matches
741,Jurriën Timber,DF,nl Netherlands,20,2001,4,390,98,81.3,4.3,4,98,4,0,,1,2.00,8,4,+4,+0.92,-1.08,3.9,5.2,-1.2,-0.31,-0.15,Matches
742,Karl Toko Ekambi,"FW,MF",cm Cameroon,29,1992,3,166,55,61.5,1.8,2,70,0,1,27,0,1.33,4,4,0,0.00,0.00,3.1,3.9,-0.8,-0.42,+0.95,Matches
743,Nouhou Tolo,DF,cm Cameroon,24,1997,3,270,90,100.0,3.0,3,90,3,0,,0,1.33,4,4,0,0.00,,3.4,5.8,-2.3,-0.78,,Matches
744,Takehiro Tomiyasu,"DF,MF",jp Japan,23,1998,3,187,62,47.9,2.1,1,120,1,2,34,1,2.33,3,1,+2,+0.96,+1.41,2.9,3.2,-0.3,-0.17,-0.02,Matches
745,Mehdi Torabi,MF,ir IR Iran,27,1994,3,62,21,23.0,0.7,0,,0,3,21,0,1.00,4,2,+2,+2.90,+5.07,1.9,1.5,+0.5,+0.68,+1.29,Matches
746,Lucas Torreira,MF,uy Uruguay,26,1996,0,,,,,0,,0,0,,3,,,,,,,,,,,,Matches
747,Félix Torres Caicedo,DF,ec Ecuador,25,1997,3,270,90,100.0,3.0,3,90,3,0,,0,1.33,4,3,+1,+0.33,,3.7,2.6,+1.2,+0.39,,Matches
748,Facundo Torres,"FW,MF",uy Uruguay,22,2000,0,,,,,0,,0,0,,3,,,,,,,,,,,,Matches
749,Ferrán Torres,FW,es Spain,22,2000,4,217,54,55.6,2.4,3,61,0,1,34,0,1.25,4,0,+4,+1.66,+0.62,3.4,0.6,+2.7,+1.13,+1.12,Matches
750,Gerson Torres,MF,cr Costa Rica,24,1997,1,64,64,23.7,0.7,1,64,0,0,,2,3.00,0,0,0,0.00,+3.50,0.0,0.5,-0.4,-0.61,+2.99,Matches
751,Pau Torres,DF,es Spain,25,1997,1,90,90,23.1,1.0,1,90,1,0,,3,0.00,1,2,-1,-1.00,-3.10,1.0,1.4,-0.4,-0.42,-1.36,Matches
752,Kevin Trapp,GK,de Germany,31,1990,0,,,,,0,,0,0,,3,,,,,,,,,,,,Matches
753,Kieran Trippier,DF,eng England,31,1990,3,206,69,45.8,2.3,2,90,2,1,26,2,2.33,7,2,+5,+2.18,+0.71,4.1,2.2,+1.9,+0.82,-0.20,Matches
754,Leandro Trossard,"FW,MF",be Belgium,27,1994,3,103,34,38.1,1.1,1,58,0,2,23,0,1.33,0,1,-1,-0.87,-0.87,1.4,1.4,0.0,-0.01,-0.10,Matches
755,Matt Turner,GK,us United States,27,1994,4,360,90,100.0,4.0,4,90,4,0,,0,1.25,3,4,-1,-0.25,,4.1,4.4,-0.3,-0.07,,Matches
756,Ayase Ueda,FW,jp Japan,23,1998,1,45,45,11.5,0.5,1,45,0,0,,3,0.00,0,0,0,0.00,-0.26,0.0,0.0,0.0,-0.03,+0.15,Matches
757,Manuel Ugarte Ribeiro,MF,uy Uruguay,21,2001,0,,,,,0,,0,0,,3,,,,,,,,,,,,Matches
758,Ike Ugbo,FW,ca Canada,23,1998,0,,,,,0,,0,0,,3,,,,,,,,,,,,Matches
759,Hwang Ui-jo,"FW,MF",kr Korea Republic,29,1992,4,106,27,29.4,1.2,1,73,0,3,11,0,1.00,1,0,+1,+0.85,+2.27,1.7,0.7,+0.9,+0.78,+2.00,Matches
760,Dayot Upamecano,DF,fr France,23,1998,5,480,96,72.7,5.3,5,96,5,0,,2,2.60,14,7,+7,+1.31,+0.81,10.9,8.5,+2.4,+0.49,-0.12,Matches
761,Enner Valencia,"FW,MF",ec Ecuador,32,1989,3,255,85,94.4,2.8,3,85,1,0,,0,1.33,4,3,+1,+0.35,+0.35,3.6,2.5,+1.1,+0.38,-0.20,Matches
762,Federico Valverde,MF,uy Uruguay,23,1998,3,270,90,100.0,3.0,3,90,3,0,,0,1.33,2,2,0,0.00,,3.7,3.5,+0.1,+0.05,,Matches
763,Virgil van Dijk,DF,nl Netherlands,30,1991,5,480,96,100.0,5.3,5,96,5,0,,0,2.20,10,4,+6,+1.13,,4.6,6.1,-1.5,-0.29,-0.29,Matches
764,Hans Vanaken,MF,be Belgium,29,1992,0,,,,,0,,0,0,,3,,,,,,,,,,,,Matches
765,Raphaël Varane,DF,fr France,29,1993,6,518,86,78.5,5.8,6,86,3,0,,1,2.17,10,7,+3,+0.52,-2.65,7.1,9.0,-2.0,-0.34,-4.04,Matches
766,Guillermo Varela,DF,uy Uruguay,29,1993,3,183,61,67.8,2.0,2,90,2,1,3,0,1.33,2,2,0,0.00,0.00,3.1,3.0,+0.2,+0.08,+0.08,Matches
767,Ruben Vargas,FW,ch Switzerland,23,1998,4,285,71,79.2,3.2,4,71,0,0,,0,1.50,5,6,-1,-0.32,+3.28,4.9,4.3,+0.6,+0.18,+0.47,Matches
768,Johan Vásquez,DF,mx Mexico,23,1998,0,,,,,0,,0,0,,3,,,,,,,,,,,,Matches
769,Matías Vecino,MF,uy Uruguay,30,1991,3,195,65,72.2,2.2,2,69,0,1,57,0,1.33,0,1,-1,-0.46,-1.66,1.6,1.7,0.0,-0.01,-0.22,Matches
770,Alexis Vega,FW,mx Mexico,24,1997,3,193,64,71.5,2.1,3,64,0,0,,0,1.33,0,1,-1,-0.47,-0.47,1.9,1.3,+0.7,+0.31,+0.02,Matches
771,Miloš Veljković,DF,rs Serbia,26,1995,3,221,74,81.9,2.5,3,74,1,0,,0,0.33,5,8,-3,-1.22,-1.22,3.0,6.2,-3.2,-1.30,+0.09,Matches
772,Johan Venegas,"FW,MF",cr Costa Rica,33,1988,1,73,73,27.0,0.8,1,73,0,0,,2,0.00,2,2,0,0.00,+3.65,1.3,3.0,-1.7,-2.11,+1.08,Matches
773,Jordan Veretout,MF,fr France,29,1993,1,62,62,9.4,0.7,1,62,0,0,,6,0.00,0,1,-1,-1.45,-2.81,0.2,0.5,-0.3,-0.44,-1.07,Matches
774,Jan Vertonghen,DF,be Belgium,35,1987,3,270,90,100.0,3.0,3,90,3,0,,0,1.33,1,2,-1,-0.33,,4.7,4.6,+0.2,+0.05,,Matches
775,Domagoj Vida,"DF,MF",hr Croatia,33,1989,0,,,,,0,,0,0,,6,,,,,,,,,,,,Matches
776,Matías Viña,DF,uy Uruguay,24,1997,2,17,9,6.3,0.2,0,,0,2,9,1,0.50,0,1,-1,-5.29,-5.65,0.2,1.0,-0.8,-4.38,-4.73,Matches
777,Vitinha,MF,pt Portugal,22,2000,3,120,40,26.7,1.3,1,81,0,2,20,2,1.00,2,1,+1,+0.75,-0.61,1.8,1.7,0.0,+0.03,-0.30,Matches
778,Steven Vitória,DF,ca Canada,35,1987,3,270,90,100.0,3.0,3,90,3,0,,0,0.00,2,7,-5,-1.67,,4.2,3.9,+0.3,+0.11,,Matches
779,Dušan Vlahović,FW,rs Serbia,22,2000,2,79,40,29.3,0.9,1,54,0,1,25,1,0.00,2,4,-2,-2.28,-1.81,1.2,2.1,-0.9,-0.98,+0.47,Matches
780,Nikola Vlašić,"FW,MF",hr Croatia,24,1997,6,209,35,30.3,2.3,1,45,0,5,33,1,1.50,2,2,0,0.00,-0.19,2.5,3.3,-0.7,-0.43,+0.13,Matches
781,Stefan de Vrij,DF,nl Netherlands,30,1992,0,,,,,0,,0,0,,5,,,,,,,,,,,,Matches
782,Danny Vukovic,GK,au Australia,37,1985,0,,,,,0,,0,0,,4,,,,,,,,,,,,Matches
783,Mohammed Waad,"MF,DF",qa Qatar,22,1999,2,28,14,10.4,0.3,0,,0,2,14,1,0.00,0,1,-1,-3.21,-1.35,0.2,0.3,-0.1,-0.17,+0.60,Matches
784,Kyle Walker,DF,eng England,32,1990,3,236,79,52.4,2.6,3,79,2,0,,2,2.00,6,2,+4,+1.53,-0.58,4.6,1.9,+2.8,+1.05,+0.27,Matches
785,Danny Ward,GK,wls Wales,28,1993,2,94,47,34.8,1.0,1,90,1,1,4,1,0.00,0,5,-5,-4.79,-4.79,0.4,2.9,-2.5,-2.35,-2.65,Matches
786,Daniel Wass,"DF,MF",dk Denmark,33,1989,0,,,,,0,,0,0,,3,,,,,,,,,,,,Matches
787,Kendall Waston,DF,cr Costa Rica,34,1988,3,225,75,83.3,2.5,2,90,2,1,45,0,1.00,3,8,-5,-2.00,+4.00,1.4,7.7,-6.2,-2.49,+2.46,Matches
788,Joel Waterman,DF,ca Canada,26,1996,0,,,,,0,,0,0,,3,,,,,,,,,,,,Matches
789,Timothy Weah,FW,us United States,22,2000,4,316,79,87.8,3.5,4,79,0,0,,0,1.25,2,3,-1,-0.28,-0.28,3.4,2.6,+0.8,+0.23,+2.51,Matches
790,Wout Weghorst,FW,nl Netherlands,29,1992,4,64,16,13.3,0.7,0,,0,4,16,1,2.00,2,0,+2,+2.81,+1.95,0.5,0.6,-0.1,-0.40,-0.13,Matches
791,Wéverton,GK,br Brazil,34,1987,1,11,11,2.3,0.1,0,,0,1,11,4,3.00,0,0,0,0.00,-0.96,0.3,0.1,+0.2,+1.71,-0.16,Matches
792,Ben White,DF,eng England,24,1997,0,,,,,0,,0,0,,2,,,,,,,,,,,,Matches
793,Silvan Widmer,DF,ch Switzerland,29,1993,3,265,88,73.6,2.9,3,88,2,0,,0,2.00,4,3,+1,+0.34,+5.08,4.4,2.8,+1.6,+0.55,+1.79,Matches
794,Mateusz Wieteska,DF,pl Poland,25,1997,0,,,,,0,,0,0,,4,,,,,,,,,,,,Matches
795,Iñaki Williams,FW,gh Ghana,27,1994,3,270,90,100.0,3.0,3,90,3,0,,0,1.00,5,7,-2,-0.67,,3.5,5.4,-1.8,-0.66,-2.61,Matches
796,Jonny Williams,"FW,MF",wls Wales,28,1993,0,,,,,0,,0,0,,3,,,,,,,,,,,,Matches
797,Neco Williams,DF,wls Wales,21,2001,3,204,68,75.6,2.3,3,68,1,0,,0,0.33,0,3,-3,-1.32,+1.40,1.5,2.7,-1.2,-0.53,+0.37,Matches
798,Nico Williams,FW,es Spain,19,2002,4,146,37,37.4,1.6,1,56,0,3,30,0,1.25,4,3,+1,+0.62,-1.23,2.0,2.6,-0.6,-0.38,-1.61,Matches
799,Callum Wilson,FW,eng England,30,1992,2,48,24,10.7,0.5,0,,0,2,24,3,3.00,2,1,+1,+1.87,+0.08,1.9,1.2,+0.7,+1.28,+0.40,Matches
800,Harry Wilson,"MF,FW",wls Wales,25,1997,3,160,53,59.3,1.8,2,73,0,1,14,0,0.33,1,1,0,0.00,+4.09,2.3,2.4,-0.2,-0.09,+1.31,Matches
801,Roan Wilson,MF,cr Costa Rica,20,2002,1,1,1,0.4,0.0,0,,0,1,1,2,0.00,0,0,0,0.00,+2.68,0.0,0.5,-0.5,-46.61,-43.87,Matches
802,Jonas Wind,FW,dk Denmark,23,1999,0,,,,,0,,0,0,,3,,,,,,,,,,,,Matches
803,Axel Witsel,MF,be Belgium,33,1989,3,270,90,100.0,3.0,3,90,3,0,,0,1.33,1,2,-1,-0.33,,4.7,4.6,+0.2,+0.05,,Matches
804,Jeong Woo-yeong,MF,kr Korea Republic,22,1999,1,45,45,12.5,0.5,1,45,0,0,,3,0.00,0,2,-2,-4.00,-3.71,0.4,1.2,-0.8,-1.66,-1.18,Matches
805,Jung Woo-young,MF,kr Korea Republic,32,1989,4,303,76,84.2,3.4,4,76,2,0,,0,1.00,4,8,-4,-1.19,-2.77,3.9,6.3,-2.4,-0.70,-0.47,Matches
806,Christopher Wooh,DF,cm Cameroon,20,2001,1,90,90,33.3,1.0,1,90,1,0,,2,3.00,1,0,+1,+1.00,+1.50,0.5,2.5,-2.0,-1.99,-1.80,Matches
807,David Wotherspoon,MF,ca Canada,32,1990,1,15,15,5.6,0.2,0,,0,1,15,2,0.00,0,0,0,0.00,+1.76,0.0,0.0,0.0,0.00,-0.12,Matches
808,Bailey Wright,DF,au Australia,29,1992,1,17,17,4.7,0.2,0,,0,1,17,3,3.00,0,0,0,0.00,+0.52,0.0,0.2,-0.2,-0.87,+0.37,Matches
809,Haji Wright,FW,us United States,24,1998,4,137,34,38.1,1.5,1,82,0,3,18,0,1.25,1,2,-1,-0.66,-0.66,1.4,2.8,-1.4,-0.94,-1.40,Matches
810,Granit Xhaka,MF,ch Switzerland,29,1992,4,360,90,100.0,4.0,4,90,4,0,,0,1.50,5,9,-4,-1.00,,5.6,5.3,+0.3,+0.08,,Matches
811,Miki Yamane,"DF,MF",jp Japan,28,1993,1,61,61,15.6,0.7,1,61,0,0,,3,0.00,0,0,0,0.00,-0.27,0.4,0.0,+0.3,+0.48,+0.75,Matches
812,Mohammed Al Yami,GK,sa Saudi Arabia,24,1997,0,,,,,0,,0,0,,3,,,,,,,,,,,,Matches
813,Jawad El Yamiq,DF,ma Morocco,30,1992,6,309,52,46.8,3.4,3,82,2,3,21,1,1.67,3,4,-1,-0.29,-0.80,4.1,4.0,+0.1,+0.04,+0.26,Matches
814,Taha Yassine Khenissi,FW,tn Tunisia,30,1992,2,29,15,10.7,0.3,0,,0,2,15,1,0.50,0,0,0,0.00,0.00,0.4,0.2,+0.2,+0.59,+0.85,Matches
815,DeAndre Yedlin,DF,us United States,28,1993,2,33,17,9.2,0.4,0,,0,2,17,2,0.50,1,2,-1,-2.73,-2.73,0.5,1.6,-1.1,-3.03,-3.25,Matches
816,Maya Yoshida,DF,jp Japan,33,1988,4,390,98,100.0,4.3,4,98,4,0,,0,1.75,5,4,+1,+0.23,,5.0,5.7,-0.7,-0.17,-0.17,Matches
817,Kim Young-gwon,DF,kr Korea Republic,32,1990,4,350,88,97.2,3.9,4,88,3,0,,0,1.00,4,8,-4,-1.03,-10.03,3.9,7.1,-3.2,-0.81,-6.52,Matches
818,Cho Yumin,FW,kr Korea Republic,25,1996,1,1,1,0.3,0.0,0,,0,1,1,3,3.00,0,0,0,0.00,+0.75,0.0,0.0,0.0,0.00,+0.63,Matches
819,Denis Zakaria,MF,ch Switzerland,25,1996,2,59,30,16.4,0.7,0,,0,2,30,2,1.50,1,3,-2,-3.05,-2.45,1.1,0.9,+0.3,+0.44,+0.43,Matches
820,Nicola Zalewski,MF,pl Poland,20,2002,2,65,33,18.1,0.7,1,45,0,1,20,2,0.50,1,2,-1,-1.38,-1.08,1.0,0.6,+0.4,+0.58,+1.55,Matches
821,Andre-Frank Zambo Anguissa,MF,cm Cameroon,26,1995,3,260,87,96.3,2.9,3,87,2,0,,0,1.33,4,4,0,0.00,0.00,3.4,5.6,-2.3,-0.78,-0.04,Matches
822,Álvaro Zamora,MF,cr Costa Rica,20,2002,1,30,30,11.1,0.3,0,,0,1,30,2,0.00,0,3,-3,-9.00,-7.13,0.0,0.9,-0.9,-2.57,+0.37,Matches
823,Anass Zaroury,FW,ma Morocco,21,2000,1,27,27,4.1,0.3,0,,0,1,27,6,0.00,0,0,0,0.00,-0.14,0.4,0.3,+0.1,+0.40,+0.53,Matches
824,Piotr Zieliński,"MF,FW",pl Poland,28,1994,4,328,82,91.1,3.6,4,82,2,0,,0,1.00,2,5,-3,-0.82,-3.64,3.2,6.9,-3.7,-1.02,-3.85,Matches
825,Walker Zimmerman,DF,us United States,29,1993,4,279,70,77.5,3.1,3,90,3,1,9,0,1.25,2,4,-2,-0.65,-1.76,3.0,4.1,-1.1,-0.37,-1.30,Matches
826,Andrija Živković,DF,rs Serbia,25,1996,3,210,70,77.8,2.3,3,70,0,0,,0,0.33,5,6,-1,-0.43,+2.57,3.0,5.6,-2.7,-1.14,+0.79,Matches
827,Hakim Ziyech,FW,ma Morocco,29,1993,7,635,91,96.2,7.1,7,91,5,0,,0,1.57,6,5,+1,+0.14,+0.14,6.0,7.2,-1.1,-0.17,-0.72,Matches
828,Szymon Żurkowski,MF,pl Poland,24,1997,0,,,,,0,,0,0,,4,,,,,,,,,,,,Matches
829,Filip Đuričić,"MF,FW",rs Serbia,30,1992,2,14,7,5.2,0.2,0,,0,2,7,1,0.50,0,0,0,0.00,+1.05,0.1,0.3,-0.2,-1.12,+0.21,Matches
