Rk,Player,Pos,Squad,Age,Born,90s,Cmp,Att,Cmp%,TotDist,PrgDist,Cmp,Att,Cmp%,Cmp,Att,Cmp%,Cmp,Att,Cmp%,Ast,xAG,xA,A-xAG,KP,1/3,PPA,CrsPA,Prog,Matches
1,Brenden Aaronson,MF,us United States,21,2000,1.2,41,50,82.0,566,125,24,27,88.9,14,15,93.3,0,2,0.0,0,0.2,0.1,-0.2,3,3,3,0,5,Matches
2,Ali Abdi,DF,tn Tunisia,28,1993,2.1,72,116,62.1,1451,630,25,31,80.6,38,57,66.7,9,22,40.9,0,0.0,0.1,0.0,1,4,2,0,6,Matches
3,Salis Abdul Samed,MF,gh Ghana,22,2000,2.8,129,145,89.0,2046,466,70,70,100.0,49,54,90.7,9,15,60.0,0,0.0,0.1,0.0,1,11,0,0,2,Matches
4,Saud Abdulhamid,"DF,MF",sa Saudi Arabia,22,1999,3.0,88,122,72.1,1395,541,40,46,87.0,38,54,70.4,6,11,54.5,0,0.0,0.1,0.0,2,9,4,1,11,Matches
5,Nawaf Al Abed,MF,sa Saudi Arabia,32,1990,1.0,33,39,84.6,458,60,23,24,95.8,7,10,70.0,1,2,50.0,0,0.1,0.0,-0.1,1,2,0,0,0,Matches
6,Pape Abou Cissé,DF,sn Senegal,26,1995,1.2,28,37,75.7,666,282,8,9,88.9,14,16,87.5,6,12,50.0,0,0.0,0.0,0.0,0,2,0,0,0,Matches
7,Vincent Aboubakar,FW,cm Cameroon,30,1992,1.6,20,31,64.5,343,53,9,13,69.2,7,13,53.8,3,3,100.0,1,0.6,0.3,+0.4,2,2,0,0,2,Matches
8,Abdulrahman Al-Aboud,"MF,DF",sa Saudi Arabia,27,1995,0.4,8,13,61.5,79,19,5,5,100.0,2,5,40.0,0,0,,0,0.0,0.0,0.0,1,0,1,0,1,Matches
9,Zakaria Aboukhlal,"FW,MF",ma Morocco,22,2000,0.9,7,14,50.0,88,22,5,8,62.5,1,3,33.3,1,3,33.3,0,0.0,0.0,0.0,0,0,0,0,0,Matches
10,Kellyn Acosta,MF,us United States,26,1995,0.5,10,12,83.3,165,29,3,4,75.0,7,7,100.0,0,0,,0,0.0,0.0,0.0,0,0,0,0,0,Matches
11,Marcos Acuña,"DF,FW",ar Argentina,30,1991,4.1,167,217,77.0,2683,679,97,113,85.8,60,73,82.2,9,21,42.9,0,0.3,0.4,-0.3,5,9,2,0,9,Matches
12,Tyler Adams,MF,us United States,23,1999,4.0,241,271,88.9,4348,1095,111,121,91.7,103,110,93.6,24,27,88.9,0,0.4,0.4,-0.4,2,23,3,0,17,Matches
13,Sam Adekugbe,DF,ca Canada,27,1995,1.1,63,71,88.7,1003,311,31,33,93.9,27,28,96.4,4,7,57.1,0,0.1,0.1,-0.1,1,4,2,2,4,Matches
14,Michel Aebischer,"MF,FW",ch Switzerland,25,1997,0.2,2,4,50.0,23,0,2,2,100.0,0,1,0.0,0,0,,0,0.0,0.0,0.0,0,0,0,0,0,Matches
15,Akram Afif,FW,qa Qatar,25,1996,3.0,139,165,84.2,2502,645,45,50,90.0,60,66,90.9,21,28,75.0,0,0.3,0.3,-0.3,5,10,4,1,7,Matches
16,Nayef Aguerd,DF,ma Morocco,26,1996,3.9,137,158,86.7,2659,996,53,57,93.0,64,68,94.1,20,31,64.5,0,0.0,0.0,0.0,1,3,0,0,3,Matches
17,Brandon Aguilera,MF,cr Costa Rica,18,2003,1.0,27,38,71.1,398,134,12,16,75.0,13,13,100.0,1,4,25.0,0,0.0,0.0,0.0,0,1,0,0,2,Matches
18,Homam Ahmed,DF,qa Qatar,22,1999,2.9,77,105,73.3,1196,182,45,52,86.5,24,31,77.4,5,10,50.0,0,0.0,0.0,0.0,2,1,0,0,2,Matches
19,Manuel Akanji,DF,ch Switzerland,26,1995,4.0,229,259,88.4,4725,1829,71,78,91.0,124,134,92.5,32,42,76.2,0,0.1,0.1,-0.1,1,15,0,0,14,Matches
20,Nathan Aké,DF,nl Netherlands,27,1995,5.3,315,349,90.3,5204,1703,154,165,93.3,138,144,95.8,20,33,60.6,0,0.0,0.1,0.0,0,29,1,0,19,Matches
21,Ahmed Alaaeldin,FW,qa Qatar,29,1993,0.1,0,2,0.0,0,0,0,0,,0,0,,0,1,0.0,0,0.0,0.0,0.0,0,0,0,0,0,Matches
22,Jordi Alba,DF,es Spain,33,1989,2.9,328,372,88.2,5403,1384,160,174,92.0,144,157,91.7,20,28,71.4,2,0.9,0.7,+1.1,5,33,7,2,23,Matches
23,Toby Alderweireld,DF,be Belgium,33,1989,3.0,248,273,90.8,5259,1904,58,60,96.7,166,172,96.5,24,39,61.5,1,0.3,0.4,+0.7,1,17,2,0,10,Matches
24,Trent Alexander-Arnold,DF,eng England,23,1998,0.4,21,23,91.3,361,167,8,8,100.0,13,13,100.0,0,1,0.0,0,0.0,0.0,0.0,0,0,1,0,3,Matches
25,Almoez Ali,FW,qa Qatar,25,1996,2.5,33,45,73.3,493,32,17,21,81.0,10,15,66.7,3,3,100.0,0,0.0,0.0,0.0,0,0,0,0,0,Matches
26,Alisson,GK,br Brazil,29,1992,4.2,80,93,86.0,1590,999,31,31,100.0,39,41,95.1,10,20,50.0,0,0.0,0.0,0.0,0,1,0,0,0,Matches
27,Joe Allen,MF,wls Wales,32,1990,1.0,30,36,83.3,465,78,16,18,88.9,13,16,81.3,1,1,100.0,0,0.1,0.0,-0.1,1,2,0,0,1,Matches
28,Thiago Almada,MF,ar Argentina,21,2001,0.1,13,13,100.0,207,26,5,5,100.0,7,7,100.0,0,0,,0,0.2,0.1,-0.2,1,0,1,0,1,Matches
29,Roberto Alvarado,FW,mx Mexico,23,1998,0.2,5,10,50.0,50,5,4,6,66.7,1,4,25.0,0,0,,0,0.0,0.0,0.0,0,0,0,0,0,Matches
30,Edson Álvarez,MF,mx Mexico,24,1997,1.9,86,114,75.4,1297,375,48,55,87.3,32,42,76.2,4,13,30.8,0,0.2,0.4,-0.2,1,3,1,0,2,Matches
31,Julián Álvarez,FW,ar Argentina,22,2000,5.2,93,121,76.9,1169,132,61,72,84.7,18,25,72.0,5,6,83.3,0,0.1,0.7,-0.1,2,2,2,1,3,Matches
32,Kevin Álvarez,DF,mx Mexico,23,1999,0.8,19,29,65.5,262,76,11,15,73.3,8,12,66.7,0,1,0.0,0,0.0,0.0,0.0,0,1,0,0,2,Matches
33,Dani Alves,DF,br Brazil,39,1983,1.3,83,97,85.6,1128,429,55,58,94.8,20,27,74.1,4,8,50.0,0,0.0,0.1,0.0,0,7,3,1,5,Matches
34,Selim Amallah,MF,ma Morocco,25,1996,4.5,65,87,74.7,840,176,42,48,87.5,17,23,73.9,3,9,33.3,0,0.1,0.1,-0.1,3,4,2,0,4,Matches
35,Daniel Amartey,DF,gh Ghana,27,1994,2.8,128,141,90.8,2555,1088,47,48,97.9,57,62,91.9,22,26,84.6,0,0.1,0.0,-0.1,3,10,0,0,8,Matches
36,Ethan Ampadu,"MF,DF",wls Wales,21,2000,2.8,108,144,75.0,2056,679,42,53,79.2,51,59,86.4,14,22,63.6,0,0.1,0.1,-0.1,2,16,1,0,14,Matches
37,Sofyan Amrabat,MF,ma Morocco,25,1996,7.3,269,322,83.5,4620,1365,114,129,88.4,123,136,90.4,24,36,66.7,0,0.1,0.1,-0.1,2,10,1,0,16,Matches
38,Abdulelah Al-Amri,DF,sa Saudi Arabia,25,1997,2.0,74,104,71.2,1677,951,26,35,74.3,26,33,78.8,22,34,64.7,0,0.0,0.0,0.0,0,13,1,0,11,Matches
39,Joachim Andersen,DF,dk Denmark,26,1996,3.0,198,250,79.2,4353,1456,50,65,76.9,115,125,92.0,29,51,56.9,1,0.2,0.1,+0.8,1,30,1,0,16,Matches
40,Karim Ansarifard,"FW,MF",ir IR Iran,32,1990,0.4,4,5,80.0,48,10,2,3,66.7,1,1,100.0,0,0,,0,0.1,0.0,-0.1,1,0,0,0,0,Matches
41,Antony,FW,br Brazil,22,2000,1.9,86,109,78.9,1109,224,56,62,90.3,19,26,73.1,4,10,40.0,0,0.1,0.2,-0.1,3,2,2,0,5,Matches
42,Uriel Antuna,"FW,MF",mx Mexico,24,1997,0.9,12,20,60.0,169,43,8,10,80.0,3,4,75.0,1,2,50.0,0,0.0,0.1,0.0,1,0,1,1,0,Matches
43,Néstor Araujo,DF,mx Mexico,30,1991,1.0,44,53,83.0,757,210,18,19,94.7,22,24,91.7,4,8,50.0,0,0.0,0.0,0.0,0,5,2,2,3,Matches
44,Takuma Asano,FW,jp Japan,27,1994,1.8,21,28,75.0,227,44,12,15,80.0,4,6,66.7,1,1,100.0,0,0.2,0.0,-0.2,2,3,0,0,0,Matches
45,Marco Asensio,FW,es Spain,26,1996,2.5,89,119,74.8,1262,150,50,59,84.7,26,35,74.3,5,8,62.5,0,0.1,0.1,-0.1,2,4,3,0,5,Matches
46,Ali Assadalla,MF,qa Qatar,29,1993,0.3,21,23,91.3,242,39,14,14,100.0,5,7,71.4,0,0,,0,0.0,0.0,0.0,0,0,0,0,0,Matches
47,Lawrence Ati-Zigi,GK,gh Ghana,25,1996,3.0,54,78,69.2,1547,1137,10,10,100.0,30,30,100.0,14,38,36.8,0,0.0,0.0,0.0,0,1,1,0,0,Matches
48,Nathaniel Atkinson,DF,au Australia,23,1999,0.9,27,34,79.4,396,108,15,17,88.2,10,12,83.3,1,4,25.0,0,0.0,0.0,0.0,0,1,0,0,3,Matches
49,Yahya Attiat Allah,DF,ma Morocco,27,1995,3.5,98,137,71.5,1593,728,46,54,85.2,41,56,73.2,9,18,50.0,1,1.2,0.3,-0.2,5,4,4,4,4,Matches
50,André Ayew,"MF,FW",gh Ghana,32,1989,2.2,30,37,81.1,411,47,18,22,81.8,9,11,81.8,1,1,100.0,0,0.0,0.0,0.0,0,0,0,0,0,Matches
51,Jordan Ayew,FW,gh Ghana,30,1991,1.5,35,46,76.1,521,104,19,19,100.0,11,16,68.8,2,6,33.3,1,0.5,0.4,+0.5,3,0,1,1,2,Matches
52,Sardar Azmoun,FW,ir IR Iran,27,1995,1.4,18,30,60.0,225,85,8,14,57.1,7,8,87.5,0,1,0.0,0,0.1,0.2,-0.1,1,3,1,0,2,Matches
53,César Azpilicueta,DF,es Spain,32,1989,1.5,171,181,94.5,2877,704,71,74,95.9,86,90,95.6,11,12,91.7,1,0.7,0.5,+0.3,4,13,3,2,8,Matches
54,Srđan Babić,DF,rs Serbia,26,1996,0.1,10,16,62.5,231,66,2,4,50.0,5,6,83.3,3,6,50.0,0,0.0,0.0,0.0,0,0,0,0,0,Matches
55,Keanu Baccus,MF,au Australia,24,1998,1.3,26,41,63.4,479,142,11,16,68.8,9,12,75.0,4,9,44.4,0,0.0,0.0,0.0,0,2,1,0,2,Matches
56,Alexander Bah,DF,dk Denmark,24,1997,0.5,37,53,69.8,580,150,15,18,83.3,19,23,82.6,1,9,11.1,0,0.1,0.1,-0.1,1,0,3,1,2,Matches
57,Hattan Bahebri,MF,sa Saudi Arabia,29,1992,0.0,4,7,57.1,31,7,2,3,66.7,0,2,0.0,0,0,,1,0.6,0.0,+0.4,1,0,0,0,0,Matches
58,Alejandro Balde,DF,es Spain,18,2003,1.4,112,123,91.1,1890,293,49,56,87.5,55,57,96.5,7,9,77.8,0,0.0,0.2,0.0,0,5,2,0,4,Matches
59,Gareth Bale,FW,wls Wales,32,1989,2.5,33,53,62.3,545,137,12,17,70.6,13,18,72.2,3,9,33.3,0,0.2,0.2,-0.2,2,2,1,1,4,Matches
60,Fodé Ballo-Touré,DF,sn Senegal,25,1997,0.1,5,8,62.5,100,3,2,2,100.0,2,3,66.7,1,2,50.0,0,0.0,0.0,0.0,0,0,0,0,0,Matches
61,Badr Banoun,DF,ma Morocco,28,1993,0.6,21,22,95.5,400,110,7,7,100.0,11,11,100.0,3,4,75.0,0,0.0,0.0,0.0,0,0,0,0,1,Matches
62,Borna Barišić,DF,hr Croatia,29,1992,1.3,50,69,72.5,818,290,23,26,88.5,19,27,70.4,5,11,45.5,0,0.1,0.2,-0.1,1,2,4,3,3,Matches
63,Meshaal Barsham,GK,qa Qatar,24,1998,2.0,45,63,71.4,968,715,15,15,100.0,15,16,93.8,11,27,40.7,0,0.0,0.0,0.0,1,0,0,0,0,Matches
64,Christian Bassogog,MF,cm Cameroon,26,1995,0.3,5,9,55.6,67,3,2,3,66.7,3,3,100.0,0,0,,0,0.0,0.0,0.0,0,0,0,0,0,Matches
65,Michy Batshuayi,FW,be Belgium,28,1993,1.7,16,24,66.7,223,27,11,16,68.8,1,3,33.3,3,3,100.0,0,0.1,0.0,-0.1,1,1,0,0,1,Matches
66,Jan Bednarek,DF,pl Poland,26,1996,0.1,6,6,100.0,102,53,2,2,100.0,4,4,100.0,0,0,,0,0.0,0.0,0.0,0,1,0,0,0,Matches
67,Aziz Behich,DF,au Australia,31,1990,4.0,152,203,74.9,2271,527,81,91,89.0,58,70,82.9,6,27,22.2,0,0.0,0.0,0.0,0,6,2,0,4,Matches
68,Alireza Beiranvand,GK,ir IR Iran,29,1992,1.2,20,31,64.5,604,501,2,2,100.0,13,13,100.0,5,16,31.3,0,0.0,0.0,0.0,0,1,0,0,0,Matches
69,Jude Bellingham,MF,eng England,18,2003,4.6,235,265,88.7,3972,726,111,121,91.7,101,109,92.7,20,24,83.3,1,0.3,0.5,+0.7,4,18,4,0,14,Matches
70,Anis Ben Slimane,MF,tn Tunisia,21,2001,1.6,29,46,63.0,469,134,17,22,77.3,10,13,76.9,2,7,28.6,0,0.1,0.1,-0.1,2,1,0,0,0,Matches
71,Jewison Bennette,MF,cr Costa Rica,17,2004,1.1,11,14,78.6,179,41,6,6,100.0,4,5,80.0,1,1,100.0,0,0.0,0.0,0.0,0,0,1,1,0,Matches
72,Rodrigo Bentancur,MF,uy Uruguay,24,1997,2.4,136,160,85.0,2417,762,62,70,88.6,56,66,84.8,14,17,82.4,0,0.1,0.1,-0.1,2,16,1,1,11,Matches
73,Bartosz Bereszyński,DF,pl Poland,29,1992,3.8,122,156,78.2,1828,659,64,73,87.7,44,53,83.0,8,17,47.1,0,0.0,0.1,0.0,0,2,3,0,5,Matches
74,Steven Berghuis,MF,nl Netherlands,30,1991,2.2,97,131,74.0,1789,507,41,51,80.4,33,44,75.0,17,24,70.8,1,0.1,0.2,+0.9,2,17,2,1,8,Matches
75,Steven Bergwijn,FW,nl Netherlands,24,1997,2.4,64,72,88.9,679,79,46,51,90.2,10,11,90.9,2,3,66.7,0,0.0,0.3,0.0,0,2,1,0,2,Matches
76,Krystian Bielik,MF,pl Poland,24,1998,2.4,86,99,86.9,1621,440,35,38,92.1,37,38,97.4,12,17,70.6,0,0.0,0.1,0.0,0,5,1,0,5,Matches
77,Daley Blind,DF,nl Netherlands,32,1990,4.7,252,300,84.0,4293,1503,132,153,86.3,91,102,89.2,26,40,65.0,1,0.5,0.4,+0.5,2,25,4,2,21,Matches
78,Celso Borges,MF,cr Costa Rica,34,1988,2.8,98,120,81.7,1587,676,48,56,85.7,38,45,84.4,7,11,63.6,0,0.0,0.0,0.0,1,11,0,0,8,Matches
79,Milan Borjan,GK,ca Canada,34,1987,3.0,76,98,77.6,1825,1254,19,19,100.0,39,40,97.5,18,38,47.4,0,0.0,0.0,0.0,0,1,0,0,0,Matches
80,Karim Boudiaf,MF,qa Qatar,31,1990,2.1,94,106,88.7,1555,406,43,49,87.8,37,42,88.1,10,11,90.9,0,0.0,0.0,0.0,0,9,0,0,5,Matches
81,Sofiane Boufal,FW,ma Morocco,28,1993,5.3,99,133,74.4,1645,469,58,71,81.7,25,36,69.4,12,17,70.6,0,0.3,0.5,-0.3,4,10,6,2,14,Matches
82,Yassine Bounou,GK,ma Morocco,31,1991,6.3,154,209,73.7,4346,3101,29,29,100.0,82,84,97.6,43,94,45.7,0,0.0,0.0,0.0,0,0,0,0,0,Matches
83,Martin Braithwaite,"FW,MF",dk Denmark,31,1991,1.1,14,20,70.0,207,32,6,7,85.7,5,5,100.0,1,1,100.0,0,0.1,0.1,-0.1,3,0,1,0,1,Matches
84,Mohammed Al-Breik,DF,sa Saudi Arabia,29,1992,0.7,39,48,81.3,627,254,22,25,88.0,13,14,92.9,3,8,37.5,0,0.0,0.1,0.0,1,5,1,0,5,Matches
85,Gleison Bremer,DF,br Brazil,25,1997,1.2,78,84,92.9,1445,438,20,22,90.9,55,57,96.5,2,3,66.7,0,0.0,0.0,0.0,0,1,0,0,1,Matches
86,Dylan Bronn,DF,tn Tunisia,26,1995,1.8,75,98,76.5,1441,393,20,23,87.0,47,54,87.0,8,19,42.1,0,0.0,0.0,0.0,0,4,0,0,5,Matches
87,Marcelo Brozović,MF,hr Croatia,29,1992,6.1,466,530,87.9,7429,1726,253,279,90.7,151,167,90.4,48,54,88.9,0,0.2,0.2,-0.2,5,31,1,0,25,Matches
88,Tajon Buchanan,"MF,DF",ca Canada,23,1999,2.9,61,89,68.5,806,261,40,47,85.1,18,27,66.7,1,8,12.5,1,0.5,0.5,+0.5,4,5,4,2,7,Matches
89,Ante Budimir,FW,hr Croatia,30,1991,0.6,2,5,40.0,12,0,1,1,100.0,0,2,0.0,0,0,,0,0.0,0.0,0.0,1,0,0,0,0,Matches
90,Osman Bukari,MF,gh Ghana,23,1998,0.7,14,20,70.0,169,30,10,12,83.3,4,4,100.0,0,2,0.0,0,0.1,0.0,-0.1,1,0,0,0,1,Matches
91,Ali Al-Bulaihi,DF,sa Saudi Arabia,32,1989,2.4,78,97,80.4,1353,379,31,36,86.1,39,45,86.7,6,13,46.2,0,0.0,0.0,0.0,0,2,0,0,5,Matches
92,Firas Al-Buraikan,"MF,FW",sa Saudi Arabia,22,2000,3.0,42,63,66.7,523,111,30,34,88.2,8,13,61.5,1,1,100.0,1,0.1,0.1,+0.9,1,1,4,0,5,Matches
93,Sergio Busquets,MF,es Spain,33,1988,4.0,261,289,90.3,4222,1044,124,136,91.2,111,118,94.1,16,20,80.0,0,0.1,0.2,-0.1,3,31,3,0,17,Matches
94,Martín Cáceres,DF,uy Uruguay,35,1987,1.0,68,79,86.1,1289,320,22,25,88.0,35,39,89.7,10,13,76.9,0,0.0,0.0,0.0,0,5,0,0,2,Matches
95,Moisés Caicedo,MF,ec Ecuador,20,2001,3.0,126,153,82.4,1613,417,83,95,87.4,36,43,83.7,1,5,20.0,0,0.0,0.0,0.0,0,12,1,0,7,Matches
96,Francisco Calvo,DF,cr Costa Rica,29,1992,2.0,86,104,82.7,1562,601,34,37,91.9,43,49,87.8,8,17,47.1,0,0.0,0.0,0.0,0,4,0,0,5,Matches
97,Eduardo Camavinga,DF,fr France,19,2002,1.6,88,101,87.1,1444,423,48,50,96.0,37,41,90.2,3,7,42.9,0,0.1,0.1,-0.1,3,3,2,1,3,Matches
98,Joel Campbell,"FW,MF",cr Costa Rica,29,1992,3.0,104,138,75.4,1748,363,52,61,85.2,39,44,88.6,9,19,47.4,0,0.1,0.1,-0.1,1,3,4,1,10,Matches
99,João Cancelo,DF,pt Portugal,28,1994,3.4,221,271,81.5,3800,864,123,138,89.1,72,87,82.8,24,35,68.6,0,0.0,0.2,0.0,0,10,6,5,12,Matches
100,Agustín Canobbio,MF,uy Uruguay,23,1998,0.1,5,7,71.4,66,38,3,4,75.0,0,1,0.0,1,1,100.0,0,0.0,0.0,0.0,0,1,0,0,0,Matches
101,Yannick Carrasco,"FW,DF",be Belgium,28,1993,1.3,39,46,84.8,553,110,22,24,91.7,17,20,85.0,0,1,0.0,0,0.0,0.0,0.0,0,0,1,0,3,Matches
102,Cameron Carter-Vickers,DF,us United States,24,1997,1.0,50,58,86.2,1029,356,14,16,87.5,29,34,85.3,6,7,85.7,0,0.0,0.0,0.0,0,4,0,0,2,Matches
103,Dani Carvajal,DF,es Spain,30,1992,1.5,121,135,89.6,2017,425,59,59,100.0,47,56,83.9,14,14,100.0,0,0.0,0.0,0.0,0,9,0,0,3,Matches
104,William Carvalho,MF,pt Portugal,30,1992,2.4,156,170,91.8,2574,869,81,85,95.3,64,67,95.5,9,13,69.2,0,0.0,0.0,0.0,0,8,0,0,11,Matches
105,Casemiro,MF,br Brazil,30,1992,4.3,208,251,82.9,3591,1065,90,107,84.1,95,104,91.3,17,27,63.0,0,0.1,0.4,-0.1,4,23,3,1,21,Matches
106,Matty Cash,DF,pl Poland,24,1997,4.0,123,160,76.9,1995,696,65,71,91.5,51,64,79.7,6,17,35.3,0,0.2,0.5,-0.2,2,12,2,2,8,Matches
107,Timothy Castagne,DF,be Belgium,26,1995,3.0,176,202,87.1,3309,951,65,68,95.6,92,107,86.0,18,21,85.7,0,0.0,0.1,0.0,0,15,0,0,9,Matches
108,Jean-Charles Castelletto,DF,cm Cameroon,27,1995,2.0,66,82,80.5,1208,459,34,38,89.5,23,28,82.1,9,16,56.3,1,0.3,0.2,+0.7,1,6,1,0,6,Matches
109,Lucas Cavallini,FW,ca Canada,29,1992,0.2,2,2,100.0,36,15,1,1,100.0,1,1,100.0,0,0,,0,0.0,0.1,0.0,0,0,1,1,0,Matches
110,Edinson Cavani,FW,uy Uruguay,35,1987,1.4,27,37,73.0,401,115,16,20,80.0,5,9,55.6,4,4,100.0,0,0.7,0.2,-0.7,5,2,2,0,3,Matches
111,Ghaylène Chaalali,MF,tn Tunisia,28,1994,0.2,3,4,75.0,75,32,0,1,0.0,3,3,100.0,0,0,,0,0.0,0.0,0.0,0,1,0,0,1,Matches
112,Daniel Chacón,MF,cr Costa Rica,21,2001,0.0,1,1,100.0,10,12,1,1,100.0,0,0,,0,0,,0,0.0,0.0,0.0,0,0,0,0,0,Matches
113,Ilias Chair,MF,ma Morocco,24,1997,0.5,13,15,86.7,188,54,8,8,100.0,4,5,80.0,1,2,50.0,0,0.0,0.0,0.0,0,1,0,0,0,Matches
114,Kwon Chang-hoon,"FW,MF",kr Korea Republic,27,1994,0.6,19,25,76.0,311,56,10,12,83.3,7,7,100.0,2,4,50.0,0,0.2,0.2,-0.2,1,2,1,1,1,Matches
115,Luis Chávez,MF,mx Mexico,26,1996,3.0,99,139,71.2,2026,724,45,57,78.9,34,46,73.9,18,32,56.3,0,0.5,0.8,-0.5,4,21,2,2,11,Matches
116,Walid Cheddira,FW,ma Morocco,24,1998,0.7,4,8,50.0,51,28,4,4,100.0,0,3,0.0,0,0,,0,0.0,0.0,0.0,0,1,0,0,1,Matches
117,Roozbeh Cheshmi,"DF,MF",ir IR Iran,28,1993,0.6,7,11,63.6,125,33,2,3,66.7,5,7,71.4,0,1,0.0,0,0.0,0.0,0.0,0,0,0,0,0,Matches
118,Andreas Christensen,DF,dk Denmark,26,1996,3.0,237,251,94.4,4457,1407,89,93,95.7,116,119,97.5,26,32,81.3,0,0.0,0.0,0.0,0,14,0,0,14,Matches
119,Hong Chul,DF,kr Korea Republic,31,1990,0.5,17,20,85.0,324,102,8,8,100.0,5,5,100.0,3,6,50.0,0,0.1,0.0,-0.1,1,2,0,0,3,Matches
120,José Cifuentes,MF,ec Ecuador,23,1999,0.7,33,44,75.0,447,115,22,24,91.7,10,13,76.9,0,3,0.0,0,0.0,0.0,0.0,0,2,0,0,1,Matches
121,Pathé Ciss,MF,sn Senegal,28,1994,1.6,46,57,80.7,816,255,19,23,82.6,17,21,81.0,5,5,100.0,0,0.0,0.0,0.0,0,6,1,0,8,Matches
122,Sebastián Coates,DF,uy Uruguay,31,1990,2.0,76,93,81.7,1425,583,33,38,86.8,31,35,88.6,12,18,66.7,0,0.0,0.0,0.0,0,10,0,0,7,Matches
123,Rubin Colwill,MF,wls Wales,20,2002,0.1,2,4,50.0,26,12,2,2,100.0,0,0,,0,2,0.0,0,0.0,0.0,0.0,0,0,0,0,0,Matches
124,Kingsley Coman,"FW,MF",fr France,26,1996,1.9,56,72,77.8,835,123,32,35,91.4,20,25,80.0,4,10,40.0,0,0.1,0.2,-0.1,1,1,2,1,1,Matches
125,Eray Cömert,DF,ch Switzerland,24,1998,0.5,38,42,90.5,719,254,11,13,84.6,24,25,96.0,3,4,75.0,0,0.0,0.0,0.0,0,1,0,0,1,Matches
126,Anthony Contreras,"FW,MF",cr Costa Rica,22,2000,1.4,15,26,57.7,193,13,10,15,66.7,4,5,80.0,0,0,,0,0.0,0.0,0.0,1,0,0,0,1,Matches
127,Andreas Cornelius,FW,dk Denmark,29,1993,1.0,21,34,61.8,206,14,13,16,81.3,5,13,38.5,0,0,,0,0.1,0.0,-0.1,3,0,0,0,1,Matches
128,Ángel Correa,MF,ar Argentina,27,1995,0.1,3,3,100.0,32,17,2,2,100.0,1,1,100.0,0,0,,0,0.0,0.0,0.0,0,0,0,0,0,Matches
129,Diogo Costa,GK,pt Portugal,22,1999,5.0,113,160,70.6,2890,2021,20,20,100.0,64,65,98.5,29,72,40.3,0,0.0,0.0,0.0,1,3,0,0,0,Matches
130,Thibaut Courtois,GK,be Belgium,30,1992,3.0,108,123,87.8,2642,1731,20,20,100.0,66,66,100.0,22,37,59.5,0,0.0,0.0,0.0,0,2,0,0,0,Matches
131,Jason Cummings,FW,au Australia,26,1995,0.4,4,6,66.7,85,19,2,4,50.0,1,1,100.0,1,1,100.0,0,0.0,0.0,0.0,0,1,0,0,1,Matches
132,Aimen Dahmen,GK,tn Tunisia,25,1997,3.0,48,77,62.3,1544,1175,9,9,100.0,18,18,100.0,21,50,42.0,0,0.0,0.0,0.0,0,0,0,0,0,Matches
133,Diogo Dalot,DF,pt Portugal,23,1999,2.9,112,147,76.2,2152,522,52,60,86.7,40,50,80.0,17,29,58.6,2,0.7,0.4,+1.3,4,7,4,1,7,Matches
134,Mikkel Damsgaard,"MF,FW",dk Denmark,21,2000,1.7,55,72,76.4,833,251,32,40,80.0,16,21,76.2,4,7,57.1,0,0.3,0.2,-0.3,2,9,3,2,5,Matches
135,Danilo,DF,br Brazil,30,1991,3.1,230,269,85.5,3615,986,120,128,93.8,100,115,87.0,7,21,33.3,0,0.0,0.2,0.0,0,21,2,1,16,Matches
136,Achraf Dari,DF,ma Morocco,23,1999,2.1,99,111,89.2,1812,752,37,39,94.9,55,57,96.5,7,13,53.8,0,0.0,0.0,0.0,0,3,0,0,2,Matches
137,Jonathan David,"FW,MF",ca Canada,22,2000,2.1,41,60,68.3,599,139,27,33,81.8,9,12,75.0,4,8,50.0,0,0.0,0.0,0.0,0,6,0,0,3,Matches
138,Alphonso Davies,"MF,DF",ca Canada,21,2000,3.0,82,114,71.9,1212,231,46,53,86.8,32,39,82.1,2,9,22.2,0,0.5,0.2,-0.5,6,2,1,0,2,Matches
139,Ben Davies,DF,wls Wales,29,1993,2.6,122,161,75.8,2585,1096,42,50,84.0,56,67,83.6,22,34,64.7,0,0.0,0.0,0.0,0,10,0,0,12,Matches
140,Nasser Al-Dawsari,FW,sa Saudi Arabia,23,1998,0.1,11,11,100.0,169,46,7,7,100.0,3,3,100.0,1,1,100.0,0,0.1,0.1,-0.1,1,1,1,1,0,Matches
141,Salem Al-Dawsari,MF,sa Saudi Arabia,30,1991,3.0,86,111,77.5,1344,355,44,52,84.6,25,29,86.2,9,14,64.3,0,0.2,0.4,-0.2,6,11,6,0,11,Matches
142,Giorgian De Arrascaeta,MF,uy Uruguay,28,1994,1.2,32,52,61.5,393,149,17,20,85.0,10,16,62.5,1,6,16.7,0,0.5,0.6,-0.5,3,3,3,0,4,Matches
143,Kevin De Bruyne,"FW,MF",be Belgium,30,1991,3.0,93,136,68.4,1807,747,38,45,84.4,40,54,74.1,15,27,55.6,0,0.9,0.8,-0.9,8,17,9,2,21,Matches
144,Charles De Ketelaere,FW,be Belgium,21,2001,0.2,3,4,75.0,33,11,2,3,66.7,1,1,100.0,0,0,,0,0.0,0.0,0.0,0,0,0,0,0,Matches
145,Nicolás De La Cruz,MF,uy Uruguay,25,1997,0.4,20,25,80.0,316,85,11,11,100.0,6,8,75.0,3,4,75.0,0,0.0,0.0,0.0,0,3,1,0,2,Matches
146,Rodrigo De Paul,MF,ar Argentina,28,1994,6.7,470,562,83.6,6949,1446,281,306,91.8,164,192,85.4,18,38,47.4,0,0.3,0.4,-0.3,7,35,7,1,18,Matches
147,Miloš Degenek,DF,au Australia,28,1994,2.0,67,101,66.3,1236,532,28,33,84.8,33,45,73.3,6,19,31.6,0,0.0,0.0,0.0,0,3,0,0,2,Matches
148,Thomas Delaney,MF,dk Denmark,30,1991,0.5,24,29,82.8,394,73,11,12,91.7,11,13,84.6,1,2,50.0,0,0.0,0.0,0.0,0,3,0,0,1,Matches
149,Ousmane Dembélé,FW,fr France,25,1997,4.8,145,192,75.5,2332,475,76,89,85.4,51,63,81.0,12,25,48.0,2,1.6,1.0,+0.4,11,7,13,6,10,Matches
150,Leander Dendoncker,"DF,MF",be Belgium,27,1995,1.8,119,122,97.5,2213,533,40,40,100.0,72,74,97.3,7,7,100.0,0,0.4,0.3,-0.4,1,6,0,0,10,Matches
151,Sergiño Dest,DF,us United States,21,2000,3.4,172,200,86.0,2635,848,101,105,96.2,60,67,89.6,8,15,53.3,1,0.5,0.5,+0.5,3,15,2,1,13,Matches
152,Ángel Di María,"MF,FW",ar Argentina,34,1988,3.2,129,167,77.2,2059,474,73,77,94.8,42,52,80.8,10,23,43.5,1,0.6,0.7,+0.4,10,3,11,3,16,Matches
153,Boulaye Dia,FW,sn Senegal,25,1996,3.5,39,53,73.6,471,53,27,33,81.8,9,10,90.0,1,1,100.0,0,0.0,0.1,0.0,1,1,2,0,3,Matches
154,Abdou Diallo,DF,sn Senegal,26,1996,3.7,139,186,74.7,2852,1121,42,51,82.4,71,79,89.9,22,47,46.8,0,0.1,0.0,-0.1,1,10,1,1,8,Matches
155,Rúben Dias,DF,pt Portugal,25,1997,4.0,248,274,90.5,4633,1508,85,89,95.5,138,145,95.2,22,35,62.9,0,0.0,0.0,0.0,0,13,0,0,11,Matches
156,Krépin Diatta,"FW,MF",sn Senegal,23,1999,2.0,60,73,82.2,786,241,43,46,93.5,8,15,53.3,4,5,80.0,0,0.2,0.2,-0.2,3,3,3,1,6,Matches
157,Famara Diedhiou,FW,sn Senegal,29,1992,1.0,10,14,71.4,145,17,5,8,62.5,5,5,100.0,0,0,,0,0.0,0.1,0.0,1,1,1,0,1,Matches
158,Bamba Dieng,FW,sn Senegal,22,2000,1.1,9,16,56.3,83,1,8,10,80.0,1,2,50.0,0,1,0.0,0,0.1,0.0,-0.1,2,1,0,0,0,Matches
159,Eric Dier,DF,eng England,28,1994,0.4,40,41,97.6,744,318,13,13,100.0,24,24,100.0,3,4,75.0,0,0.0,0.0,0.0,0,1,0,0,0,Matches
160,Axel Disasi,DF,fr France,24,1998,1.0,61,78,78.2,918,302,30,36,83.3,24,30,80.0,2,4,50.0,0,0.0,0.0,0.0,0,2,0,0,5,Matches
161,Alexander Djiku,"DF,FW",gh Ghana,27,1994,1.1,22,28,78.6,381,180,7,7,100.0,12,14,85.7,2,6,33.3,0,0.0,0.0,0.0,0,1,0,0,1,Matches
162,Ritsu Doan,FW,jp Japan,23,1998,2.4,36,56,64.3,625,195,22,28,78.6,7,11,63.6,6,10,60.0,0,0.2,0.4,-0.2,3,2,2,1,5,Matches
163,Jeremy Doku,"MF,FW",be Belgium,20,2002,0.2,8,14,57.1,116,6,5,7,71.4,3,4,75.0,0,0,,0,0.0,0.0,0.0,0,0,1,0,1,Matches
164,Kasper Dolberg,FW,dk Denmark,24,1997,1.3,15,18,83.3,186,38,8,11,72.7,6,6,100.0,0,0,,0,0.1,0.0,-0.1,1,0,2,1,2,Matches
165,Mohamed Dräger,DF,tn Tunisia,25,1996,1.5,36,50,72.0,678,265,12,16,75.0,19,23,82.6,5,9,55.6,0,0.0,0.1,0.0,1,1,1,1,4,Matches
166,Óscar Duarte,DF,cr Costa Rica,33,1989,3.0,68,98,69.4,1500,529,18,22,81.8,38,45,84.4,11,27,40.7,0,0.3,0.0,-0.3,2,1,0,0,0,Matches
167,Mitchell Duke,FW,au Australia,31,1991,3.0,36,63,57.1,448,117,23,33,69.7,7,16,43.8,2,4,50.0,0,0.0,0.0,0.0,1,2,0,0,1,Matches
168,Denzel Dumfries,DF,nl Netherlands,26,1996,5.3,149,217,68.7,2270,742,83,101,82.2,59,82,72.0,5,22,22.7,2,0.3,0.4,+1.7,2,7,6,0,15,Matches
169,Paulo Dybala,FW,ar Argentina,28,1993,0.2,8,12,66.7,100,35,4,7,57.1,3,4,75.0,0,0,,0,0.2,0.1,-0.2,1,0,1,0,2,Matches
170,Enzo Ebosse,DF,cm Cameroon,23,1999,1.0,34,38,89.5,780,283,7,7,100.0,18,20,90.0,8,9,88.9,0,0.0,0.0,0.0,0,2,0,0,2,Matches
171,Ederson,GK,br Brazil,28,1993,1.0,28,31,90.3,728,547,4,4,100.0,17,19,89.5,7,8,87.5,0,0.0,0.0,0.0,0,0,0,0,0,Matches
172,Jorge Eduardo Sánchez,DF,mx Mexico,24,1997,1.9,69,87,79.3,1119,484,36,39,92.3,27,37,73.0,6,8,75.0,0,0.0,0.0,0.0,0,4,1,0,9,Matches
173,Nico Elvedi,DF,ch Switzerland,25,1996,2.0,131,142,92.3,2283,673,56,60,93.3,68,70,97.1,6,8,75.0,0,0.0,0.0,0.0,0,2,0,0,6,Matches
174,Breel Embolo,FW,ch Switzerland,25,1997,3.6,46,62,74.2,672,66,22,29,75.9,19,23,82.6,2,3,66.7,0,0.1,0.1,-0.1,2,0,1,0,3,Matches
175,Youssef En-Nesyri,FW,ma Morocco,25,1997,6.0,50,81,61.7,646,119,26,37,70.3,14,23,60.9,3,6,50.0,0,0.0,0.0,0.0,1,3,0,0,1,Matches
176,Wataru Endo,MF,jp Japan,29,1993,3.4,155,192,80.7,2423,599,80,86,93.0,64,77,83.1,7,16,43.8,0,0.5,0.4,-0.5,4,12,2,1,9,Matches
177,Devis Epassy,GK,cm Cameroon,29,1993,2.0,57,83,68.7,2043,1646,5,5,100.0,24,24,100.0,28,54,51.9,0,0.0,0.0,0.0,0,2,0,0,0,Matches
178,Christian Eriksen,MF,dk Denmark,30,1992,3.0,188,230,81.7,3621,1062,87,96,90.6,63,68,92.6,33,55,60.0,0,0.4,0.4,-0.4,9,20,1,1,16,Matches
179,Michael Estrada,FW,ec Ecuador,26,1996,2.5,28,50,56.0,480,138,13,22,59.1,11,16,68.8,3,4,75.0,0,0.0,0.4,0.0,1,6,2,0,7,Matches
180,Pervis Estupiñán,DF,ec Ecuador,24,1998,3.0,148,190,77.9,2524,886,74,78,94.9,52,67,77.6,18,33,54.5,0,0.3,0.4,-0.3,5,8,4,3,10,Matches
181,Stephen Eustáquio,MF,ca Canada,25,1996,1.4,83,93,89.2,1443,497,40,41,97.6,29,29,100.0,12,17,70.6,0,0.2,0.3,-0.2,2,8,3,0,10,Matches
182,Saeid Ezatolahi,MF,ir IR Iran,25,1996,2.4,66,88,75.0,1382,474,26,30,86.7,25,34,73.5,14,22,63.6,0,0.2,0.4,-0.2,2,7,4,1,4,Matches
183,Abdessamad Ezzalzouli,"FW,MF",ma Morocco,20,2001,1.0,10,13,76.9,118,38,8,9,88.9,2,2,100.0,0,2,0.0,0,0.3,0.4,-0.3,2,0,0,0,2,Matches
184,Fabinho,MF,br Brazil,28,1993,1.0,51,57,89.5,896,326,25,26,96.2,19,22,86.4,7,7,100.0,0,0.0,0.0,0.0,0,4,0,0,6,Matches
185,Collins Fai,DF,cm Cameroon,29,1992,3.0,99,146,67.8,1688,811,53,62,85.5,34,48,70.8,9,29,31.0,0,0.0,0.2,0.0,2,14,1,1,6,Matches
186,Salman Al-Faraj,MF,sa Saudi Arabia,32,1989,0.5,12,16,75.0,174,65,8,8,100.0,3,4,75.0,1,2,50.0,0,0.0,0.0,0.0,0,0,1,1,0,Matches
187,Christian Fassnacht,FW,ch Switzerland,28,1993,0.1,7,10,70.0,89,17,4,6,66.7,3,3,100.0,0,0,,0,0.0,0.0,0.0,0,1,0,0,0,Matches
188,Abdul Fatawu Issahaku,FW,gh Ghana,18,2004,0.0,1,1,100.0,48,36,0,0,,0,0,,1,1,100.0,0,0.0,0.0,0.0,0,0,0,0,0,Matches
189,Ansu Fati,FW,es Spain,19,2002,0.5,25,29,86.2,298,29,20,22,90.9,4,4,100.0,0,0,,0,0.0,0.1,0.0,0,0,0,0,1,Matches
190,João Félix,FW,pt Portugal,22,1999,3.7,91,122,74.6,1335,254,55,69,79.7,30,37,81.1,5,9,55.6,2,0.4,0.2,+1.6,3,7,3,0,7,Matches
191,Bruno Fernandes,"FW,MF",pt Portugal,27,1994,4.0,188,233,80.7,3623,1060,101,109,92.7,49,56,87.5,34,54,63.0,3,1.7,1.2,+1.3,9,17,9,2,23,Matches
192,Edimilson Fernandes,"FW,DF",ch Switzerland,26,1996,1.6,65,82,79.3,858,255,40,43,93.0,22,24,91.7,0,8,0.0,0,0.3,0.0,-0.3,3,2,0,0,3,Matches
193,Enzo Fernández,MF,ar Argentina,21,2001,6.3,412,471,87.5,6639,1694,209,230,90.9,157,175,89.7,33,45,73.3,1,0.9,0.8,+0.1,6,43,9,1,24,Matches
194,Jesús Ferreira,FW,us United States,21,2000,0.5,16,19,84.2,203,12,11,11,100.0,5,6,83.3,0,0,,0,0.0,0.0,0.0,0,0,0,0,0,Matches
195,Phil Foden,"FW,MF",eng England,22,2000,2.9,90,117,76.9,1444,292,57,67,85.1,23,27,85.2,7,16,43.8,2,0.6,0.4,+1.4,6,3,1,0,5,Matches
196,Youssouf Fofana,MF,fr France,23,1999,2.5,96,112,85.7,1582,341,46,53,86.8,43,44,97.7,6,11,54.5,0,0.2,0.1,-0.2,1,14,1,0,5,Matches
197,Juan Foyth,DF,ar Argentina,24,1998,0.1,3,4,75.0,31,13,3,3,100.0,0,1,0.0,0,0,,0,0.0,0.0,0.0,0,0,0,0,0,Matches
198,Alan Franco,MF,ec Ecuador,23,1998,0.5,10,11,90.9,114,59,8,8,100.0,2,2,100.0,0,0,,0,0.0,0.0,0.0,0,0,0,0,1,Matches
199,Przemysław Frankowski,MF,pl Poland,27,1995,2.7,49,74,66.2,729,228,26,33,78.8,18,22,81.8,2,8,25.0,0,0.2,0.1,-0.2,1,5,2,1,3,Matches
200,Fred,MF,br Brazil,29,1993,1.6,71,83,85.5,1108,338,40,45,88.9,23,29,79.3,6,6,100.0,0,0.2,0.2,-0.2,4,6,4,0,11,Matches
201,Fabian Frei,MF,ch Switzerland,33,1989,0.3,9,14,64.3,150,19,4,4,100.0,5,7,71.4,0,2,0.0,0,0.0,0.0,0.0,0,0,0,0,0,Matches
202,Remo Freuler,MF,ch Switzerland,30,1992,3.6,127,154,82.5,1914,451,68,77,88.3,51,57,89.5,5,11,45.5,0,0.0,0.1,0.0,0,11,1,0,11,Matches
203,Keysher Fuller,"DF,MF",cr Costa Rica,27,1994,2.8,44,63,69.8,663,194,21,27,77.8,21,26,80.8,1,7,14.3,0,0.2,0.1,-0.2,1,2,0,0,1,Matches
204,Niclas Füllkrug,FW,de Germany,29,1993,0.8,15,24,62.5,181,43,7,9,77.8,4,6,66.7,1,2,50.0,1,0.6,0.2,+0.4,1,1,0,0,1,Matches
205,Rogelio Funes Mori,FW,mx Mexico,31,1991,0.1,0,0,,0,0,0,0,,0,0,,0,0,,0,0.0,0.0,0.0,0,0,0,0,0,Matches
206,Cody Gakpo,"FW,MF",nl Netherlands,23,1999,5.0,93,148,62.8,1261,499,56,67,83.6,20,35,57.1,7,29,24.1,0,0.6,0.7,-0.6,10,7,4,2,9,Matches
207,Hernán Galíndez,GK,ec Ecuador,35,1987,3.0,44,74,59.5,1275,996,11,11,100.0,16,16,100.0,16,46,34.8,0,0.0,0.0,0.0,0,0,0,0,0,Matches
208,Jesús Gallardo,DF,mx Mexico,27,1994,3.0,93,134,69.4,1518,416,52,64,81.3,34,45,75.6,6,17,35.3,0,0.0,0.1,0.0,1,9,2,1,4,Matches
209,Idrissa Gana Gueye,MF,sn Senegal,32,1989,3.0,107,133,80.5,1524,274,58,63,92.1,38,42,90.5,5,16,31.3,0,0.1,0.2,-0.1,1,7,0,0,4,Matches
210,Gavi,MF,es Spain,17,2004,3.2,133,154,86.4,1966,174,77,81,95.1,46,49,93.9,6,11,54.5,0,0.1,0.2,-0.1,1,6,2,1,4,Matches
211,Sultan Al-Ghanam,"DF,MF",sa Saudi Arabia,28,1994,1.4,34,52,65.4,489,245,23,27,85.2,9,14,64.3,2,8,25.0,0,0.1,0.1,-0.1,1,0,2,2,5,Matches
212,Nader Ghandri,DF,tn Tunisia,27,1995,1.0,27,33,81.8,561,204,5,6,83.3,19,21,90.5,3,5,60.0,0,0.0,0.0,0.0,0,0,0,0,1,Matches
213,Saman Ghoddos,MF,ir IR Iran,28,1993,0.5,15,20,75.0,193,39,10,10,100.0,5,6,83.3,0,3,0.0,0,0.0,0.0,0.0,1,0,0,0,2,Matches
214,Ali Gholizadeh,"MF,FW",ir IR Iran,26,1996,2.2,46,72,63.9,637,262,30,39,76.9,13,20,65.0,2,9,22.2,1,0.2,0.7,+0.8,2,4,4,1,4,Matches
215,Matthias Ginter,DF,de Germany,28,1994,0.0,3,3,100.0,52,42,0,0,,3,3,100.0,0,0,,0,0.0,0.0,0.0,0,0,0,0,0,Matches
216,Olivier Giroud,FW,fr France,35,1986,4.7,48,74,64.9,633,148,37,50,74.0,9,18,50.0,1,2,50.0,0,0.1,0.3,-0.1,2,4,1,0,5,Matches
217,Kamil Glik,DF,pl Poland,34,1988,4.0,118,130,90.8,2363,657,29,29,100.0,76,81,93.8,12,19,63.2,0,0.0,0.0,0.0,0,2,0,0,1,Matches
218,Serge Gnabry,"FW,MF",de Germany,26,1995,2.9,86,118,72.9,1060,281,56,72,77.8,21,25,84.0,3,3,100.0,1,1.5,0.7,-0.5,6,1,4,3,3,Matches
219,Diego Godín,DF,uy Uruguay,36,1986,1.7,87,103,84.5,1827,515,26,32,81.3,47,54,87.0,13,16,81.3,0,0.0,0.0,0.0,0,7,0,0,3,Matches
220,Maxi Gómez,FW,uy Uruguay,25,1996,0.3,5,7,71.4,85,9,1,2,50.0,4,5,80.0,0,0,,0,0.0,0.0,0.0,0,0,1,0,1,Matches
221,Papu Gómez,"MF,FW",ar Argentina,34,1988,1.2,53,60,88.3,671,74,40,43,93.0,11,12,91.7,2,2,100.0,0,0.0,0.0,0.0,0,2,0,0,2,Matches
222,Shūichi Gonda,GK,jp Japan,33,1989,4.3,68,113,60.2,1770,1301,20,20,100.0,32,33,97.0,16,59,27.1,0,0.0,0.0,0.0,0,1,0,0,0,Matches
223,Craig Goodwin,MF,au Australia,30,1991,2.6,58,95,61.1,955,348,29,37,78.4,17,29,58.6,8,18,44.4,1,0.6,0.3,+0.4,5,6,2,0,5,Matches
224,Leon Goretzka,MF,de Germany,27,1995,1.8,42,57,73.7,552,132,24,28,85.7,11,15,73.3,2,4,50.0,0,0.0,0.1,0.0,1,3,0,0,1,Matches
225,Mario Götze,MF,de Germany,30,1992,0.4,21,23,91.3,240,83,15,15,100.0,4,4,100.0,0,0,,0,0.1,0.1,-0.1,2,1,2,2,1,Matches
226,Jack Grealish,FW,eng England,26,1995,1.0,48,54,88.9,612,103,32,33,97.0,12,14,85.7,1,1,100.0,0,0.1,0.2,-0.1,2,2,4,0,5,Matches
227,Antoine Griezmann,MF,fr France,31,1991,6.0,258,329,78.4,4900,1373,123,135,91.1,89,112,79.5,42,66,63.6,3,3.1,3.6,-0.1,21,26,10,5,19,Matches
228,Kamil Grosicki,MF,pl Poland,34,1988,0.0,4,6,66.7,61,30,3,3,100.0,0,1,0.0,1,1,100.0,0,0.1,0.1,-0.1,1,0,1,1,0,Matches
229,Carlos Gruezo,MF,ec Ecuador,27,1995,0.5,15,15,100.0,311,108,4,4,100.0,9,9,100.0,2,2,100.0,0,0.0,0.0,0.0,0,0,0,0,1,Matches
230,Marko Grujić,MF,rs Serbia,26,1996,0.1,14,17,82.4,230,62,4,5,80.0,8,9,88.9,0,1,0.0,0,0.0,0.0,0.0,0,2,0,0,2,Matches
231,Andrés Guardado,MF,mx Mexico,35,1986,0.5,11,16,68.8,190,15,5,5,100.0,5,7,71.4,1,3,33.3,0,0.0,0.0,0.0,0,2,0,0,0,Matches
232,Nemanja Gudelj,"MF,DF",rs Serbia,30,1991,1.0,44,52,84.6,755,229,23,24,95.8,18,23,78.3,3,4,75.0,0,0.0,0.0,0.0,0,1,0,0,3,Matches
233,Mattéo Guendouzi,"FW,MF",fr France,23,1999,0.9,27,33,81.8,399,79,17,21,81.0,9,9,100.0,1,2,50.0,0,0.0,0.0,0.0,0,4,0,0,1,Matches
234,Raphaël Guerreiro,DF,pt Portugal,28,1993,3.1,156,185,84.3,2301,856,87,95,91.6,56,68,82.4,8,14,57.1,2,0.6,0.7,+1.4,6,9,4,2,14,Matches
235,Cho Guesung,FW,kr Korea Republic,24,1998,3.1,40,63,63.5,603,156,22,33,66.7,14,21,66.7,2,4,50.0,0,0.0,0.1,0.0,1,5,2,0,3,Matches
236,Pape Gueye,MF,sn Senegal,23,1999,1.7,45,62,72.6,811,205,23,27,85.2,13,15,86.7,9,14,64.3,0,0.2,0.1,-0.2,2,5,2,1,4,Matches
237,Bruno Guimarães,MF,br Brazil,24,1997,0.8,43,54,79.6,663,251,23,25,92.0,13,16,81.3,5,7,71.4,0,0.0,0.3,0.0,0,3,0,0,4,Matches
238,İlkay Gündoğan,MF,de Germany,31,1990,2.1,150,168,89.3,2431,659,78,86,90.7,56,57,98.2,11,15,73.3,0,0.1,0.3,-0.1,1,18,4,0,15,Matches
239,Erick Gutiérrez,MF,mx Mexico,26,1995,0.5,24,29,82.8,340,56,13,14,92.9,11,12,91.7,0,2,0.0,0,0.0,0.0,0.0,0,2,0,0,1,Matches
240,Joško Gvardiol,DF,hr Croatia,20,2002,7.7,464,519,89.4,8363,3112,195,204,95.6,224,244,91.8,39,58,67.2,0,0.0,0.3,0.0,1,26,1,0,17,Matches
241,Asiri Haitham,FW,sa Saudi Arabia,21,2001,0.0,1,2,50.0,11,0,1,2,50.0,0,0,,0,0,,0,0.0,0.0,0.0,0,0,0,0,0,Matches
242,Ehsan Hajsafi,"MF,DF",ir IR Iran,32,1990,2.6,61,98,62.2,1085,442,25,38,65.8,26,30,86.7,6,23,26.1,0,0.2,0.3,-0.2,2,6,1,0,6,Matches
243,Achraf Hakimi,DF,ma Morocco,23,1998,7.0,312,382,81.7,4121,1792,207,232,89.2,63,80,78.8,19,32,59.4,1,0.5,0.6,+0.5,6,14,6,5,10,Matches
244,Abderrazak Hamdallah,FW,ma Morocco,31,1990,0.8,8,15,53.3,64,11,7,9,77.8,0,4,0.0,0,0,,0,0.0,0.0,0.0,0,1,0,0,0,Matches
245,Abdelkarim Hassan,DF,qa Qatar,28,1993,3.0,122,161,75.8,2462,813,57,63,90.5,44,51,86.3,20,37,54.1,0,0.0,0.1,0.0,1,13,1,0,8,Matches
246,Ali Al Hassan,MF,sa Saudi Arabia,25,1997,0.5,4,7,57.1,56,15,3,4,75.0,1,2,50.0,0,0,,0,0.0,0.0,0.0,0,2,0,0,1,Matches
247,Abdulaziz Hatem,MF,qa Qatar,31,1990,2.2,72,91,79.1,973,231,46,53,86.8,17,22,77.3,4,6,66.7,0,0.0,0.0,0.0,1,3,0,0,1,Matches
248,Kai Havertz,FW,de Germany,23,1999,1.1,27,34,79.4,388,89,12,14,85.7,10,10,100.0,2,2,100.0,0,0.2,0.5,-0.2,2,2,3,1,4,Matches
249,Hassan Al-Haydos,MF,qa Qatar,31,1990,2.3,65,80,81.3,1088,282,33,39,84.6,24,25,96.0,7,12,58.3,0,0.6,0.5,-0.6,2,5,2,2,6,Matches
250,Eden Hazard,MF,be Belgium,31,1991,1.4,46,58,79.3,678,180,26,29,89.7,14,18,77.8,2,3,66.7,0,0.0,0.1,0.0,1,5,0,0,6,Matches
251,Thorgan Hazard,FW,be Belgium,29,1993,1.2,40,58,69.0,764,231,14,21,66.7,20,23,87.0,4,8,50.0,0,1.3,0.8,-1.3,6,2,1,0,4,Matches
252,Hwang Hee-chan,"MF,FW",kr Korea Republic,26,1996,1.3,45,59,76.3,595,127,33,35,94.3,11,16,68.8,1,2,50.0,0,0.0,0.1,0.0,1,0,1,0,1,Matches
253,Jordan Henderson,MF,eng England,31,1990,3.0,137,163,84.0,2244,493,75,81,92.6,52,61,85.2,8,15,53.3,0,0.3,1.4,-0.3,4,11,3,0,13,Matches
254,Wayne Hennessey,GK,wls Wales,35,1987,1.9,50,66,75.8,1375,948,8,8,100.0,22,22,100.0,18,34,52.9,0,0.0,0.0,0.0,0,0,0,0,0,Matches
255,Lucas Hernández,DF,fr France,26,1996,0.1,5,10,50.0,66,16,4,7,57.1,1,1,100.0,0,1,0.0,0,0.0,0.0,0.0,0,1,0,0,0,Matches
256,Theo Hernández,DF,fr France,24,1997,5.6,289,339,85.3,4669,1343,156,169,92.3,105,119,88.2,25,39,64.1,2,1.2,1.0,+0.8,11,23,7,5,16,Matches
257,Héctor Herrera,MF,mx Mexico,32,1990,1.8,64,78,82.1,1104,198,28,33,84.8,29,32,90.6,4,7,57.1,0,0.1,0.2,-0.1,1,3,1,1,3,Matches
258,Son Heung-min,"FW,MF",kr Korea Republic,29,1992,4.0,77,115,67.0,1199,263,41,46,89.1,26,37,70.3,7,21,33.3,1,1.0,0.7,0.0,7,1,3,1,3,Matches
259,Piero Hincapié,DF,ec Ecuador,20,2002,3.0,168,200,84.0,3418,947,52,55,94.5,97,107,90.7,19,34,55.9,0,0.0,0.0,0.0,0,10,1,0,8,Matches
260,Jonas Hofmann,FW,de Germany,29,1992,0.3,16,20,80.0,186,44,9,10,90.0,3,3,100.0,1,1,100.0,0,0.1,0.0,-0.1,1,2,0,0,1,Matches
261,Junior Hoilett,"FW,MF",ca Canada,32,1990,1.8,43,59,72.9,743,324,23,26,88.5,10,14,71.4,7,13,53.8,0,0.4,0.4,-0.4,4,3,6,3,6,Matches
262,Martin Hongla,MF,cm Cameroon,24,1998,1.3,49,61,80.3,839,266,24,28,85.7,20,24,83.3,4,6,66.7,0,0.1,0.1,-0.1,2,7,1,0,3,Matches
263,Ricardo Horta,FW,pt Portugal,27,1994,1.3,31,46,67.4,368,54,18,21,85.7,9,18,50.0,0,2,0.0,0,0.1,0.1,-0.1,1,1,1,0,2,Matches
264,Hossein Hosseini,GK,ir IR Iran,29,1992,1.8,23,47,48.9,811,676,0,0,,9,9,100.0,14,36,38.9,0,0.0,0.0,0.0,0,0,0,0,0,Matches
265,Majid Hosseini,DF,ir IR Iran,25,1996,3.0,86,106,81.1,1791,524,28,33,84.8,42,47,89.4,14,21,66.7,0,0.0,0.0,0.0,0,3,0,0,3,Matches
266,Ajdin Hrustic,"MF,FW",au Australia,25,1996,0.7,17,21,81.0,263,42,10,11,90.9,4,5,80.0,1,3,33.3,0,0.0,0.0,0.0,0,1,0,0,1,Matches
267,Atiba Hutchinson,MF,ca Canada,39,1983,1.8,100,112,89.3,1399,519,57,63,90.5,34,35,97.1,3,4,75.0,0,0.0,0.0,0.0,0,12,0,0,13,Matches
268,Pierre Højbjerg,MF,dk Denmark,26,1995,3.0,200,224,89.3,3784,1123,95,102,93.1,68,75,90.7,35,44,79.5,0,0.0,0.1,0.0,1,30,2,0,21,Matches
269,Romario Ibarra,MF,ec Ecuador,27,1994,0.8,10,14,71.4,121,32,7,11,63.6,2,2,100.0,0,0,,0,0.0,0.0,0.0,0,1,0,0,0,Matches
270,Ivan Ilić,MF,rs Serbia,21,2001,0.4,19,20,95.0,236,45,11,11,100.0,7,8,87.5,0,0,,0,0.0,0.0,0.0,1,3,0,0,0,Matches
271,Hwang In-beom,MF,kr Korea Republic,25,1996,3.7,194,247,78.5,3456,1020,89,106,84.0,76,89,85.4,22,41,53.7,0,0.1,0.2,-0.1,3,33,5,1,21,Matches
272,Jackson Irvine,"MF,FW",au Australia,29,1993,3.9,103,128,80.5,1569,426,56,63,88.9,42,48,87.5,2,5,40.0,0,0.0,0.1,0.0,1,2,3,0,11,Matches
273,Ko Itakura,DF,jp Japan,25,1997,3.0,98,111,88.3,1860,494,32,35,91.4,55,59,93.2,11,15,73.3,1,0.1,0.0,+0.9,1,7,0,0,1,Matches
274,Hiroki Ito,DF,jp Japan,23,1999,0.5,58,63,92.1,1007,257,28,28,100.0,25,27,92.6,5,8,62.5,0,0.0,0.0,0.0,1,8,0,0,5,Matches
275,Junya Ito,"MF,FW",jp Japan,29,1993,3.6,59,97,60.8,752,288,40,52,76.9,16,22,72.7,1,12,8.3,1,0.2,0.1,+0.8,5,2,2,1,5,Matches
276,Yahya Jabrane,MF,ma Morocco,30,1991,0.2,,,,,,,,,,,,,,,0,,,,,,,,,Matches
277,Nicolas Jackson,FW,sn Senegal,20,2001,0.2,9,10,90.0,124,30,5,6,83.3,3,3,100.0,0,0,,0,0.0,0.0,0.0,0,0,0,0,0,Matches
278,Lee Jae-sung,"MF,FW",kr Korea Republic,29,1992,2.3,84,97,86.6,1285,170,41,49,83.7,35,37,94.6,6,7,85.7,0,0.0,0.1,0.0,2,4,0,0,0,Matches
279,Alireza Jahanbakhsh,MF,ir IR Iran,28,1993,0.7,11,17,64.7,160,54,4,5,80.0,6,9,66.7,0,0,,0,0.0,0.0,0.0,0,1,1,0,2,Matches
280,Kristijan Jakić,FW,hr Croatia,25,1997,0.0,0,0,,0,0,0,0,,0,0,,0,0,,0,0.0,0.0,0.0,0,0,0,0,0,Matches
281,Ismail Jakobs,DF,sn Senegal,22,1999,3.1,107,156,68.6,1695,708,54,63,85.7,46,62,74.2,6,26,23.1,1,0.3,0.5,+0.7,5,8,4,3,6,Matches
282,Abolfazl Jalali,DF,ir IR Iran,23,1998,0.2,20,29,69.0,311,51,9,9,100.0,11,14,78.6,0,4,0.0,0,0.0,0.0,0.0,0,1,0,0,3,Matches
283,Daniel James,"FW,MF",wls Wales,24,1997,1.7,24,36,66.7,351,70,16,23,69.6,5,8,62.5,2,3,66.7,0,0.0,0.0,0.0,1,0,1,1,1,Matches
284,Vincent Janssen,FW,nl Netherlands,27,1994,1.0,16,20,80.0,191,21,11,14,78.6,4,4,100.0,0,0,,0,0.0,0.0,0.0,1,2,2,0,2,Matches
285,Ardon Jasari,FW,ch Switzerland,19,2002,0.0,5,6,83.3,63,11,3,3,100.0,2,3,66.7,0,0,,0,0.0,0.0,0.0,0,0,0,0,0,Matches
286,Issam Jebali,FW,tn Tunisia,30,1991,2.0,25,35,71.4,338,59,16,18,88.9,7,10,70.0,1,2,50.0,0,0.2,0.2,-0.2,2,0,1,1,0,Matches
287,Artur Jędrzejczyk,DF,pl Poland,34,1987,0.2,3,4,75.0,88,44,1,1,100.0,1,2,50.0,1,1,100.0,0,0.0,0.0,0.0,0,1,0,0,0,Matches
288,Mathias Jensen,MF,dk Denmark,26,1996,0.9,52,67,77.6,871,249,28,33,84.8,16,18,88.9,6,13,46.2,0,0.4,0.1,-0.4,4,7,2,0,4,Matches
289,Gabriel Jesus,FW,br Brazil,25,1997,1.0,22,28,78.6,297,130,13,14,92.9,6,7,85.7,2,2,100.0,0,0.2,0.1,-0.2,4,3,2,0,5,Matches
290,Raúl Jiménez,FW,mx Mexico,31,1991,0.7,20,32,62.5,312,110,12,18,66.7,4,5,80.0,3,4,75.0,0,0.0,0.0,0.0,0,3,1,0,3,Matches
291,Kim Jin-su,DF,kr Korea Republic,30,1992,3.5,105,146,71.9,1901,672,47,51,92.2,44,62,71.0,11,25,44.0,1,0.6,0.6,+0.4,5,5,4,3,7,Matches
292,Brennan Johnson,"FW,MF",wls Wales,21,2001,1.0,10,17,58.8,143,60,7,11,63.6,3,6,50.0,0,0,,0,0.0,0.1,0.0,0,0,0,0,1,Matches
293,Alistair Johnston,DF,ca Canada,23,1998,3.0,147,186,79.0,2408,998,77,86,89.5,55,67,82.1,12,25,48.0,0,0.2,0.1,-0.2,3,9,3,1,10,Matches
294,Frenkie de Jong,MF,nl Netherlands,25,1997,5.3,323,364,88.7,5030,1254,178,198,89.9,121,128,94.5,19,25,76.0,1,0.2,0.4,+0.8,4,23,2,1,17,Matches
295,Luuk de Jong,FW,nl Netherlands,31,1990,0.6,8,12,66.7,116,36,5,6,83.3,3,3,100.0,0,1,0.0,0,0.0,0.0,0.0,0,1,0,0,1,Matches
296,Luka Jović,FW,rs Serbia,24,1997,0.4,6,10,60.0,115,4,3,5,60.0,2,3,66.7,1,2,50.0,0,0.2,0.1,-0.2,2,0,0,0,0,Matches
297,Son Jun-ho,"MF,DF",kr Korea Republic,30,1992,0.8,55,59,93.2,1190,408,21,22,95.5,23,24,95.8,11,13,84.6,0,0.0,0.0,0.0,0,10,0,0,5,Matches
298,Vinicius Júnior,FW,br Brazil,21,2000,3.3,68,90,75.6,853,146,46,52,88.5,20,28,71.4,1,4,25.0,2,0.7,0.8,+1.3,8,5,3,0,3,Matches
299,Josip Juranović,DF,hr Croatia,26,1995,6.7,318,405,78.5,4928,1748,183,195,93.8,101,133,75.9,24,47,51.1,1,0.3,0.3,+0.7,7,24,6,4,21,Matches
300,Daichi Kamada,"FW,MF",jp Japan,25,1996,3.6,83,104,79.8,1464,313,45,51,88.2,28,34,82.4,9,14,64.3,0,0.0,0.2,0.0,1,13,2,0,6,Matches
301,Jakub Kamiński,MF,pl Poland,20,2002,2.6,37,61,60.7,487,167,24,32,75.0,11,21,52.4,0,0,,0,0.2,0.4,-0.2,2,1,2,2,1,Matches
302,Hossein Kanaanizadegan,DF,ir IR Iran,28,1994,0.5,8,11,72.7,213,121,2,3,66.7,2,2,100.0,4,6,66.7,0,0.0,0.0,0.0,0,0,0,0,0,Matches
303,Harry Kane,FW,eng England,28,1993,4.5,62,98,63.3,1027,390,33,43,76.7,24,36,66.7,5,7,71.4,3,1.5,0.7,+1.5,5,12,5,1,16,Matches
304,Lee Kangin,"MF,FW",kr Korea Republic,21,2001,1.6,62,77,80.5,1225,297,22,24,91.7,28,30,93.3,10,20,50.0,1,0.3,0.3,+0.7,4,6,6,1,11,Matches
305,Mohamed Kanno,"MF,FW",sa Saudi Arabia,27,1994,3.0,119,147,81.0,1814,535,61,72,84.7,40,45,88.9,9,15,60.0,0,0.0,0.1,0.0,0,15,2,0,11,Matches
306,Fran Karačić,DF,au Australia,26,1996,1.0,33,54,61.1,765,350,11,17,64.7,13,22,59.1,9,14,64.3,0,0.1,0.1,-0.1,1,5,3,1,7,Matches
307,Ali Karimi,MF,ir IR Iran,28,1994,1.1,34,45,75.6,584,149,18,21,85.7,12,15,80.0,4,7,57.1,0,0.0,0.0,0.0,0,4,1,0,3,Matches
308,Mark-Anthony Kaye,MF,ca Canada,27,1994,0.7,51,61,83.6,834,112,23,30,76.7,23,24,95.8,3,5,60.0,0,0.0,0.0,0.0,0,1,0,0,1,Matches
309,Wajdi Kechrida,DF,tn Tunisia,26,1995,1.2,44,69,63.8,741,338,20,25,80.0,21,26,80.8,3,10,30.0,0,0.1,0.1,-0.1,1,3,2,0,4,Matches
310,Thilo Kehrer,DF,de Germany,25,1996,0.8,22,29,75.9,356,155,12,15,80.0,7,9,77.8,2,2,100.0,0,0.0,0.0,0.0,0,1,0,0,1,Matches
311,Bilal El Khannous,MF,ma Morocco,18,2004,0.6,20,24,83.3,337,67,8,9,88.9,5,5,100.0,3,3,100.0,0,0.0,0.0,0.0,0,1,0,0,2,Matches
312,Wahbi Khazri,"FW,MF",tn Tunisia,31,1991,0.9,13,20,65.0,268,113,4,5,80.0,6,6,100.0,2,6,33.3,0,0.0,0.0,0.0,0,3,1,0,2,Matches
313,Musab Kheder,DF,qa Qatar,28,1993,0.1,3,3,100.0,89,30,0,0,,2,2,100.0,1,1,100.0,0,0.0,0.0,0.0,0,0,0,0,0,Matches
314,Boualem Khoukhi,DF,qa Qatar,31,1990,3.0,169,197,85.8,3293,1402,59,66,89.4,82,91,90.1,25,35,71.4,0,0.0,0.2,0.0,0,2,0,0,4,Matches
315,Joshua Kimmich,"MF,DF",de Germany,27,1995,3.0,226,267,84.6,4179,1228,104,110,94.5,87,94,92.6,29,50,58.0,0,1.1,1.5,-1.1,9,26,9,2,22,Matches
316,Jakub Kiwior,DF,pl Poland,22,2000,3.9,174,205,84.9,3687,1249,54,56,96.4,92,98,93.9,26,48,54.2,0,0.0,0.0,0.0,0,10,0,0,3,Matches
317,Simon Kjær,DF,dk Denmark,33,1989,0.7,50,59,84.7,989,462,20,24,83.3,25,28,89.3,5,7,71.4,0,0.0,0.0,0.0,0,3,1,0,4,Matches
318,Davy Klaassen,"MF,FW",nl Netherlands,29,1993,2.1,59,77,76.6,752,156,39,48,81.3,17,23,73.9,2,2,100.0,2,0.3,0.1,+1.7,4,6,1,0,4,Matches
319,Lukas Klostermann,DF,de Germany,26,1996,0.7,51,52,98.1,776,274,30,31,96.8,18,18,100.0,3,3,100.0,0,0.0,0.1,0.0,0,2,1,0,4,Matches
320,Gregor Kobel,GK,ch Switzerland,24,1997,1.0,21,29,72.4,478,277,5,5,100.0,15,15,100.0,1,9,11.1,0,0.0,0.0,0.0,0,0,0,0,0,Matches
321,Koke,MF,es Spain,30,1992,0.6,56,62,90.3,991,170,26,28,92.9,24,25,96.0,6,7,85.7,0,0.0,0.0,0.0,0,4,0,0,2,Matches
322,Randal Kolo Muani,FW,fr France,23,1998,2.0,25,43,58.1,325,36,19,28,67.9,6,8,75.0,0,0,,0,0.0,0.0,0.0,0,2,0,0,0,Matches
323,Ibrahima Konaté,DF,fr France,23,1999,3.3,215,235,91.5,4319,1516,71,76,93.4,118,124,95.2,26,34,76.5,0,0.4,0.3,-0.4,2,22,1,0,15,Matches
324,Ismaël Koné,"MF,DF",ca Canada,20,2002,1.2,96,101,95.0,1893,327,34,35,97.1,48,49,98.0,12,13,92.3,0,0.1,0.0,-0.1,1,12,0,0,4,Matches
325,Teun Koopmeiners,MF,nl Netherlands,24,1998,2.4,90,119,75.6,1448,490,47,53,88.7,36,42,85.7,6,11,54.5,1,0.2,0.1,+0.8,2,9,0,0,6,Matches
326,Filip Kostić,DF,rs Serbia,29,1992,2.0,72,113,63.7,1170,416,28,34,82.4,30,46,65.2,7,19,36.8,0,0.0,0.2,0.0,1,3,2,2,6,Matches
327,Kalidou Koulibaly,DF,sn Senegal,30,1991,4.0,156,205,76.1,3196,1327,49,52,94.2,80,88,90.9,23,55,41.8,0,0.0,0.0,0.0,1,12,0,0,9,Matches
328,Jules Koundé,DF,fr France,23,1998,5.3,252,311,81.0,4131,1297,128,137,93.4,98,121,81.0,22,29,75.9,0,0.1,0.1,-0.1,1,25,0,0,6,Matches
329,Cheikhou Kouyaté,MF,sn Senegal,32,1989,0.8,19,23,82.6,269,46,12,14,85.7,3,3,100.0,1,2,50.0,0,0.0,0.0,0.0,1,1,0,0,1,Matches
330,Mateo Kovačić,MF,hr Croatia,28,1994,7.1,415,460,90.2,6213,1384,236,250,94.4,144,156,92.3,21,31,67.7,0,1.0,1.2,-1.0,9,47,7,0,31,Matches
331,Andrej Kramarić,"FW,MF",hr Croatia,30,1991,5.3,153,176,86.9,2049,233,104,111,93.7,35,38,92.1,7,12,58.3,0,0.2,0.3,-0.2,4,0,3,1,4,Matches
332,Grzegorz Krychowiak,MF,pl Poland,32,1990,3.7,93,127,73.2,1385,575,58,65,89.2,22,31,71.0,8,20,40.0,0,0.2,0.1,-0.2,3,8,1,0,7,Matches
333,Takefusa Kubo,FW,jp Japan,21,2001,1.0,6,11,54.5,87,23,4,6,66.7,2,5,40.0,0,0,,0,0.0,0.0,0.0,0,0,1,0,1,Matches
334,Pierre Kunde,MF,cm Cameroon,26,1995,1.5,38,49,77.6,751,264,17,20,85.0,12,14,85.7,7,11,63.6,0,0.1,0.2,-0.1,1,8,1,0,4,Matches
335,Garang Kuol,"FW,MF",au Australia,17,2004,0.4,3,5,60.0,33,3,3,3,100.0,0,2,0.0,0,0,,0,0.0,0.0,0.0,0,0,0,0,0,Matches
336,Daniel Kyereh,"MF,DF",gh Ghana,26,1996,0.4,18,23,78.3,257,43,10,10,100.0,7,7,100.0,1,6,16.7,0,0.0,0.0,0.0,0,2,0,0,1,Matches
337,Kwon Kyung-won,DF,kr Korea Republic,30,1992,1.0,39,43,90.7,707,216,18,18,100.0,16,19,84.2,5,5,100.0,0,0.0,0.0,0.0,0,1,0,0,2,Matches
338,Aïssa Laïdouni,MF,tn Tunisia,25,1996,2.7,99,123,80.5,1677,476,50,60,83.3,42,48,87.5,7,12,58.3,1,0.4,0.2,+0.6,4,16,0,0,8,Matches
339,Tariq Lamptey,DF,gh Ghana,21,2000,1.1,21,34,61.8,315,88,11,13,84.6,10,16,62.5,0,4,0.0,0,0.0,0.0,0.0,0,0,2,1,2,Matches
340,Noa Lang,MF,nl Netherlands,22,1999,0.1,1,3,33.3,5,6,1,2,50.0,0,1,0.0,0,0,,0,0.0,0.0,0.0,0,0,0,0,0,Matches
341,Aymeric Laporte,DF,es Spain,28,1994,3.3,413,438,94.3,7612,2489,120,122,98.4,272,281,96.8,17,28,60.7,0,0.0,0.1,0.0,1,26,2,0,14,Matches
342,Cyle Larin,FW,ca Canada,27,1995,1.5,21,29,72.4,299,109,11,14,78.6,8,8,100.0,1,1,100.0,0,0.5,0.3,-0.5,2,4,3,2,4,Matches
343,Richie Laryea,"DF,MF",ca Canada,27,1995,1.8,35,47,74.5,586,125,18,22,81.8,11,16,68.8,3,3,100.0,0,0.5,0.3,-0.5,4,1,1,1,0,Matches
344,Darko Lazović,DF,rs Serbia,31,1990,0.3,7,12,58.3,151,19,3,5,60.0,2,4,50.0,2,2,100.0,0,0.0,0.0,0.0,0,0,0,0,0,Matches
345,Rafael Leão,FW,pt Portugal,23,1999,1.0,32,47,68.1,412,92,21,23,91.3,7,13,53.8,2,7,28.6,0,0.2,0.2,-0.2,1,0,1,1,3,Matches
346,Mathew Leckie,"MF,FW",au Australia,31,1991,3.7,67,103,65.0,791,268,43,54,79.6,16,24,66.7,1,4,25.0,1,0.3,0.0,+0.7,2,8,1,0,7,Matches
347,Robert Lewandowski,FW,pl Poland,33,1988,4.0,61,91,67.0,859,177,36,47,76.6,20,27,74.1,3,6,50.0,1,0.4,0.4,+0.6,5,9,1,0,6,Matches
348,Matthijs de Ligt,DF,nl Netherlands,22,1999,1.0,41,45,91.1,846,264,14,16,87.5,18,19,94.7,9,9,100.0,0,0.0,0.0,0.0,0,4,0,0,2,Matches
349,Jesper Lindstrøm,"MF,FW",dk Denmark,22,2000,2.2,36,52,69.2,427,99,26,34,76.5,8,11,72.7,0,2,0.0,0,0.0,0.0,0.0,0,1,2,0,3,Matches
350,Marko Livaja,FW,hr Croatia,28,1993,2.7,35,58,60.3,502,133,18,27,66.7,14,19,73.7,1,2,50.0,1,0.1,0.1,+0.9,3,4,3,0,7,Matches
351,Dominik Livaković,GK,hr Croatia,27,1995,7.7,194,228,85.1,4572,3311,67,67,100.0,81,81,100.0,43,76,56.6,0,0.0,0.0,0.0,0,3,0,0,0,Matches
352,Marcos Llorente,DF,es Spain,27,1995,1.3,95,106,89.6,1708,271,41,44,93.2,40,43,93.0,12,14,85.7,0,0.0,0.0,0.0,0,9,0,0,6,Matches
353,Hugo Lloris,GK,fr France,35,1986,6.3,110,182,60.4,3602,2901,18,18,100.0,47,49,95.9,45,114,39.5,0,0.0,0.0,0.0,0,2,0,0,0,Matches
354,Dejan Lovren,DF,hr Croatia,32,1989,6.7,405,460,88.0,7863,2519,137,150,91.3,219,235,93.2,44,65,67.7,1,0.0,0.1,+1.0,1,14,1,1,16,Matches
355,Hirving Lozano,FW,mx Mexico,26,1995,2.8,42,77,54.5,641,258,21,28,75.0,14,22,63.6,4,15,26.7,0,1.0,0.9,-1.0,8,1,8,3,7,Matches
356,Romelu Lukaku,FW,be Belgium,29,1993,0.6,6,9,66.7,67,0,5,6,83.3,1,3,33.3,0,0,,0,0.0,0.1,0.0,1,0,0,0,0,Matches
357,Saša Lukić,MF,rs Serbia,25,1996,2.7,143,162,88.3,2488,505,60,67,89.6,70,76,92.1,10,13,76.9,0,0.0,0.1,0.0,0,12,1,1,5,Matches
358,Ali Maâloul,DF,tn Tunisia,32,1990,1.0,39,63,61.9,733,412,19,22,86.4,13,18,72.2,6,19,31.6,0,0.0,0.1,0.0,0,4,2,1,4,Matches
359,Awer Mabil,MF,au Australia,26,1995,0.3,10,14,71.4,143,0,7,9,77.8,3,3,100.0,0,1,0.0,0,0.0,0.0,0.0,0,0,0,0,0,Matches
360,Alexis Mac Allister,MF,ar Argentina,23,1998,6.1,234,265,88.3,3274,548,147,162,90.7,69,76,90.8,9,13,69.2,1,0.9,0.6,+0.1,8,12,6,0,17,Matches
361,Jamie Maclaren,FW,au Australia,28,1993,0.6,7,15,46.7,62,4,2,6,33.3,2,5,40.0,0,1,0.0,0,0.0,0.0,0.0,1,0,0,0,0,Matches
362,Assim Madibo,MF,qa Qatar,25,1996,1.7,58,70,82.9,850,334,32,36,88.9,18,22,81.8,4,5,80.0,0,0.0,0.0,0.0,1,7,0,0,5,Matches
363,Abdullah Madu,"DF,MF",sa Saudi Arabia,28,1993,0.5,5,13,38.5,89,64,2,3,66.7,2,6,33.3,1,2,50.0,0,0.0,0.0,0.0,0,0,0,0,1,Matches
364,Daizen Maeda,FW,jp Japan,24,1997,2.0,8,17,47.1,121,10,3,9,33.3,5,8,62.5,0,0,,0,0.0,0.1,0.0,0,0,0,0,0,Matches
365,Harry Maguire,DF,eng England,29,1993,4.8,354,407,87.0,7329,2340,99,109,90.8,212,224,94.6,43,68,63.2,1,0.0,0.1,+1.0,1,23,1,0,19,Matches
366,Lovro Majer,"MF,FW",hr Croatia,24,1998,1.4,78,98,79.6,1165,300,43,47,91.5,27,34,79.4,3,8,37.5,0,0.1,0.3,-0.1,2,5,4,3,5,Matches
367,Nemanja Maksimović,MF,rs Serbia,27,1995,1.4,50,57,87.7,673,181,31,31,100.0,18,22,81.8,0,2,0.0,0,0.1,0.1,-0.1,3,5,2,2,0,Matches
368,Abdulellah Al-Malki,MF,sa Saudi Arabia,27,1994,1.9,66,84,78.6,1057,288,30,32,93.8,31,42,73.8,4,7,57.1,0,0.0,0.0,0.0,0,3,0,0,3,Matches
369,Steve Mandanda,GK,fr France,37,1985,1.0,19,31,61.3,414,303,2,2,100.0,15,15,100.0,2,14,14.3,0,0.0,0.0,0.0,0,0,0,0,0,Matches
370,José María Giménez,DF,uy Uruguay,27,1995,3.0,141,174,81.0,2792,1084,50,59,84.7,71,81,87.7,17,29,58.6,0,0.0,0.3,0.0,0,11,2,0,10,Matches
371,João Mário,"FW,MF",pt Portugal,29,1993,0.9,37,40,92.5,516,92,22,23,95.7,9,10,90.0,3,3,100.0,0,0.0,0.0,0.0,0,1,0,0,2,Matches
372,Marquinhos,DF,br Brazil,28,1994,4.7,352,368,95.7,6124,1913,139,140,99.3,197,204,96.6,12,18,66.7,0,0.8,1.1,-0.8,4,36,3,1,18,Matches
373,Henry Martín,FW,mx Mexico,29,1992,1.6,13,20,65.0,152,14,9,12,75.0,4,6,66.7,0,0,,0,0.2,0.2,-0.2,5,0,0,0,0,Matches
374,Martinelli,FW,br Brazil,20,2001,1.3,34,45,75.6,471,103,22,28,78.6,11,13,84.6,0,2,0.0,0,0.2,0.3,-0.2,3,3,2,1,2,Matches
375,Carlos Martínez,DF,cr Costa Rica,23,1999,0.5,10,15,66.7,196,109,5,7,71.4,3,6,50.0,2,2,100.0,0,0.0,0.0,0.0,0,0,0,0,0,Matches
376,Emiliano Martínez,GK,ar Argentina,29,1992,7.7,120,187,64.2,2830,1864,33,33,100.0,62,62,100.0,24,89,27.0,0,0.0,0.0,0.0,0,1,0,0,0,Matches
377,Lautaro Martínez,FW,ar Argentina,24,1997,2.7,47,63,74.6,579,21,33,40,82.5,11,15,73.3,1,1,100.0,0,0.0,0.0,0.0,1,0,0,0,0,Matches
378,Lisandro Martínez,DF,ar Argentina,24,1998,3.4,133,156,85.3,2311,821,63,70,90.0,57,64,89.1,13,21,61.9,0,0.7,0.0,-0.7,1,11,1,0,6,Matches
379,Pape Matar Sarr,MF,sn Senegal,19,2002,0.7,36,43,83.7,639,174,17,19,89.5,12,15,80.0,5,6,83.3,0,0.0,0.1,0.0,1,3,1,0,2,Matches
380,Rónald Matarrita,"DF,MF",cr Costa Rica,27,1994,0.3,18,29,62.1,298,173,10,11,90.9,6,12,50.0,2,4,50.0,0,0.0,0.0,0.0,0,2,0,0,0,Matches
381,Eric Maxim Choupo-Moting,"FW,MF",cm Cameroon,33,1989,2.8,44,66,66.7,629,135,32,41,78.0,8,14,57.1,2,4,50.0,0,0.0,0.1,0.0,2,5,1,0,5,Matches
382,Noussair Mazraoui,DF,ma Morocco,24,1997,4.1,98,121,81.0,1540,571,53,57,93.0,36,43,83.7,7,16,43.8,0,0.0,0.1,0.0,1,2,1,1,3,Matches
383,Kylian Mbappé,FW,fr France,23,1998,6.6,173,229,75.5,2564,645,110,123,89.4,48,61,78.7,12,25,48.0,2,1.3,1.3,+0.7,11,16,8,2,16,Matches
384,Bryan Mbeumo,"FW,MF",cm Cameroon,22,1999,2.6,49,85,57.6,742,230,36,47,76.6,10,21,47.6,3,11,27.3,0,0.3,0.2,-0.3,5,4,2,0,4,Matches
385,Riley McGree,"FW,MF",au Australia,23,1998,2.9,57,75,76.0,800,191,31,37,83.8,19,25,76.0,3,5,60.0,1,0.6,0.3,+0.4,4,5,2,1,3,Matches
386,Weston McKennie,MF,us United States,23,1998,3.0,117,153,76.5,2166,770,52,63,82.5,48,57,84.2,13,21,61.9,0,0.4,0.2,-0.4,4,16,5,1,17,Matches
387,Hannibal Mejbri,MF,tn Tunisia,19,2003,0.1,2,2,100.0,29,0,1,1,100.0,1,1,100.0,0,0,,0,0.0,0.0,0.0,0,0,0,0,0,Matches
388,Memphis,FW,nl Netherlands,28,1994,3.3,93,123,75.6,1277,233,58,68,85.3,21,30,70.0,7,10,70.0,0,0.5,0.4,-0.5,3,6,2,0,4,Matches
389,Nuno Mendes,DF,pt Portugal,19,2002,0.5,29,32,90.6,475,197,17,17,100.0,8,10,80.0,3,4,75.0,0,0.0,0.0,0.0,1,2,1,1,2,Matches
390,Jhegson Méndez,MF,ec Ecuador,25,1997,2.0,128,140,91.4,2200,625,60,63,95.2,55,56,98.2,11,15,73.3,0,0.1,0.1,-0.1,2,6,0,0,6,Matches
391,Edouard Mendy,GK,sn Senegal,30,1992,4.0,88,120,73.3,2342,1501,24,24,100.0,36,36,100.0,27,59,45.8,0,0.0,0.0,0.0,1,1,0,0,0,Matches
392,Nampalys Mendy,MF,sn Senegal,29,1992,3.0,141,159,88.7,2662,472,58,64,90.6,55,58,94.8,21,27,77.8,0,0.0,0.1,0.0,1,13,2,1,6,Matches
393,Gideon Mensah,DF,gh Ghana,23,1998,1.0,36,46,78.3,586,202,19,21,90.5,14,17,82.4,3,7,42.9,1,0.3,0.1,+0.7,1,2,1,0,3,Matches
394,Chris Mepham,DF,wls Wales,24,1997,3.0,141,172,82.0,2686,890,44,47,93.6,85,98,86.7,10,22,45.5,0,0.2,0.2,-0.2,2,7,2,0,9,Matches
395,Yassine Meriah,DF,tn Tunisia,28,1993,3.0,139,171,81.3,2818,1041,36,41,87.8,91,100,91.0,12,29,41.4,0,0.0,0.0,0.0,1,11,0,0,11,Matches
396,Dries Mertens,"MF,FW",be Belgium,35,1987,0.8,22,33,66.7,344,129,16,22,72.7,2,2,100.0,4,8,50.0,0,0.1,0.1,-0.1,3,1,0,0,1,Matches
397,Lionel Messi,FW,ar Argentina,34,1987,7.7,300,371,80.9,4533,1561,170,182,93.4,93,110,84.5,27,47,57.4,3,2.5,1.9,+0.5,21,38,18,0,49,Matches
398,Thomas Meunier,DF,be Belgium,30,1991,2.3,110,147,74.8,2169,632,37,44,84.1,58,70,82.9,15,28,53.6,0,0.5,0.0,-0.5,3,8,2,0,9,Matches
399,Nikola Milenković,DF,rs Serbia,24,1997,3.0,141,163,86.5,2363,823,69,73,94.5,55,62,88.7,16,23,69.6,0,0.0,0.0,0.0,0,10,0,0,6,Matches
400,Arkadiusz Milik,"FW,MF",pl Poland,28,1994,1.1,19,29,65.5,245,19,8,10,80.0,9,10,90.0,0,3,0.0,0,0.1,0.0,-0.1,1,0,0,0,0,Matches
401,Sergej Milinković-Savić,MF,rs Serbia,27,1995,2.6,87,120,72.5,1467,405,44,55,80.0,33,41,80.5,8,16,50.0,0,0.0,0.2,0.0,0,9,2,0,10,Matches
402,Vanja Milinković-Savić,GK,rs Serbia,25,1997,3.0,90,125,72.0,2523,1707,11,11,100.0,57,58,98.3,22,56,39.3,0,0.0,0.0,0.0,0,4,0,0,0,Matches
403,Éder Militão,DF,br Brazil,24,1998,3.9,251,277,90.6,4346,1514,112,115,97.4,111,122,91.0,21,31,67.7,0,0.0,0.1,0.0,1,20,1,1,12,Matches
404,Liam Millar,DF,ca Canada,22,1999,0.1,4,9,44.4,51,23,2,3,66.7,2,4,50.0,0,1,0.0,0,0.0,0.0,0.0,0,0,0,0,1,Matches
405,Kamal Miller,DF,ca Canada,25,1997,3.0,186,205,90.7,3184,1385,83,86,96.5,84,89,94.4,15,23,65.2,0,0.0,0.0,0.0,0,21,0,0,10,Matches
406,Kim Min-jae,DF,kr Korea Republic,25,1996,3.0,167,191,87.4,3337,1234,60,65,92.3,85,90,94.4,20,29,69.0,0,0.0,0.1,0.0,0,19,1,0,10,Matches
407,Takumi Minamino,FW,jp Japan,27,1995,0.7,14,22,63.6,200,34,9,11,81.8,4,5,80.0,1,5,20.0,0,0.0,0.0,0.0,0,0,1,1,0,Matches
408,Kaoru Mitoma,MF,jp Japan,25,1997,1.8,50,70,71.4,723,150,31,39,79.5,13,18,72.2,4,8,50.0,1,1.2,0.4,-0.2,3,1,2,0,3,Matches
409,Aleksandar Mitrović,FW,rs Serbia,27,1994,2.9,54,69,78.3,799,106,29,34,85.3,17,22,77.3,3,4,75.0,0,0.7,0.1,-0.7,2,5,1,0,2,Matches
410,Stefan Mitrović,DF,rs Serbia,32,1990,0.4,18,21,85.7,313,111,7,8,87.5,8,9,88.9,2,3,66.7,0,0.0,0.0,0.0,0,0,0,0,0,Matches
411,Filip Mladenović,DF,rs Serbia,30,1991,0.7,20,25,80.0,279,95,10,10,100.0,8,11,72.7,1,2,50.0,0,0.0,0.0,0.0,0,2,0,0,1,Matches
412,Luka Modrić,MF,hr Croatia,36,1985,7.3,465,551,84.4,7825,2857,229,244,93.9,173,202,85.6,45,71,63.4,0,0.7,0.8,-0.7,6,51,10,3,61,Matches
413,Ismail Mohamad,FW,qa Qatar,32,1990,1.9,,,,,,,,,,,,,,,1,,,,,,,,,Matches
414,Milad Mohammadi,DF,ir IR Iran,28,1993,2.2,44,68,64.7,674,283,20,21,95.2,19,29,65.5,2,8,25.0,0,0.0,0.0,0.0,0,1,0,0,2,Matches
415,Kudus Mohammed,"FW,MF",gh Ghana,21,2000,2.7,62,87,71.3,1060,233,28,38,73.7,23,27,85.2,9,14,64.3,0,0.0,0.1,0.0,0,4,0,0,5,Matches
416,Sadegh Moharrami,DF,ir IR Iran,26,1996,1.0,18,26,69.2,204,92,14,14,100.0,3,9,33.3,0,0,,0,0.0,0.0,0.0,0,0,0,0,0,Matches
417,Nahuel Molina,DF,ar Argentina,24,1998,6.3,291,358,81.3,3912,1346,188,221,85.1,77,94,81.9,16,23,69.6,1,0.3,0.3,+0.7,3,17,3,1,11,Matches
418,César Montes,DF,mx Mexico,25,1997,3.0,159,197,80.7,3324,957,42,48,87.5,96,107,89.7,20,36,55.6,1,0.5,0.5,+0.5,1,10,0,0,8,Matches
419,Gonzalo Montiel,"DF,MF",ar Argentina,25,1997,1.3,69,81,85.2,954,310,39,42,92.9,26,28,92.9,1,3,33.3,0,0.3,0.3,-0.3,3,4,0,0,2,Matches
420,Kim Moonhwan,DF,kr Korea Republic,26,1995,4.0,201,242,83.1,3226,1077,109,117,93.2,73,93,78.5,14,19,73.7,0,0.6,0.3,-0.6,3,14,5,3,8,Matches
421,Kieffer Moore,FW,wls Wales,29,1992,2.5,36,56,64.3,564,87,17,27,63.0,15,20,75.0,2,2,100.0,0,0.2,0.1,-0.2,4,3,1,0,3,Matches
422,Shaquell Moore,DF,us United States,25,1996,0.2,14,21,66.7,218,85,9,11,81.8,4,6,66.7,1,4,25.0,0,0.0,0.0,0.0,0,1,0,0,0,Matches
423,Aaron Mooy,MF,au Australia,31,1990,4.0,170,217,78.3,2819,951,78,90,86.7,59,73,80.8,18,31,58.1,0,0.1,0.1,-0.1,1,22,1,0,14,Matches
424,Álvaro Morata,FW,es Spain,29,1992,2.1,28,41,68.3,551,64,8,10,80.0,15,23,65.2,4,6,66.7,1,0.2,0.1,+0.8,2,3,1,0,3,Matches
425,Héctor Moreno,DF,mx Mexico,34,1988,3.0,165,195,84.6,2986,1087,68,76,89.5,80,92,87.0,16,25,64.0,0,0.0,0.0,0.0,1,20,0,0,13,Matches
426,Hidemasa Morita,MF,jp Japan,27,1995,3.2,129,157,82.2,2180,695,68,79,86.1,47,58,81.0,12,16,75.0,0,0.1,0.1,-0.1,2,14,2,1,11,Matches
427,Joe Morrell,MF,wls Wales,25,1997,0.4,12,14,85.7,214,32,6,7,85.7,5,6,83.3,1,1,100.0,0,0.0,0.0,0.0,0,1,0,0,1,Matches
428,Jordan Morris,"FW,DF",us United States,27,1994,0.0,1,4,25.0,11,0,1,2,50.0,0,0,,0,0,,0,0.0,0.0,0.0,0,0,0,0,0,Matches
429,Youssoufa Moukoko,FW,de Germany,17,2004,0.0,1,2,50.0,8,0,1,1,100.0,0,1,0.0,0,0,,0,0.0,0.0,0.0,0,0,0,0,0,Matches
430,Mason Mount,MF,eng England,23,1999,2.1,61,73,83.6,1031,212,36,42,85.7,19,22,86.4,6,7,85.7,0,0.0,0.1,0.0,1,3,1,0,4,Matches
431,Youssef Msakni,"MF,FW",tn Tunisia,31,1990,1.9,50,69,72.5,843,205,23,28,82.1,23,29,79.3,3,6,50.0,0,0.6,0.6,-0.6,4,4,3,0,6,Matches
432,Thomas Müller,"FW,MF",de Germany,32,1989,2.2,56,78,71.8,722,184,35,44,79.5,14,19,73.7,2,4,50.0,0,0.6,0.5,-0.6,8,2,4,1,6,Matches
433,Munir,GK,ma Morocco,33,1989,1.0,19,28,67.9,597,413,2,2,100.0,10,10,100.0,7,16,43.8,0,0.0,0.0,0.0,0,0,0,0,0,Matches
434,Mohammed Muntari,"FW,MF",qa Qatar,28,1993,0.7,17,19,89.5,209,25,6,7,85.7,7,8,87.5,0,0,,0,0.0,0.0,0.0,1,0,0,0,0,Matches
435,Yunus Musah,MF,us United States,19,2002,3.8,151,182,83.0,2438,494,74,81,91.4,65,75,86.7,9,13,69.2,0,0.1,0.2,-0.1,3,10,5,0,13,Matches
436,Jamal Musiala,"MF,FW",de Germany,19,2003,2.9,85,105,81.0,1130,288,49,58,84.5,27,31,87.1,3,3,100.0,1,0.9,0.8,+0.1,8,2,7,1,9,Matches
437,Joakim Mæhle,DF,dk Denmark,25,1997,2.8,119,146,81.5,1631,428,76,82,92.7,35,41,85.4,4,12,33.3,0,0.0,0.1,0.0,1,6,3,0,7,Matches
438,Georges-Kévin N'Koudou,"FW,MF",cm Cameroon,27,1995,0.3,9,12,75.0,165,28,5,5,100.0,3,4,75.0,1,1,100.0,0,0.0,0.0,0.0,0,1,0,0,1,Matches
439,Yuto Nagatomo,"MF,DF",jp Japan,35,1986,2.3,78,109,71.6,1171,383,51,57,89.5,22,31,71.0,3,14,21.4,0,0.1,0.1,-0.1,1,7,2,2,2,Matches
440,Sami Al-Najei,MF,sa Saudi Arabia,25,1997,0.5,13,21,61.9,200,64,8,10,80.0,3,7,42.9,1,3,33.3,0,0.0,0.2,0.0,0,0,0,0,0,Matches
441,Keylor Navas,GK,cr Costa Rica,35,1986,3.0,61,102,59.8,2135,1522,7,7,100.0,25,25,100.0,29,68,42.6,0,0.0,0.0,0.0,0,1,0,0,0,Matches
442,Iliman Ndiaye,"FW,MF",sn Senegal,22,2000,1.5,25,32,78.1,290,43,16,19,84.2,7,10,70.0,0,1,0.0,1,0.2,0.2,+0.8,1,0,0,0,1,Matches
443,Victor Nelsson,DF,dk Denmark,23,1998,1.0,69,74,93.2,1263,355,24,25,96.0,40,42,95.2,4,5,80.0,0,0.0,0.0,0.0,0,8,0,0,11,Matches
444,Manuel Neuer,GK,de Germany,36,1986,3.0,115,127,90.6,2729,1737,27,27,100.0,51,53,96.2,36,46,78.3,0,0.0,0.0,0.0,0,0,0,0,0,Matches
445,Rúben Neves,MF,pt Portugal,25,1997,3.0,235,257,91.4,4772,1089,84,84,100.0,112,118,94.9,37,46,80.4,0,0.0,0.1,0.0,2,23,2,0,13,Matches
446,Neymar,MF,br Brazil,30,1992,3.1,121,153,79.1,1795,627,62,76,81.6,45,53,84.9,7,13,53.8,0,0.8,0.5,-0.8,6,16,4,0,14,Matches
447,Moumi Ngamaleu,"FW,MF",cm Cameroon,27,1994,1.1,21,25,84.0,286,91,14,15,93.3,7,9,77.8,0,0,,0,0.2,0.1,-0.2,1,3,0,0,2,Matches
448,Jerome Ngom Mbekeli,MF,cm Cameroon,23,1998,0.1,1,2,50.0,34,28,0,0,,0,1,0.0,1,1,100.0,0,0.1,0.1,-0.1,1,0,1,1,0,Matches
449,Rasmus Nissen,DF,dk Denmark,24,1997,2.5,137,179,76.5,1979,746,73,82,89.0,58,76,76.3,3,10,30.0,0,0.0,0.1,0.0,1,13,2,0,19,Matches
450,Nicolas Nkoulou,DF,cm Cameroon,32,1990,2.0,79,91,86.8,1510,572,30,31,96.8,39,43,90.7,9,15,60.0,1,0.0,0.0,+1.0,0,1,0,0,1,Matches
451,Andries Noppert,GK,nl Netherlands,28,1994,5.3,157,192,81.8,3993,2923,29,29,100.0,81,81,100.0,47,81,58.0,0,0.0,0.0,0.0,0,0,0,0,0,Matches
452,Ahmad Nourollahi,MF,ir IR Iran,29,1993,2.5,35,54,64.8,519,150,16,21,76.2,13,21,61.9,2,6,33.3,0,0.0,0.0,0.0,0,3,0,0,3,Matches
453,Olivier Ntcham,MF,cm Cameroon,26,1996,0.3,11,12,91.7,169,63,7,7,100.0,4,4,100.0,0,0,,0,0.0,0.0,0.0,1,3,1,0,4,Matches
454,Matheus Nunes,MF,pt Portugal,23,1998,0.8,28,33,84.8,534,94,14,16,87.5,9,9,100.0,5,7,71.4,0,0.1,0.0,-0.1,1,2,0,0,0,Matches
455,Darwin Núñez,FW,uy Uruguay,22,1999,2.7,35,56,62.5,584,77,18,29,62.1,12,15,80.0,4,7,57.1,0,0.2,0.1,-0.2,1,0,1,1,1,Matches
456,Christian Nørgaard,MF,dk Denmark,28,1994,0.1,14,15,93.3,201,58,10,11,90.9,4,4,100.0,0,0,,0,0.0,0.0,0.0,0,4,0,0,0,Matches
457,Guillermo Ochoa,GK,mx Mexico,36,1985,3.0,93,109,85.3,2274,1555,19,19,100.0,53,53,100.0,21,35,60.0,0,0.0,0.0,0.0,0,1,0,0,0,Matches
458,Denis Odoi,DF,gh Ghana,34,1988,0.1,2,2,100.0,27,16,1,1,100.0,1,1,100.0,0,0,,0,0.0,0.0,0.0,0,0,0,0,0,Matches
459,Noah Okafor,"FW,MF",ch Switzerland,22,2000,0.5,17,22,77.3,271,14,9,10,90.0,6,7,85.7,2,3,66.7,0,0.0,0.0,0.0,1,1,0,0,0,Matches
460,Mathías Olivera,DF,uy Uruguay,24,1997,2.8,104,133,78.2,1495,574,69,78,88.5,24,34,70.6,6,9,66.7,0,0.4,0.5,-0.4,5,7,4,2,7,Matches
461,Dani Olmo,FW,es Spain,24,1998,4.1,162,198,81.8,2245,319,100,108,92.6,52,62,83.9,4,12,33.3,1,0.5,0.4,+0.5,5,6,8,1,9,Matches
462,Amadou Onana,MF,be Belgium,20,2001,1.2,58,64,90.6,998,220,27,28,96.4,27,29,93.1,4,6,66.7,0,0.0,0.0,0.0,0,3,0,0,1,Matches
463,André Onana,GK,cm Cameroon,26,1996,0.9,45,59,76.3,998,623,14,14,100.0,22,22,100.0,9,23,39.1,0,0.0,0.0,0.0,0,1,0,0,0,Matches
464,Gaël Ondoua,MF,cm Cameroon,26,1995,0.5,17,19,89.5,301,103,7,9,77.8,6,6,100.0,3,3,100.0,0,0.0,0.0,0.0,0,3,0,0,4,Matches
465,Loïs Openda,FW,be Belgium,22,2000,0.1,3,5,60.0,38,0,2,2,100.0,1,1,100.0,0,2,0.0,0,0.0,0.0,0.0,0,0,0,0,0,Matches
466,Mislav Oršić,FW,hr Croatia,29,1992,1.8,40,54,74.1,478,160,28,32,87.5,10,15,66.7,0,3,0.0,2,1.1,0.6,+0.9,5,2,4,0,5,Matches
467,Jonathan Osorio,"MF,FW",ca Canada,30,1992,1.3,52,57,91.2,836,163,24,27,88.9,21,22,95.5,4,4,100.0,0,0.0,0.0,0.0,0,5,0,0,1,Matches
468,Nicolás Otamendi,DF,ar Argentina,34,1988,7.7,532,577,92.2,8827,2913,236,250,94.4,266,284,93.7,25,35,71.4,1,0.2,0.2,+0.8,2,20,0,0,22,Matches
469,Otávio,MF,pt Portugal,27,1995,2.2,98,127,77.2,1532,414,55,64,85.9,27,37,73.0,10,16,62.5,0,0.4,0.5,-0.4,4,10,7,2,12,Matches
470,Samuel Oum Gouet,MF,cm Cameroon,24,1997,1.1,52,59,88.1,884,306,23,23,100.0,20,22,90.9,6,11,54.5,0,0.0,0.0,0.0,0,6,0,0,3,Matches
471,Azzedine Ounahi,MF,ma Morocco,22,2000,6.3,216,265,81.5,3026,786,134,150,89.3,63,74,85.1,13,20,65.0,0,0.5,0.4,-0.5,6,20,6,0,19,Matches
472,Bryan Oviedo,DF,cr Costa Rica,32,1990,2.9,67,89,75.3,1012,339,37,45,82.2,28,32,87.5,1,3,33.3,0,0.0,0.0,0.0,0,1,1,0,3,Matches
473,Mohammed Al-Owais,GK,sa Saudi Arabia,30,1991,3.0,57,100,57.0,1829,1286,7,7,100.0,29,29,100.0,21,64,32.8,0,0.0,0.0,0.0,0,0,0,0,0,Matches
474,Juan Pablo Vargas,DF,cr Costa Rica,27,1995,1.0,19,24,79.2,368,223,9,10,90.0,8,9,88.9,2,5,40.0,0,0.0,0.0,0.0,0,0,0,0,0,Matches
475,Exequiel Palacios,"MF,DF",ar Argentina,23,1998,0.6,25,28,89.3,251,108,16,17,94.1,4,4,100.0,0,1,0.0,0,0.1,0.1,-0.1,1,5,1,0,3,Matches
476,João Palhinha,MF,pt Portugal,26,1995,0.4,26,31,83.9,442,125,11,11,100.0,11,13,84.6,3,6,50.0,0,0.1,0.0,-0.1,2,1,0,0,1,Matches
477,Lucas Paquetá,MF,br Brazil,24,1997,3.5,169,202,83.7,2578,622,81,93,87.1,69,77,89.6,10,15,66.7,1,1.5,0.6,-0.5,6,16,9,1,15,Matches
478,Leandro Paredes,MF,ar Argentina,27,1994,2.5,230,246,93.5,3710,1331,109,113,96.5,104,110,94.5,12,16,75.0,0,0.0,0.1,0.0,2,18,1,0,12,Matches
479,Thomas Partey,MF,gh Ghana,29,1993,3.0,146,176,83.0,2483,822,67,76,88.2,58,65,89.2,16,25,64.0,0,0.1,0.2,-0.1,2,18,2,0,14,Matches
480,Mario Pašalić,"FW,MF",hr Croatia,27,1995,3.0,76,95,80.0,1146,343,42,46,91.3,24,29,82.8,6,8,75.0,0,0.2,0.2,-0.2,1,3,1,1,5,Matches
481,Benjamin Pavard,DF,fr France,26,1996,1.0,82,90,91.1,1249,249,47,48,97.9,32,35,91.4,2,6,33.3,0,0.0,0.0,0.0,0,10,0,0,3,Matches
482,Strahinja Pavlović,DF,rs Serbia,21,2001,2.6,121,156,77.6,1987,944,55,66,83.3,54,66,81.8,8,17,47.1,0,0.0,0.1,0.0,0,15,0,0,13,Matches
483,Pedri,MF,es Spain,19,2002,4.0,393,434,90.6,7400,1439,160,168,95.2,175,185,94.6,52,58,89.7,0,0.8,0.9,-0.8,5,71,6,0,33,Matches
484,Pedro,FW,br Brazil,24,1997,0.7,10,13,76.9,100,10,6,9,66.7,2,2,100.0,0,0,,0,0.0,0.0,0.0,0,0,0,0,0,Matches
485,Facundo Pellistri,"MF,FW",uy Uruguay,20,2001,2.0,32,46,69.6,536,103,16,19,84.2,13,19,68.4,2,3,66.7,0,0.2,0.2,-0.2,3,1,1,0,2,Matches
486,Pepe,DF,pt Portugal,39,1983,4.0,243,295,82.4,4602,1638,109,119,91.6,108,122,88.5,26,49,53.1,0,0.0,0.0,0.0,0,18,0,0,10,Matches
487,Danilo Pereira,DF,pt Portugal,30,1991,1.0,68,78,87.2,1342,488,25,26,96.2,35,37,94.6,8,12,66.7,0,0.0,0.0,0.0,0,4,0,0,3,Matches
488,Ivan Perišić,"FW,DF",hr Croatia,33,1989,7.4,202,292,69.2,3127,666,118,141,83.7,58,91,63.7,17,36,47.2,3,0.9,0.6,+2.1,9,11,9,3,15,Matches
489,Bruno Petković,FW,hr Croatia,27,1994,2.6,40,75,53.3,590,119,22,34,64.7,10,17,58.8,4,8,50.0,0,0.3,0.2,-0.3,4,7,0,0,5,Matches
490,Germán Pezzella,DF,ar Argentina,30,1991,0.7,42,45,93.3,628,234,22,22,100.0,20,21,95.2,0,1,0.0,0,0.0,0.0,0.0,0,1,0,0,1,Matches
491,Kalvin Phillips,MF,eng England,26,1995,0.5,17,19,89.5,363,97,4,4,100.0,9,10,90.0,3,3,100.0,1,0.1,0.0,+0.9,1,2,0,0,1,Matches
492,Krzysztof Piątek,FW,pl Poland,26,1995,0.3,2,6,33.3,35,0,1,2,50.0,1,3,33.3,0,0,,0,0.0,0.0,0.0,0,0,0,0,0,Matches
493,Jordan Pickford,GK,eng England,28,1994,5.0,126,160,78.8,3259,2161,39,39,100.0,59,59,100.0,28,60,46.7,0,0.0,0.0,0.0,0,2,0,0,0,Matches
494,Orbelín Pineda,MF,mx Mexico,26,1996,0.8,18,25,72.0,253,71,13,16,81.3,4,7,57.1,1,1,100.0,0,0.1,0.0,-0.1,1,5,0,0,3,Matches
495,Gonzalo Plata,"MF,FW",ec Ecuador,21,2000,3.0,77,104,74.0,1138,283,48,51,94.1,21,30,70.0,5,17,29.4,0,0.2,0.1,-0.2,2,3,1,0,2,Matches
496,Jackson Porozo,DF,ec Ecuador,21,2000,1.1,39,44,88.6,623,181,17,19,89.5,16,17,94.1,5,7,71.4,0,0.0,0.0,0.0,0,1,0,0,0,Matches
497,Morteza Pouraliganji,DF,ir IR Iran,30,1992,3.0,92,128,71.9,1965,685,18,26,69.2,60,71,84.5,13,27,48.1,0,0.2,0.2,-0.2,2,6,1,0,7,Matches
498,Ángelo Preciado,DF,ec Ecuador,24,1998,2.9,94,129,72.9,1463,532,57,62,91.9,27,40,67.5,8,20,40.0,1,0.4,0.2,+0.6,4,4,6,5,6,Matches
499,Christian Pulisic,"FW,MF",us United States,23,1998,3.5,83,141,58.9,1442,404,39,49,79.6,32,47,68.1,9,32,28.1,2,0.9,1.1,+1.1,9,9,4,1,15,Matches
500,Adrien Rabiot,MF,fr France,27,1995,5.4,237,284,83.5,3780,847,128,144,88.9,84,95,88.4,18,26,69.2,1,0.9,0.5,+0.1,3,36,0,0,13,Matches
501,Nemanja Radonjić,"DF,FW",rs Serbia,26,1996,0.7,15,24,62.5,236,74,8,10,80.0,4,7,57.1,1,2,50.0,0,0.0,0.0,0.0,1,0,1,1,1,Matches
502,Baba Rahman,DF,gh Ghana,27,1994,2.0,66,100,66.0,1097,546,38,48,79.2,20,27,74.1,8,18,44.4,0,0.3,0.1,-0.3,3,7,2,1,12,Matches
503,Gonçalo Ramos,"FW,MF",pt Portugal,20,2001,1.7,25,31,80.6,315,57,17,20,85.0,8,9,88.9,0,0,,1,0.4,0.1,+0.6,2,1,2,0,2,Matches
504,Aaron Ramsey,MF,wls Wales,31,1990,3.0,88,112,78.6,1796,339,37,41,90.2,27,35,77.1,18,23,78.3,0,0.0,0.1,0.0,1,7,1,0,5,Matches
505,Raphinha,FW,br Brazil,25,1996,3.5,111,150,74.0,1916,435,53,59,89.8,43,59,72.9,12,22,54.5,1,1.3,0.9,-0.3,8,5,5,1,11,Matches
506,Marcus Rashford,FW,eng England,24,1997,1.6,49,66,74.2,677,91,32,39,82.1,15,20,75.0,2,3,66.7,0,0.0,0.0,0.0,0,1,0,0,1,Matches
507,David Raum,DF,de Germany,24,1998,2.7,153,195,78.5,2344,741,85,89,95.5,41,55,74.5,15,32,46.9,1,0.6,0.3,+0.4,7,9,6,3,13,Matches
508,Bassam Al-Rawi,DF,qa Qatar,24,1997,1.0,47,57,82.5,1084,320,11,11,100.0,28,32,87.5,8,13,61.5,0,0.0,0.2,0.0,1,6,0,0,6,Matches
509,Tim Ream,DF,us United States,34,1987,4.0,245,276,88.8,5012,1646,66,70,94.3,153,163,93.9,25,37,67.6,0,0.0,0.0,0.0,0,18,0,0,17,Matches
510,Djorkaeff Reasco,FW,ec Ecuador,23,1999,0.3,2,2,100.0,21,9,2,2,100.0,0,0,,0,0,,0,0.0,0.0,0.0,0,1,0,0,0,Matches
511,Gio Reyna,FW,us United States,19,2002,0.6,26,38,68.4,408,58,13,19,68.4,9,12,75.0,2,2,100.0,0,0.2,0.2,-0.2,2,1,1,1,1,Matches
512,Ramin Rezaeian,DF,ir IR Iran,32,1990,2.0,73,105,69.5,1240,681,37,40,92.5,25,36,69.4,9,26,34.6,0,0.3,0.5,-0.3,3,2,4,1,5,Matches
513,Everton Ribeiro,MF,br Brazil,33,1989,0.4,15,18,83.3,210,67,10,12,83.3,5,5,100.0,0,1,0.0,0,0.1,0.1,-0.1,2,2,1,1,2,Matches
514,Declan Rice,MF,eng England,23,1999,4.6,300,322,93.2,5456,1141,124,125,99.2,143,155,92.3,29,34,85.3,0,0.0,0.1,0.0,1,18,2,0,14,Matches
515,Richarlison,FW,br Brazil,25,1997,3.6,40,58,69.0,496,89,25,33,75.8,11,16,68.8,1,2,50.0,0,1.0,0.4,-1.0,6,2,3,0,3,Matches
516,Fabian Rieder,FW,ch Switzerland,20,2002,0.8,13,26,50.0,126,34,11,16,68.8,2,7,28.6,0,2,0.0,0,0.2,0.0,-0.2,1,1,0,0,1,Matches
517,Ró-Ró,DF,qa Qatar,31,1990,2.9,78,108,72.2,1324,355,47,51,92.2,25,31,80.6,5,19,26.3,0,0.0,0.1,0.0,0,4,2,0,4,Matches
518,Connor Roberts,DF,wls Wales,26,1995,2.2,92,118,78.0,1928,686,25,31,80.6,52,62,83.9,15,21,71.4,0,0.4,0.2,-0.4,1,3,2,1,7,Matches
519,Antonee Robinson,DF,us United States,24,1997,4.0,173,241,71.8,2891,1043,88,102,86.3,69,96,71.9,13,26,50.0,0,0.3,0.2,-0.3,3,12,3,0,10,Matches
520,Sergio Rochet,GK,uy Uruguay,29,1993,3.0,54,78,69.2,1262,1003,17,17,100.0,27,28,96.4,10,33,30.3,0,0.0,0.0,0.0,0,0,0,0,0,Matches
521,Joe Rodon,DF,wls Wales,24,1997,3.0,152,169,89.9,3064,1019,40,42,95.2,93,101,92.1,19,26,73.1,0,0.0,0.0,0.0,0,1,0,0,1,Matches
522,Rodri,DF,es Spain,25,1996,4.3,642,689,93.2,12636,3349,172,180,95.6,416,435,95.6,50,68,73.5,0,0.2,0.2,-0.2,4,46,2,1,25,Matches
523,Charly Rodríguez,MF,mx Mexico,25,1997,0.4,21,30,70.0,436,153,8,10,80.0,9,13,69.2,4,5,80.0,0,0.0,0.0,0.0,0,2,0,0,4,Matches
524,Guido Rodríguez,MF,ar Argentina,28,1994,0.6,54,64,84.4,871,342,30,33,90.9,19,24,79.2,4,6,66.7,0,0.0,0.0,0.0,0,2,0,0,1,Matches
525,Kevin Rodríguez,FW,ec Ecuador,22,2000,0.0,,,,,,,,,,,,,,,0,,,,,,,,,Matches
526,Ricardo Rodríguez,DF,ch Switzerland,29,1992,4.0,164,229,71.6,2840,949,78,90,86.7,66,91,72.5,18,35,51.4,0,0.2,0.3,-0.2,2,18,2,0,10,Matches
527,Rodrygo,"MF,FW",br Brazil,21,2001,2.0,91,113,80.5,1201,240,53,61,86.9,28,34,82.4,4,10,40.0,1,0.4,0.6,+0.6,6,4,3,0,7,Matches
528,Mohamed Ali Ben Romdhane,MF,tn Tunisia,22,1999,0.8,14,21,66.7,217,22,7,11,63.6,7,7,100.0,0,0,,0,0.0,0.0,0.0,0,3,0,0,0,Matches
529,Cristian Romero,DF,ar Argentina,24,1998,6.1,337,375,89.9,5417,2110,175,186,94.1,137,151,90.7,21,30,70.0,0,0.0,0.0,0.0,0,12,0,0,11,Matches
530,Cristiano Ronaldo,FW,pt Portugal,37,1985,3.2,68,90,75.6,789,98,49,55,89.1,13,21,61.9,1,1,100.0,0,0.1,0.1,-0.1,4,3,1,0,4,Matches
531,Marten de Roon,MF,nl Netherlands,31,1991,2.0,97,119,81.5,1560,332,49,57,86.0,41,52,78.8,5,5,100.0,0,0.0,0.0,0.0,0,8,0,0,3,Matches
532,Kye Rowles,DF,au Australia,23,1998,4.0,165,187,88.2,3062,1025,49,52,94.2,96,105,91.4,14,18,77.8,0,0.0,0.0,0.0,0,2,0,0,1,Matches
533,Antonio Rüdiger,DF,de Germany,29,1993,3.0,229,252,90.9,4005,1341,84,89,94.4,132,138,95.7,10,19,52.6,0,0.0,0.0,0.0,0,14,0,0,17,Matches
534,Bryan Ruiz,MF,cr Costa Rica,36,1985,0.3,8,12,66.7,114,11,5,5,100.0,3,4,75.0,0,1,0.0,0,0.0,0.0,0.0,0,0,0,0,0,Matches
535,Mathew Ryan,GK,au Australia,30,1992,4.0,113,164,68.9,3668,2579,13,13,100.0,46,46,100.0,54,105,51.4,0,0.0,0.0,0.0,0,1,0,0,0,Matches
536,Youssouf Sabaly,DF,sn Senegal,29,1993,4.0,189,219,86.3,2773,1012,108,112,96.4,60,73,82.2,11,20,55.0,0,0.7,0.7,-0.7,8,16,6,1,16,Matches
537,Abdelhamid Sabiri,MF,ma Morocco,25,1996,2.0,45,58,77.6,690,122,30,33,90.9,7,13,53.8,7,10,70.0,1,0.9,0.1,+0.1,3,3,0,0,0,Matches
538,Romain Saïss,DF,ma Morocco,32,1990,5.2,159,199,79.9,3400,1479,44,47,93.6,89,102,87.3,24,46,52.2,0,0.0,0.0,0.0,0,8,1,0,7,Matches
539,Bukayo Saka,FW,eng England,20,2001,3.2,84,108,77.8,1281,279,46,59,78.0,31,35,88.6,4,6,66.7,0,0.7,0.6,-0.7,5,3,7,2,8,Matches
540,Hiroki Sakai,"MF,DF",jp Japan,32,1990,1.3,28,47,59.6,540,288,9,11,81.8,14,21,66.7,4,9,44.4,0,0.1,0.1,-0.1,1,4,1,0,6,Matches
541,Youstin Salas,"DF,MF",cr Costa Rica,25,1996,0.5,15,19,78.9,294,202,6,7,85.7,7,8,87.5,2,3,66.7,0,0.0,0.0,0.0,0,1,0,0,0,Matches
542,William Saliba,DF,fr France,21,2001,0.3,37,37,100.0,640,217,12,12,100.0,24,24,100.0,1,1,100.0,0,0.0,0.0,0.0,1,2,0,0,1,Matches
543,Mohammed Salisu,DF,gh Ghana,23,1999,3.0,109,151,72.2,1864,846,51,57,89.5,49,60,81.7,8,31,25.8,0,0.2,0.3,-0.2,2,8,1,0,8,Matches
544,Tarek Salman,DF,qa Qatar,24,1997,0.1,7,10,70.0,122,34,3,3,100.0,4,4,100.0,0,2,0.0,0,0.0,0.0,0.0,0,1,0,0,0,Matches
545,Alex Sandro,DF,br Brazil,31,1991,2.1,150,169,88.8,2171,680,89,93,95.7,53,61,86.9,5,11,45.5,0,0.1,0.2,-0.1,1,11,2,1,11,Matches
546,Leroy Sané,"FW,DF",de Germany,26,1996,1.2,47,58,81.0,647,273,22,28,78.6,15,16,93.8,2,3,66.7,1,1.8,1.9,-0.8,4,6,6,1,9,Matches
547,Na Sang-ho,FW,kr Korea Republic,25,1996,1.3,24,37,64.9,375,68,13,16,81.3,8,10,80.0,2,4,50.0,0,0.1,0.1,-0.1,3,2,2,1,2,Matches
548,Pablo Sarabia,FW,es Spain,30,1992,0.0,2,5,40.0,39,28,1,1,100.0,1,2,50.0,0,1,0.0,0,0.2,0.0,-0.2,2,0,1,1,0,Matches
549,Josh Sargent,FW,us United States,22,2000,1.7,29,33,87.9,321,35,18,19,94.7,7,7,100.0,0,1,0.0,0,0.1,0.1,-0.1,1,1,1,0,1,Matches
550,Jeremy Sarmiento,"MF,FW",ec Ecuador,19,2002,0.9,23,37,62.2,304,40,14,17,82.4,6,9,66.7,1,6,16.7,0,0.1,0.0,-0.1,2,1,1,1,0,Matches
551,Ismaila Sarr,"FW,MF",sn Senegal,24,1998,3.8,52,81,64.2,659,205,32,36,88.9,11,25,44.0,4,6,66.7,0,0.4,0.5,-0.4,6,3,6,2,6,Matches
552,Ferjani Sassi,"MF,DF",tn Tunisia,30,1992,0.5,25,34,73.5,522,135,5,7,71.4,17,18,94.4,3,6,50.0,0,0.0,0.0,0.0,0,5,1,0,4,Matches
553,Fabian Schär,DF,ch Switzerland,30,1991,1.5,65,82,79.3,1483,444,17,19,89.5,40,47,85.1,8,16,50.0,0,0.0,0.0,0.0,0,4,0,0,2,Matches
554,Nico Schlotterbeck,DF,de Germany,22,1999,1.0,110,123,89.4,1895,548,42,42,100.0,59,60,98.3,6,16,37.5,0,0.1,0.1,-0.1,2,10,2,0,7,Matches
555,Kasper Schmeichel,GK,dk Denmark,35,1986,3.0,72,87,82.8,1830,1388,16,16,100.0,36,36,100.0,20,35,57.1,0,0.0,0.0,0.0,0,3,0,0,1,Matches
556,Haris Seferović,FW,ch Switzerland,30,1992,0.8,10,14,71.4,135,23,7,7,100.0,3,5,60.0,0,0,,0,0.0,0.0,0.0,1,0,0,0,1,Matches
557,Alidu Seidu,DF,gh Ghana,22,2000,1.7,59,78,75.6,791,246,43,47,91.5,12,17,70.6,2,8,25.0,0,0.0,0.0,0.0,0,3,1,1,1,Matches
558,Antoine Semenyo,"FW,MF",gh Ghana,22,2000,0.2,1,2,50.0,15,0,0,0,,1,2,50.0,0,0,,0,0.0,0.0,0.0,0,0,0,0,0,Matches
559,Kim Seung-gyu,GK,kr Korea Republic,31,1990,4.0,93,128,72.7,2291,1407,23,23,100.0,45,45,100.0,25,59,42.4,0,0.0,0.0,0.0,0,1,0,0,0,Matches
560,Paik Seung-ho,MF,kr Korea Republic,25,1997,0.3,20,27,74.1,260,57,10,14,71.4,7,9,77.8,1,1,100.0,0,0.0,0.0,0.0,0,3,1,0,2,Matches
561,Yasser Al-Shahrani,DF,sa Saudi Arabia,30,1992,1.0,13,29,44.8,221,123,6,8,75.0,6,14,42.9,1,6,16.7,0,0.0,0.0,0.0,0,1,0,0,2,Matches
562,Xherdan Shaqiri,"FW,MF",ch Switzerland,30,1991,2.5,67,104,64.4,981,337,38,43,88.4,21,30,70.0,4,17,23.5,1,0.9,1.0,+0.1,4,7,4,0,11,Matches
563,Riyadh Sharahili,MF,sa Saudi Arabia,29,1993,0.6,14,17,82.4,203,54,8,8,100.0,5,5,100.0,1,3,33.3,0,0.0,0.0,0.0,1,0,0,0,0,Matches
564,Luke Shaw,DF,eng England,26,1995,4.7,335,400,83.8,5392,1662,165,179,92.2,144,159,90.6,20,41,48.8,1,0.8,0.9,+0.2,8,23,9,4,31,Matches
565,Saad Al Sheeb,GK,qa Qatar,32,1990,1.0,18,20,90.0,409,287,5,5,100.0,8,8,100.0,4,6,66.7,0,0.0,0.0,0.0,0,0,0,0,0,Matches
566,Saleh Al-Shehri,FW,sa Saudi Arabia,28,1993,2.5,29,47,61.7,351,40,15,20,75.0,7,11,63.6,2,2,100.0,0,0.1,0.0,-0.1,2,4,0,0,0,Matches
567,André Silva,FW,pt Portugal,26,1995,0.3,9,11,81.8,148,27,5,7,71.4,3,3,100.0,1,1,100.0,0,0.1,0.0,-0.1,2,1,0,0,1,Matches
568,António Silva,DF,pt Portugal,18,2003,1.0,60,62,96.8,1152,310,26,26,100.0,22,23,95.7,10,11,90.9,0,0.0,0.0,0.0,0,1,0,0,3,Matches
569,Bernardo Silva,MF,pt Portugal,27,1994,4.0,256,292,87.7,4147,777,143,153,93.5,87,92,94.6,20,30,66.7,0,0.4,0.3,-0.4,5,16,1,0,12,Matches
570,Thiago Silva,DF,br Brazil,37,1984,4.3,322,344,93.6,6145,2410,115,120,95.8,174,181,96.1,32,39,82.1,1,0.9,0.6,+0.1,4,15,3,1,15,Matches
571,Unai Simón,GK,es Spain,25,1997,4.3,150,160,93.8,3167,2017,38,38,100.0,92,95,96.8,20,27,74.1,0,0.0,0.0,0.0,0,0,0,0,1,Matches
572,Xavi Simons,"FW,MF",nl Netherlands,19,2003,0.1,6,10,60.0,89,36,4,7,57.1,2,2,100.0,0,0,,0,0.0,0.1,0.0,0,0,2,0,3,Matches
573,Ellyes Skhiri,MF,tn Tunisia,27,1995,3.0,109,127,85.8,1976,841,44,46,95.7,52,59,88.1,12,19,63.2,0,0.1,0.1,-0.1,3,14,2,0,13,Matches
574,Michał Skóraś,MF,pl Poland,22,2000,0.5,8,9,88.9,127,4,1,2,50.0,6,6,100.0,0,0,,0,0.0,0.0,0.0,0,0,0,0,0,Matches
575,Andreas Skov Olsen,"FW,MF",dk Denmark,22,1999,1.5,43,63,68.3,652,116,25,28,89.3,15,20,75.0,3,4,75.0,0,0.0,0.1,0.0,0,2,1,0,3,Matches
576,Robert Skov,DF,dk Denmark,26,1996,0.2,17,21,81.0,281,55,7,8,87.5,9,9,100.0,1,3,33.3,0,0.0,0.4,0.0,0,1,1,1,2,Matches
577,Naïm Sliti,"MF,FW",tn Tunisia,29,1992,1.3,29,51,56.9,557,202,11,17,64.7,12,16,75.0,5,16,31.3,0,0.1,0.1,-0.1,2,3,3,1,8,Matches
578,Carlos Soler,MF,es Spain,25,1997,1.0,78,83,94.0,1300,278,38,39,97.4,30,31,96.8,8,9,88.9,0,0.2,0.1,-0.2,2,12,1,0,5,Matches
579,Yuki Soma,"FW,MF",jp Japan,25,1997,0.9,11,19,57.9,167,77,8,8,100.0,2,3,66.7,1,7,14.3,0,0.0,0.0,0.0,0,1,0,0,1,Matches
580,Yann Sommer,GK,ch Switzerland,33,1988,3.0,108,118,91.5,2284,1327,27,27,100.0,64,65,98.5,16,25,64.0,0,0.0,0.0,0.0,0,0,0,0,0,Matches
581,Borna Sosa,DF,hr Croatia,24,1998,4.7,220,278,79.1,3068,1123,143,154,92.9,61,83,73.5,10,23,43.5,0,0.4,0.5,-0.4,2,11,3,2,9,Matches
582,Harry Souttar,DF,au Australia,23,1998,4.0,138,167,82.6,2588,1257,54,56,96.4,64,69,92.8,14,35,40.0,0,0.0,0.1,0.0,1,9,0,0,5,Matches
583,Djibril Sow,MF,ch Switzerland,25,1997,2.9,84,97,86.6,1395,282,36,42,85.7,40,42,95.2,7,8,87.5,1,0.2,0.2,+0.8,3,5,4,0,9,Matches
584,Josip Stanišić,DF,hr Croatia,22,2000,1.0,36,49,73.5,611,129,20,24,83.3,13,15,86.7,3,5,60.0,0,0.0,0.0,0.0,0,0,0,0,1,Matches
585,Renato Steffen,FW,ch Switzerland,30,1991,0.4,13,15,86.7,170,43,7,8,87.5,5,5,100.0,0,1,0.0,0,0.0,0.1,0.0,0,1,1,0,2,Matches
586,Raheem Sterling,FW,eng England,27,1994,1.7,45,55,81.8,644,96,21,23,91.3,21,25,84.0,0,2,0.0,1,0.1,0.1,+0.9,1,2,0,0,2,Matches
587,John Stones,DF,eng England,28,1994,4.8,435,454,95.8,8447,2913,152,156,97.4,231,235,98.3,48,58,82.8,0,0.1,0.1,-0.1,1,20,0,0,23,Matches
588,Luis Suárez,FW,uy Uruguay,35,1987,1.6,25,40,62.5,301,97,19,25,76.0,3,6,50.0,1,4,25.0,1,0.1,0.1,+0.9,1,2,1,0,2,Matches
589,Niklas Süle,DF,de Germany,26,1995,3.0,231,255,90.6,3990,1348,105,113,92.9,99,108,91.7,21,25,84.0,0,0.0,0.1,0.0,0,26,0,0,18,Matches
590,Kamaldeen Sulemana,FW,gh Ghana,20,2002,0.6,10,19,52.6,124,31,8,10,80.0,2,4,50.0,0,1,0.0,0,0.0,0.0,0.0,0,0,1,0,1,Matches
591,Josip Šutalo,DF,hr Croatia,22,2000,1.0,62,66,93.9,1178,314,22,23,95.7,34,36,94.4,5,6,83.3,0,0.0,0.0,0.0,0,1,0,0,2,Matches
592,Karol Świderski,FW,pl Poland,25,1997,0.5,7,7,100.0,113,6,3,3,100.0,3,3,100.0,1,1,100.0,0,0.0,0.0,0.0,0,0,0,0,0,Matches
593,Wojciech Szczęsny,GK,pl Poland,32,1990,4.0,84,142,59.2,3118,2632,10,10,100.0,31,31,100.0,43,101,42.6,0,0.0,0.0,0.0,0,7,0,0,0,Matches
594,Damian Szymański,MF,pl Poland,26,1995,0.3,8,8,100.0,165,29,4,4,100.0,2,2,100.0,2,2,100.0,0,0.0,0.0,0.0,0,0,0,0,0,Matches
595,Sebastian Szymański,MF,pl Poland,23,1999,1.5,26,41,63.4,442,138,14,20,70.0,9,12,75.0,2,3,66.7,0,0.0,0.1,0.0,0,3,0,0,2,Matches
596,Dušan Tadić,"MF,FW",rs Serbia,33,1988,2.9,90,127,70.9,1402,501,50,59,84.7,31,40,77.5,6,17,35.3,2,0.7,1.1,+1.3,10,8,9,2,14,Matches
597,Nicolás Tagliafico,DF,ar Argentina,29,1992,4.1,146,179,81.6,2006,518,99,110,90.0,40,47,85.1,5,12,41.7,0,0.2,0.2,-0.2,2,6,1,0,5,Matches
598,Montassar Talbi,DF,tn Tunisia,24,1998,3.0,118,137,86.1,2488,843,29,35,82.9,76,82,92.7,12,18,66.7,0,0.0,0.0,0.0,0,11,2,0,11,Matches
599,Hassan Al Tambakti,DF,sa Saudi Arabia,23,1999,2.0,40,55,72.7,694,326,17,18,94.4,19,24,79.2,3,9,33.3,0,0.0,0.0,0.0,0,1,0,0,3,Matches
600,Ao Tanaka,MF,jp Japan,23,1998,1.9,48,69,69.6,846,220,17,26,65.4,24,31,77.4,5,10,50.0,0,0.1,0.4,-0.1,1,2,3,1,6,Matches
601,Shogo Taniguchi,DF,jp Japan,30,1991,2.3,72,85,84.7,1299,480,40,42,95.2,23,27,85.2,9,14,64.3,0,0.0,0.0,0.0,0,10,0,0,2,Matches
602,Mehdi Taremi,FW,ir IR Iran,29,1992,3.0,58,78,74.4,956,157,22,29,75.9,26,32,81.3,6,8,75.0,1,0.7,0.1,+0.3,9,8,0,0,4,Matches
603,Kenneth Taylor,MF,nl Netherlands,20,2002,0.1,8,8,100.0,112,37,6,6,100.0,1,1,100.0,1,1,100.0,0,0.0,0.0,0.0,0,1,0,0,1,Matches
604,Aurélien Tchouaméni,MF,fr France,22,2000,6.9,424,474,89.5,7447,1871,183,196,93.4,205,221,92.8,30,42,71.4,0,1.0,0.4,-1.0,6,48,3,0,37,Matches
605,Yeltsin Tejeda,MF,cr Costa Rica,30,1992,3.0,78,99,78.8,1348,378,39,46,84.8,30,37,81.1,8,12,66.7,1,0.1,0.0,+0.9,1,6,1,0,7,Matches
606,Alex Telles,DF,br Brazil,29,1992,0.7,33,42,78.6,507,135,15,17,88.2,15,18,83.3,1,5,20.0,0,0.0,0.0,0.0,0,3,0,0,2,Matches
607,Sorba Thomas,MF,wls Wales,22,1999,0.0,3,4,75.0,64,24,0,0,,1,1,100.0,1,2,50.0,0,0.0,0.0,0.0,0,0,1,1,0,Matches
608,Marcus Thuram,"FW,MF",fr France,24,1997,1.7,27,40,67.5,366,86,20,25,80.0,4,10,40.0,2,3,66.7,2,0.3,0.1,+1.7,4,1,5,0,6,Matches
609,Youri Tielemans,MF,be Belgium,25,1997,1.1,53,64,82.8,901,200,25,28,89.3,23,28,82.1,5,8,62.5,0,0.1,0.1,-0.1,1,6,1,0,4,Matches
610,Jurriën Timber,DF,nl Netherlands,20,2001,4.3,283,313,90.4,4444,1337,144,151,95.4,116,126,92.1,18,29,62.1,0,0.0,0.1,0.0,0,32,0,0,15,Matches
611,Karl Toko Ekambi,"FW,MF",cm Cameroon,29,1992,1.8,43,53,81.1,784,115,23,27,85.2,13,13,100.0,7,10,70.0,0,0.3,0.4,-0.3,3,3,0,0,0,Matches
612,Nouhou Tolo,DF,cm Cameroon,24,1997,3.0,83,109,76.1,1368,510,44,47,93.6,33,44,75.0,6,14,42.9,0,0.0,0.0,0.0,0,5,1,1,6,Matches
613,Takehiro Tomiyasu,"DF,MF",jp Japan,23,1998,2.1,73,103,70.9,1188,500,36,43,83.7,32,41,78.0,4,18,22.2,0,0.2,0.1,-0.2,3,6,2,0,4,Matches
614,Mehdi Torabi,MF,ir IR Iran,27,1994,0.7,30,37,81.1,421,168,19,21,90.5,9,12,75.0,1,1,100.0,0,0.6,0.2,-0.6,3,5,0,0,6,Matches
615,Félix Torres Caicedo,DF,ec Ecuador,25,1997,3.0,168,208,80.8,3340,1317,51,58,87.9,94,103,91.3,23,42,54.8,1,0.4,0.0,+0.6,1,3,0,0,2,Matches
616,Ferrán Torres,FW,es Spain,22,2000,2.4,59,85,69.4,878,123,33,38,86.8,22,29,75.9,1,5,20.0,0,0.2,0.2,-0.2,1,1,3,0,6,Matches
617,Gerson Torres,MF,cr Costa Rica,24,1997,0.7,16,16,100.0,228,14,8,8,100.0,8,8,100.0,0,0,,0,0.0,0.0,0.0,0,0,0,0,0,Matches
618,Pau Torres,DF,es Spain,25,1997,1.0,174,191,91.1,3177,815,51,54,94.4,111,120,92.5,11,14,78.6,0,0.0,0.0,0.0,0,11,0,0,3,Matches
619,Kieran Trippier,DF,eng England,31,1990,2.3,165,195,84.6,2930,762,80,84,95.2,68,76,89.5,16,29,55.2,0,0.1,0.2,-0.1,3,11,2,0,13,Matches
620,Leandro Trossard,"FW,MF",be Belgium,27,1994,1.1,43,57,75.4,822,144,21,26,80.8,16,21,76.2,6,7,85.7,0,0.1,0.0,-0.1,2,4,0,0,3,Matches
621,Matt Turner,GK,us United States,27,1994,4.0,101,128,78.9,2504,1748,26,26,100.0,50,51,98.0,24,50,48.0,0,0.0,0.0,0.0,0,2,0,0,0,Matches
622,Ayase Ueda,FW,jp Japan,23,1998,0.5,7,12,58.3,89,11,5,8,62.5,2,4,50.0,0,0,,0,0.0,0.0,0.0,1,1,0,0,1,Matches
623,Hwang Ui-jo,"FW,MF",kr Korea Republic,29,1992,1.2,9,11,81.8,120,19,4,6,66.7,4,4,100.0,0,0,,0,0.0,0.0,0.0,0,0,0,0,0,Matches
624,Dayot Upamecano,DF,fr France,23,1998,5.3,314,351,89.5,6860,2217,83,88,94.3,172,179,96.1,56,75,74.7,0,0.1,0.1,-0.1,2,28,0,0,19,Matches
625,Enner Valencia,"FW,MF",ec Ecuador,32,1989,2.8,40,57,70.2,534,70,25,34,73.5,14,14,100.0,0,1,0.0,0,0.3,0.2,-0.3,3,2,1,1,1,Matches
626,Federico Valverde,MF,uy Uruguay,23,1998,3.0,159,189,84.1,2866,875,68,73,93.2,63,73,86.3,23,34,67.6,0,0.4,0.4,-0.4,4,21,3,1,17,Matches
627,Virgil van Dijk,DF,nl Netherlands,30,1991,5.3,311,356,87.4,6371,2470,94,102,92.2,179,194,92.3,38,57,66.7,0,0.1,0.1,-0.1,2,7,1,0,15,Matches
628,Raphaël Varane,DF,fr France,29,1993,5.8,256,286,89.5,5125,1467,78,85,91.8,155,162,95.7,23,38,60.5,0,0.0,0.0,0.0,0,20,0,0,5,Matches
629,Guillermo Varela,DF,uy Uruguay,29,1993,2.0,62,92,67.4,1043,465,31,38,81.6,22,33,66.7,7,14,50.0,0,0.1,0.0,-0.1,1,3,2,1,6,Matches
630,Ruben Vargas,FW,ch Switzerland,23,1998,3.2,80,117,68.4,1111,305,50,57,87.7,25,40,62.5,3,9,33.3,1,0.6,0.7,+0.4,5,4,1,0,5,Matches
631,Matías Vecino,MF,uy Uruguay,30,1991,2.2,76,106,71.7,1189,296,42,54,77.8,23,33,69.7,8,8,100.0,0,0.0,0.0,0.0,0,8,0,0,9,Matches
632,Alexis Vega,FW,mx Mexico,24,1997,2.1,40,56,71.4,658,208,23,26,88.5,12,18,66.7,4,8,50.0,0,0.1,0.1,-0.1,1,3,0,0,4,Matches
633,Miloš Veljković,DF,rs Serbia,26,1995,2.5,98,112,87.5,2106,647,18,20,90.0,68,70,97.1,11,17,64.7,0,0.0,0.0,0.0,0,1,0,0,3,Matches
634,Johan Venegas,"FW,MF",cr Costa Rica,33,1988,0.8,11,14,78.6,143,13,10,11,90.9,1,2,50.0,0,0,,0,0.0,0.0,0.0,0,0,0,0,0,Matches
635,Jordan Veretout,MF,fr France,29,1993,0.7,33,36,91.7,609,139,13,15,86.7,16,16,100.0,4,4,100.0,0,0.0,0.0,0.0,0,3,0,0,1,Matches
636,Jan Vertonghen,DF,be Belgium,35,1987,3.0,238,269,88.5,4600,1560,67,72,93.1,158,167,94.6,13,25,52.0,0,0.0,0.0,0.0,0,6,0,0,8,Matches
637,Matías Viña,DF,uy Uruguay,24,1997,0.2,11,21,52.4,148,44,6,9,66.7,5,8,62.5,0,2,0.0,0,0.0,0.0,0.0,0,0,0,0,1,Matches
638,Vitinha,MF,pt Portugal,22,2000,1.3,100,108,92.6,1762,378,51,54,94.4,36,39,92.3,12,13,92.3,0,0.0,0.1,0.0,1,15,2,0,9,Matches
639,Steven Vitória,DF,ca Canada,35,1987,3.0,160,186,86.0,2837,1119,77,83,92.8,66,70,94.3,16,30,53.3,0,0.0,0.0,0.0,0,8,0,0,8,Matches
640,Dušan Vlahović,FW,rs Serbia,22,2000,0.9,6,11,54.5,105,20,2,6,33.3,2,2,100.0,1,2,50.0,0,0.0,0.0,0.0,0,0,0,0,1,Matches
641,Nikola Vlašić,"FW,MF",hr Croatia,24,1997,2.3,45,55,81.8,570,94,27,27,100.0,15,18,83.3,0,2,0.0,0,0.0,0.1,0.0,0,4,2,1,4,Matches
642,Mohammed Waad,"MF,DF",qa Qatar,22,1999,0.3,9,12,75.0,185,28,6,8,75.0,1,1,100.0,2,2,100.0,0,0.0,0.0,0.0,0,0,0,0,0,Matches
643,Kyle Walker,DF,eng England,32,1990,2.6,162,181,89.5,3151,837,65,68,95.6,76,83,91.6,20,28,71.4,0,0.0,0.1,0.0,0,11,2,0,12,Matches
644,Danny Ward,GK,wls Wales,28,1993,1.0,24,39,61.5,923,797,8,8,100.0,2,2,100.0,14,29,48.3,0,0.0,0.0,0.0,0,2,0,0,0,Matches
645,Kendall Waston,DF,cr Costa Rica,34,1988,2.5,57,71,80.3,1225,437,16,19,84.2,32,35,91.4,8,15,53.3,0,0.0,0.0,0.0,0,1,0,0,0,Matches
646,Timothy Weah,FW,us United States,22,2000,3.5,90,108,83.3,1291,206,58,67,86.6,21,23,91.3,7,10,70.0,0,0.4,0.2,-0.4,6,6,2,2,4,Matches
647,Wout Weghorst,FW,nl Netherlands,29,1992,0.7,9,15,60.0,115,32,4,6,66.7,2,6,33.3,1,1,100.0,0,0.0,0.0,0.0,1,0,0,0,2,Matches
648,Wéverton,GK,br Brazil,34,1987,0.1,3,5,60.0,145,126,0,0,,0,0,,3,5,60.0,0,0.0,0.0,0.0,0,0,0,0,0,Matches
649,Silvan Widmer,DF,ch Switzerland,29,1993,2.9,127,169,75.1,2070,814,62,70,88.6,53,70,75.7,10,20,50.0,1,0.8,0.9,+0.2,2,12,3,2,10,Matches
650,Iñaki Williams,FW,gh Ghana,27,1994,3.0,29,42,69.0,355,65,18,24,75.0,7,9,77.8,1,1,100.0,0,0.2,0.0,-0.2,2,0,0,0,1,Matches
651,Neco Williams,DF,wls Wales,21,2001,2.3,69,101,68.3,1178,388,35,39,89.7,26,36,72.2,7,17,41.2,0,0.1,0.0,-0.1,1,5,0,0,4,Matches
652,Nico Williams,FW,es Spain,19,2002,1.6,50,63,79.4,822,74,25,28,89.3,19,24,79.2,4,6,66.7,0,0.0,0.1,0.0,0,1,2,0,3,Matches
653,Callum Wilson,FW,eng England,30,1992,0.5,9,10,90.0,121,32,6,6,100.0,3,4,75.0,0,0,,1,0.9,0.4,+0.1,3,0,3,0,3,Matches
654,Harry Wilson,"MF,FW",wls Wales,25,1997,1.8,48,64,75.0,911,225,23,27,85.2,17,21,81.0,8,13,61.5,0,0.5,0.3,-0.5,3,3,2,1,2,Matches
655,Roan Wilson,MF,cr Costa Rica,20,2002,0.0,4,4,100.0,52,0,4,4,100.0,0,0,,0,0,,0,0.0,0.0,0.0,0,0,0,0,0,Matches
656,Axel Witsel,MF,be Belgium,33,1989,3.0,169,177,95.5,2851,651,74,76,97.4,88,92,95.7,6,7,85.7,0,0.0,0.1,0.0,1,9,1,0,8,Matches
657,Jeong Woo-yeong,MF,kr Korea Republic,22,1999,0.5,12,15,80.0,181,31,6,7,85.7,4,4,100.0,1,2,50.0,0,0.0,0.0,0.0,0,0,1,0,1,Matches
658,Jung Woo-young,MF,kr Korea Republic,32,1989,3.4,178,211,84.4,3599,1019,67,75,89.3,78,88,88.6,31,42,73.8,0,0.1,0.1,-0.1,2,25,2,0,14,Matches
659,Christopher Wooh,DF,cm Cameroon,20,2001,1.0,25,31,80.6,522,119,6,7,85.7,16,16,100.0,3,8,37.5,0,0.0,0.0,0.0,0,0,0,0,1,Matches
660,David Wotherspoon,MF,ca Canada,32,1990,0.2,4,7,57.1,70,3,2,2,100.0,2,4,50.0,0,1,0.0,0,0.0,0.0,0.0,0,1,0,0,0,Matches
661,Bailey Wright,DF,au Australia,29,1992,0.2,1,3,33.3,56,33,0,1,0.0,0,0,,1,2,50.0,0,0.0,0.0,0.0,0,1,0,0,1,Matches
662,Haji Wright,FW,us United States,24,1998,1.5,20,27,74.1,219,37,13,15,86.7,3,5,60.0,1,2,50.0,0,0.0,0.0,0.0,1,2,1,0,2,Matches
663,Granit Xhaka,MF,ch Switzerland,29,1992,4.0,215,243,88.5,3990,1079,81,86,94.2,99,106,93.4,28,40,70.0,0,0.1,0.2,-0.1,2,21,3,0,25,Matches
664,Miki Yamane,"DF,MF",jp Japan,28,1993,0.7,24,33,72.7,371,164,12,12,100.0,11,17,64.7,1,2,50.0,0,0.1,0.1,-0.1,1,4,2,0,5,Matches
665,Jawad El Yamiq,DF,ma Morocco,30,1992,3.4,146,164,89.0,2260,940,79,87,90.8,61,64,95.3,6,12,50.0,0,0.0,0.0,0.0,0,2,0,0,2,Matches
666,Taha Yassine Khenissi,FW,tn Tunisia,30,1992,0.3,2,6,33.3,27,0,1,1,100.0,1,2,50.0,0,0,,0,0.1,0.0,-0.1,1,1,0,0,0,Matches
667,DeAndre Yedlin,DF,us United States,28,1993,0.4,19,28,67.9,289,115,7,9,77.8,9,14,64.3,1,3,33.3,0,0.0,0.0,0.0,0,1,0,0,0,Matches
668,Maya Yoshida,DF,jp Japan,33,1988,4.3,198,232,85.3,3969,1370,64,69,92.8,108,114,94.7,25,45,55.6,1,0.4,0.0,+0.6,1,3,0,0,6,Matches
669,Kim Young-gwon,DF,kr Korea Republic,32,1990,3.9,178,209,85.2,3954,1720,61,65,93.8,82,87,94.3,35,56,62.5,0,0.2,0.1,-0.2,3,17,4,1,18,Matches
670,Cho Yumin,FW,kr Korea Republic,25,1996,0.0,0,0,,0,0,0,0,,0,0,,0,0,,0,0.0,0.0,0.0,0,0,0,0,0,Matches
671,Denis Zakaria,MF,ch Switzerland,25,1996,0.7,20,23,87.0,356,83,10,12,83.3,8,9,88.9,2,2,100.0,0,0.0,0.0,0.0,0,3,0,0,2,Matches
672,Nicola Zalewski,MF,pl Poland,20,2002,0.7,15,17,88.2,280,54,3,4,75.0,10,11,90.9,1,1,100.0,0,0.0,0.0,0.0,0,0,1,1,1,Matches
673,Andre-Frank Zambo Anguissa,MF,cm Cameroon,26,1995,2.9,113,130,86.9,1720,560,63,67,94.0,45,51,88.2,3,5,60.0,1,0.0,0.1,+1.0,0,14,1,0,8,Matches
674,Álvaro Zamora,MF,cr Costa Rica,20,2002,0.3,5,5,100.0,55,22,4,4,100.0,1,1,100.0,0,0,,0,0.0,0.0,0.0,0,1,0,0,1,Matches
675,Anass Zaroury,FW,ma Morocco,21,2000,0.3,8,13,61.5,92,10,5,5,100.0,2,3,66.7,0,2,0.0,0,0.0,0.0,0.0,0,1,0,0,0,Matches
676,Piotr Zieliński,"MF,FW",pl Poland,28,1994,3.6,124,153,81.0,2125,676,54,59,91.5,52,60,86.7,11,24,45.8,0,0.4,0.4,-0.4,7,14,1,1,8,Matches
677,Walker Zimmerman,DF,us United States,29,1993,3.1,217,244,88.9,4157,1373,72,78,92.3,127,132,96.2,17,29,58.6,0,0.0,0.0,0.0,0,6,0,0,3,Matches
678,Andrija Živković,DF,rs Serbia,25,1996,2.3,71,96,74.0,1121,362,31,32,96.9,31,40,77.5,5,17,29.4,2,1.1,0.8,+0.9,4,6,3,0,6,Matches
679,Hakim Ziyech,FW,ma Morocco,29,1993,7.1,211,306,69.0,3462,987,118,139,84.9,57,79,72.2,27,62,43.5,1,0.7,0.5,+0.3,7,16,7,0,24,Matches
680,Filip Đuričić,"MF,FW",rs Serbia,30,1992,0.2,5,6,83.3,96,23,2,3,66.7,3,3,100.0,0,0,,0,0.0,0.0,0.0,1,0,0,0,0,Matches
