Rk,Player,Pos,Squad,Age,Born,90s,Att,Live,Dead,FK,TB,Sw,Crs,TI,CK,In,Out,Str,Cmp,Off,Blocks,Matches
1,Brenden Aaronson,MF,us United States,21,2000,1.2,50,46,4,0,0,0,3,1,3,2,1,0,41,0,3,Matches
2,Ali Abdi,DF,tn Tunisia,28,1993,2.1,116,87,28,0,0,0,5,27,1,1,0,0,72,1,5,Matches
3,Salis Abdul Samed,MF,gh Ghana,22,2000,2.8,145,141,3,3,0,0,2,0,0,0,0,0,129,1,0,Matches
4,Saud Abdulhamid,"DF,MF",sa Saudi Arabia,22,1999,3.0,122,94,28,2,0,1,9,26,0,0,0,0,88,0,3,Matches
5,Nawaf Al Abed,MF,sa Saudi Arabia,32,1990,1.0,39,36,3,1,0,1,2,0,2,0,1,0,33,0,0,Matches
6,Pape Abou Cissé,DF,sn Senegal,26,1995,1.2,37,36,1,1,0,1,0,0,0,0,0,0,28,0,0,Matches
7,Vincent Aboubakar,FW,cm Cameroon,30,1992,1.6,31,31,0,0,1,0,0,0,0,0,0,0,20,0,1,Matches
8,Abdulrahman Al-Aboud,"MF,DF",sa Saudi Arabia,27,1995,0.4,13,13,0,0,0,0,2,0,0,0,0,0,8,0,2,Matches
9,Zakaria Aboukhlal,"FW,MF",ma Morocco,22,2000,0.9,14,13,1,0,0,0,1,1,0,0,0,0,7,0,1,Matches
10,Kellyn Acosta,MF,us United States,26,1995,0.5,12,12,0,0,0,0,0,0,0,0,0,0,10,0,0,Matches
11,Marcos Acuña,"DF,FW",ar Argentina,30,1991,4.1,217,182,34,4,1,2,17,26,4,0,4,0,167,1,6,Matches
12,Tyler Adams,MF,us United States,23,1999,4.0,271,255,14,11,1,4,2,3,0,0,0,0,241,2,4,Matches
13,Sam Adekugbe,DF,ca Canada,27,1995,1.1,71,62,9,1,0,0,5,8,0,0,0,0,63,0,2,Matches
14,Michel Aebischer,"MF,FW",ch Switzerland,25,1997,0.2,4,4,0,0,0,0,0,0,0,0,0,0,2,0,0,Matches
15,Akram Afif,FW,qa Qatar,25,1996,3.0,165,142,22,8,1,2,13,2,6,4,1,0,139,1,4,Matches
16,Nayef Aguerd,DF,ma Morocco,26,1996,3.9,158,148,10,9,0,2,0,0,0,0,0,0,137,0,1,Matches
17,Brandon Aguilera,MF,cr Costa Rica,18,2003,1.0,38,35,2,2,0,1,1,0,0,0,0,0,27,1,2,Matches
18,Homam Ahmed,DF,qa Qatar,22,1999,2.9,105,81,23,1,0,2,5,22,0,0,0,0,77,1,6,Matches
19,Manuel Akanji,DF,ch Switzerland,26,1995,4.0,259,246,12,9,0,6,1,1,0,0,0,0,229,1,1,Matches
20,Nathan Aké,DF,nl Netherlands,27,1995,5.3,349,334,15,4,0,2,0,11,0,0,0,0,315,0,1,Matches
21,Ahmed Alaaeldin,FW,qa Qatar,29,1993,0.1,2,2,0,0,0,0,0,0,0,0,0,0,0,0,1,Matches
22,Jordi Alba,DF,es Spain,33,1989,2.9,372,330,40,6,2,0,14,34,0,0,0,0,328,2,6,Matches
23,Toby Alderweireld,DF,be Belgium,33,1989,3.0,273,270,3,3,2,2,2,0,0,0,0,0,248,0,2,Matches
24,Trent Alexander-Arnold,DF,eng England,23,1998,0.4,23,20,2,1,0,0,0,1,0,0,0,0,21,1,0,Matches
25,Almoez Ali,FW,qa Qatar,25,1996,2.5,45,42,3,0,0,0,0,0,0,0,0,0,33,0,1,Matches
26,Alisson,GK,br Brazil,29,1992,4.2,93,65,28,9,0,0,0,0,0,0,0,0,80,0,1,Matches
27,Joe Allen,MF,wls Wales,32,1990,1.0,36,34,2,2,0,0,0,0,0,0,0,0,30,0,1,Matches
28,Thiago Almada,MF,ar Argentina,21,2001,0.1,13,13,0,0,0,0,0,0,0,0,0,0,13,0,0,Matches
29,Roberto Alvarado,FW,mx Mexico,23,1998,0.2,10,9,1,0,0,0,2,1,0,0,0,0,5,0,0,Matches
30,Edson Álvarez,MF,mx Mexico,24,1997,1.9,114,111,3,3,1,0,0,0,0,0,0,0,86,0,1,Matches
31,Julián Álvarez,FW,ar Argentina,22,2000,5.2,121,117,4,0,2,1,3,2,0,0,0,0,93,0,5,Matches
32,Kevin Álvarez,DF,mx Mexico,23,1999,0.8,29,20,9,0,0,0,1,9,0,0,0,0,19,0,1,Matches
33,Dani Alves,DF,br Brazil,39,1983,1.3,97,82,15,4,0,0,6,11,0,0,0,0,83,0,0,Matches
34,Selim Amallah,MF,ma Morocco,25,1996,4.5,87,85,2,1,0,0,2,0,0,0,0,0,65,0,2,Matches
35,Daniel Amartey,DF,gh Ghana,27,1994,2.8,141,136,5,5,0,1,0,0,0,0,0,0,128,0,3,Matches
36,Ethan Ampadu,"MF,DF",wls Wales,21,2000,2.8,144,134,9,4,1,2,2,5,0,0,0,0,108,1,5,Matches
37,Sofyan Amrabat,MF,ma Morocco,25,1996,7.3,322,307,10,8,0,5,2,1,0,0,0,0,269,5,2,Matches
38,Abdulelah Al-Amri,DF,sa Saudi Arabia,25,1997,2.0,104,99,5,4,0,6,1,1,0,0,0,0,74,0,1,Matches
39,Joachim Andersen,DF,dk Denmark,26,1996,3.0,250,246,3,3,0,8,1,0,0,0,0,0,198,1,2,Matches
40,Karim Ansarifard,"FW,MF",ir IR Iran,32,1990,0.4,5,5,0,0,0,0,0,0,0,0,0,0,4,0,0,Matches
41,Antony,FW,br Brazil,22,2000,1.9,109,100,9,1,0,0,10,0,8,4,0,0,86,0,1,Matches
42,Uriel Antuna,"FW,MF",mx Mexico,24,1997,0.9,20,19,1,0,0,0,7,1,0,0,0,0,12,0,3,Matches
43,Néstor Araujo,DF,mx Mexico,30,1991,1.0,53,48,5,0,0,0,2,5,0,0,0,0,44,0,1,Matches
44,Takuma Asano,FW,jp Japan,27,1994,1.8,28,28,0,0,0,0,1,0,0,0,0,0,21,0,0,Matches
45,Marco Asensio,FW,es Spain,26,1996,2.5,119,113,5,2,0,2,8,1,2,0,0,0,89,1,2,Matches
46,Ali Assadalla,MF,qa Qatar,29,1993,0.3,23,23,0,0,0,0,0,0,0,0,0,0,21,0,0,Matches
47,Lawrence Ati-Zigi,GK,gh Ghana,25,1996,3.0,78,39,39,8,0,0,0,0,0,0,0,0,54,0,0,Matches
48,Nathaniel Atkinson,DF,au Australia,23,1999,0.9,34,24,10,2,0,1,0,8,0,0,0,0,27,0,0,Matches
49,Yahya Attiat Allah,DF,ma Morocco,27,1995,3.5,137,110,27,2,0,0,8,25,0,0,0,0,98,0,4,Matches
50,André Ayew,"MF,FW",gh Ghana,32,1989,2.2,37,30,7,1,0,0,0,1,0,0,0,0,30,0,0,Matches
51,Jordan Ayew,FW,gh Ghana,30,1991,1.5,46,34,12,2,0,0,8,2,6,6,0,0,35,0,2,Matches
52,Sardar Azmoun,FW,ir IR Iran,27,1995,1.4,30,27,2,0,0,0,0,0,0,0,0,0,18,1,1,Matches
53,César Azpilicueta,DF,es Spain,32,1989,1.5,181,162,18,7,1,0,3,11,0,0,0,0,171,1,1,Matches
54,Srđan Babić,DF,rs Serbia,26,1996,0.1,16,15,1,0,0,1,0,1,0,0,0,0,10,0,0,Matches
55,Keanu Baccus,MF,au Australia,24,1998,1.3,41,41,0,0,1,1,0,0,0,0,0,0,26,0,1,Matches
56,Alexander Bah,DF,dk Denmark,24,1997,0.5,53,46,7,0,0,0,4,7,0,0,0,0,37,0,1,Matches
57,Hattan Bahebri,MF,sa Saudi Arabia,29,1992,0.0,7,7,0,0,0,0,0,0,0,0,0,0,4,0,0,Matches
58,Alejandro Balde,DF,es Spain,18,2003,1.4,123,111,12,1,1,0,2,11,0,0,0,0,112,0,0,Matches
59,Gareth Bale,FW,wls Wales,32,1989,2.5,53,49,4,0,0,3,2,2,0,0,0,0,33,0,2,Matches
60,Fodé Ballo-Touré,DF,sn Senegal,25,1997,0.1,8,7,1,0,0,0,2,1,0,0,0,0,5,0,1,Matches
61,Badr Banoun,DF,ma Morocco,28,1993,0.6,22,21,1,1,0,0,0,0,0,0,0,0,21,0,0,Matches
62,Borna Barišić,DF,hr Croatia,29,1992,1.3,69,56,13,2,0,0,11,11,0,0,0,0,50,0,0,Matches
63,Meshaal Barsham,GK,qa Qatar,24,1998,2.0,63,38,24,4,0,0,0,0,0,0,0,0,45,1,0,Matches
64,Christian Bassogog,MF,cm Cameroon,26,1995,0.3,9,9,0,0,0,0,2,0,0,0,0,0,5,0,3,Matches
65,Michy Batshuayi,FW,be Belgium,28,1993,1.7,24,22,2,0,0,0,0,0,0,0,0,0,16,0,1,Matches
66,Jan Bednarek,DF,pl Poland,26,1996,0.1,6,6,0,0,0,0,0,0,0,0,0,0,6,0,0,Matches
67,Aziz Behich,DF,au Australia,31,1990,4.0,203,156,47,3,0,0,5,44,0,0,0,0,152,0,5,Matches
68,Alireza Beiranvand,GK,ir IR Iran,29,1992,1.2,31,22,9,0,0,0,0,0,0,0,0,0,20,0,0,Matches
69,Jude Bellingham,MF,eng England,18,2003,4.6,265,258,6,2,1,3,4,1,0,0,0,0,235,1,5,Matches
70,Anis Ben Slimane,MF,tn Tunisia,21,2001,1.6,46,37,8,0,0,0,8,2,6,2,3,1,29,1,2,Matches
71,Jewison Bennette,MF,cr Costa Rica,17,2004,1.1,14,14,0,0,0,0,2,0,0,0,0,0,11,0,1,Matches
72,Rodrigo Bentancur,MF,uy Uruguay,24,1997,2.4,160,152,8,6,0,0,2,2,0,0,0,0,136,0,2,Matches
73,Bartosz Bereszyński,DF,pl Poland,29,1992,3.8,156,112,44,5,0,0,4,39,0,0,0,0,122,0,6,Matches
74,Steven Berghuis,MF,nl Netherlands,30,1991,2.2,131,121,10,6,0,1,13,2,2,1,0,0,97,0,2,Matches
75,Steven Bergwijn,FW,nl Netherlands,24,1997,2.4,72,71,1,0,1,0,0,1,0,0,0,0,64,0,1,Matches
76,Krystian Bielik,MF,pl Poland,24,1998,2.4,99,96,3,3,0,3,0,0,0,0,0,0,86,0,2,Matches
77,Daley Blind,DF,nl Netherlands,32,1990,4.7,300,266,34,4,0,2,6,29,1,0,0,0,252,0,1,Matches
78,Celso Borges,MF,cr Costa Rica,34,1988,2.8,120,111,7,7,1,3,2,0,0,0,0,0,98,2,1,Matches
79,Milan Borjan,GK,ca Canada,34,1987,3.0,98,72,25,10,0,1,0,0,0,0,0,0,76,1,0,Matches
80,Karim Boudiaf,MF,qa Qatar,31,1990,2.1,106,103,3,3,0,2,0,0,0,0,0,0,94,0,0,Matches
81,Sofiane Boufal,FW,ma Morocco,28,1993,5.3,133,130,1,1,0,4,7,0,0,0,0,0,99,2,2,Matches
82,Yassine Bounou,GK,ma Morocco,31,1991,6.3,209,134,73,17,0,1,0,0,0,0,0,0,154,2,0,Matches
83,Martin Braithwaite,"FW,MF",dk Denmark,31,1991,1.1,20,19,1,0,0,1,0,0,0,0,0,0,14,0,4,Matches
84,Mohammed Al-Breik,DF,sa Saudi Arabia,29,1992,0.7,48,42,6,1,0,0,2,5,0,0,0,0,39,0,0,Matches
85,Gleison Bremer,DF,br Brazil,25,1997,1.2,84,81,2,0,0,0,0,2,0,0,0,0,78,1,0,Matches
86,Dylan Bronn,DF,tn Tunisia,26,1995,1.8,98,89,8,3,1,1,0,5,0,0,0,0,75,1,2,Matches
87,Marcelo Brozović,MF,hr Croatia,29,1992,6.1,530,513,16,16,1,2,4,0,0,0,0,0,466,1,12,Matches
88,Tajon Buchanan,"MF,DF",ca Canada,23,1999,2.9,89,81,8,0,0,0,8,8,0,0,0,0,61,0,4,Matches
89,Ante Budimir,FW,hr Croatia,30,1991,0.6,5,5,0,0,0,0,0,0,0,0,0,0,2,0,1,Matches
90,Osman Bukari,MF,gh Ghana,23,1998,0.7,20,19,0,0,0,0,1,0,0,0,0,0,14,1,1,Matches
91,Ali Al-Bulaihi,DF,sa Saudi Arabia,32,1989,2.4,97,87,10,4,0,1,0,6,0,0,0,0,78,0,0,Matches
92,Firas Al-Buraikan,"MF,FW",sa Saudi Arabia,22,2000,3.0,63,62,0,0,0,0,2,0,0,0,0,0,42,1,7,Matches
93,Sergio Busquets,MF,es Spain,33,1988,4.0,289,278,11,10,0,1,0,1,0,0,0,0,261,0,2,Matches
94,Martín Cáceres,DF,uy Uruguay,35,1987,1.0,79,66,13,1,0,0,0,12,0,0,0,0,68,0,0,Matches
95,Moisés Caicedo,MF,ec Ecuador,20,2001,3.0,153,149,4,4,0,0,0,0,0,0,0,0,126,0,3,Matches
96,Francisco Calvo,DF,cr Costa Rica,29,1992,2.0,104,93,11,4,0,3,0,6,0,0,0,0,86,0,0,Matches
97,Eduardo Camavinga,DF,fr France,19,2002,1.6,101,88,13,2,0,0,2,11,0,0,0,0,88,0,3,Matches
98,Joel Campbell,"FW,MF",cr Costa Rica,29,1992,3.0,138,116,19,6,0,5,7,2,1,1,0,0,104,3,4,Matches
99,João Cancelo,DF,pt Portugal,28,1994,3.4,271,240,31,4,0,8,15,27,0,0,0,0,221,0,5,Matches
100,Agustín Canobbio,MF,uy Uruguay,23,1998,0.1,7,7,0,0,0,0,0,0,0,0,0,0,5,0,0,Matches
101,Yannick Carrasco,"FW,DF",be Belgium,28,1993,1.3,46,43,3,1,1,0,2,2,0,0,0,0,39,0,0,Matches
102,Cameron Carter-Vickers,DF,us United States,24,1997,1.0,58,54,4,4,0,1,0,0,0,0,0,0,50,0,0,Matches
103,Dani Carvajal,DF,es Spain,30,1992,1.5,135,109,26,7,0,0,0,19,0,0,0,0,121,0,4,Matches
104,William Carvalho,MF,pt Portugal,30,1992,2.4,170,164,5,5,0,0,0,0,0,0,0,0,156,1,1,Matches
105,Casemiro,MF,br Brazil,30,1992,4.3,251,246,4,4,1,3,2,0,0,0,0,0,208,1,3,Matches
106,Matty Cash,DF,pl Poland,24,1997,4.0,160,127,33,3,0,2,9,30,0,0,0,0,123,0,6,Matches
107,Timothy Castagne,DF,be Belgium,26,1995,3.0,202,183,19,4,0,0,3,15,0,0,0,0,176,0,4,Matches
108,Jean-Charles Castelletto,DF,cm Cameroon,27,1995,2.0,82,77,5,5,1,2,3,0,0,0,0,0,66,0,0,Matches
109,Lucas Cavallini,FW,ca Canada,29,1992,0.2,2,2,0,0,0,0,1,0,0,0,0,0,2,0,0,Matches
110,Edinson Cavani,FW,uy Uruguay,35,1987,1.4,37,36,1,0,0,0,0,0,1,0,0,0,27,0,2,Matches
111,Ghaylène Chaalali,MF,tn Tunisia,28,1994,0.2,4,4,0,0,0,0,0,0,0,0,0,0,3,0,0,Matches
112,Daniel Chacón,MF,cr Costa Rica,21,2001,0.0,1,1,0,0,0,0,0,0,0,0,0,0,1,0,0,Matches
113,Ilias Chair,MF,ma Morocco,24,1997,0.5,15,15,0,0,0,0,2,0,0,0,0,0,13,0,0,Matches
114,Kwon Chang-hoon,"FW,MF",kr Korea Republic,27,1994,0.6,25,24,1,0,0,0,3,0,1,0,0,0,19,0,2,Matches
115,Luis Chávez,MF,mx Mexico,26,1996,3.0,139,118,20,8,2,5,19,0,12,6,5,0,99,1,1,Matches
116,Walid Cheddira,FW,ma Morocco,24,1998,0.7,8,8,0,0,0,0,0,0,0,0,0,0,4,0,1,Matches
117,Roozbeh Cheshmi,"DF,MF",ir IR Iran,28,1993,0.6,11,10,1,1,0,0,0,0,0,0,0,0,7,0,0,Matches
118,Andreas Christensen,DF,dk Denmark,26,1996,3.0,251,249,2,2,0,0,0,0,0,0,0,0,237,0,0,Matches
119,Hong Chul,DF,kr Korea Republic,31,1990,0.5,20,18,2,0,0,2,2,2,0,0,0,0,17,0,0,Matches
120,José Cifuentes,MF,ec Ecuador,23,1999,0.7,44,42,2,0,1,0,2,2,0,0,0,0,33,0,2,Matches
121,Pathé Ciss,MF,sn Senegal,28,1994,1.6,57,57,0,0,1,1,0,0,0,0,0,0,46,0,1,Matches
122,Sebastián Coates,DF,uy Uruguay,31,1990,2.0,93,90,3,3,0,1,0,0,0,0,0,0,76,0,0,Matches
123,Rubin Colwill,MF,wls Wales,20,2002,0.1,4,4,0,0,0,1,0,0,0,0,0,0,2,0,0,Matches
124,Kingsley Coman,"FW,MF",fr France,26,1996,1.9,72,64,8,2,0,0,13,1,5,2,3,0,56,0,1,Matches
125,Eray Cömert,DF,ch Switzerland,24,1998,0.5,42,41,1,1,0,0,0,0,0,0,0,0,38,0,0,Matches
126,Anthony Contreras,"FW,MF",cr Costa Rica,22,2000,1.4,26,23,3,0,0,0,1,1,0,0,0,0,15,0,2,Matches
127,Andreas Cornelius,FW,dk Denmark,29,1993,1.0,34,33,1,0,0,0,1,0,0,0,0,0,21,0,0,Matches
128,Ángel Correa,MF,ar Argentina,27,1995,0.1,3,3,0,0,0,0,0,0,0,0,0,0,3,0,0,Matches
129,Diogo Costa,GK,pt Portugal,22,1999,5.0,160,117,41,6,0,0,0,0,0,0,0,0,113,2,1,Matches
130,Thibaut Courtois,GK,be Belgium,30,1992,3.0,123,84,39,3,0,0,0,0,0,0,0,0,108,0,0,Matches
131,Jason Cummings,FW,au Australia,26,1995,0.4,6,4,2,0,0,0,0,0,0,0,0,0,4,0,1,Matches
132,Aimen Dahmen,GK,tn Tunisia,25,1997,3.0,77,54,23,5,0,2,0,0,0,0,0,0,48,0,0,Matches
133,Diogo Dalot,DF,pt Portugal,23,1999,2.9,147,127,19,1,0,2,9,18,0,0,0,0,112,1,2,Matches
134,Mikkel Damsgaard,"MF,FW",dk Denmark,21,2000,1.7,72,72,0,0,0,1,3,0,0,0,0,0,55,0,0,Matches
135,Danilo,DF,br Brazil,30,1991,3.1,269,245,23,2,0,2,8,21,0,0,0,0,230,1,2,Matches
136,Achraf Dari,DF,ma Morocco,23,1999,2.1,111,107,4,4,0,0,0,0,0,0,0,0,99,0,0,Matches
137,Jonathan David,"FW,MF",ca Canada,22,2000,2.1,60,53,6,0,0,0,0,0,0,0,0,0,41,1,3,Matches
138,Alphonso Davies,"MF,DF",ca Canada,21,2000,3.0,114,84,27,5,1,1,10,15,5,3,1,0,82,3,5,Matches
139,Ben Davies,DF,wls Wales,29,1993,2.6,161,135,25,8,0,5,0,17,0,0,0,0,122,1,7,Matches
140,Nasser Al-Dawsari,FW,sa Saudi Arabia,23,1998,0.1,11,11,0,0,0,0,1,0,0,0,0,0,11,0,0,Matches
141,Salem Al-Dawsari,MF,sa Saudi Arabia,30,1991,3.0,111,104,5,3,0,2,3,0,2,1,0,0,86,2,5,Matches
142,Giorgian De Arrascaeta,MF,uy Uruguay,28,1994,1.2,52,47,5,2,2,0,6,1,2,1,1,0,32,0,4,Matches
143,Kevin De Bruyne,"FW,MF",be Belgium,30,1991,3.0,136,118,17,5,4,2,18,5,7,0,6,0,93,1,8,Matches
144,Charles De Ketelaere,FW,be Belgium,21,2001,0.2,4,4,0,0,0,0,0,0,0,0,0,0,3,0,0,Matches
145,Nicolás De La Cruz,MF,uy Uruguay,25,1997,0.4,25,21,3,2,0,0,1,0,1,1,0,0,20,1,1,Matches
146,Rodrigo De Paul,MF,ar Argentina,28,1994,6.7,562,530,28,17,2,1,12,7,4,1,0,0,470,4,10,Matches
147,Miloš Degenek,DF,au Australia,28,1994,2.0,101,71,30,4,0,0,1,26,0,0,0,0,67,0,5,Matches
148,Thomas Delaney,MF,dk Denmark,30,1991,0.5,29,28,1,1,0,0,1,0,0,0,0,0,24,0,1,Matches
149,Ousmane Dembélé,FW,fr France,25,1997,4.8,192,190,2,0,1,2,19,2,0,0,0,0,145,0,8,Matches
150,Leander Dendoncker,"DF,MF",be Belgium,27,1995,1.8,122,119,3,2,0,0,0,1,0,0,0,0,119,0,0,Matches
151,Sergiño Dest,DF,us United States,21,2000,3.4,200,176,24,2,0,1,9,22,0,0,0,0,172,0,5,Matches
152,Ángel Di María,"MF,FW",ar Argentina,34,1988,3.2,167,151,16,4,0,2,27,2,10,4,2,0,129,0,7,Matches
153,Boulaye Dia,FW,sn Senegal,25,1996,3.5,53,51,1,0,0,0,1,0,0,0,0,0,39,1,2,Matches
154,Abdou Diallo,DF,sn Senegal,26,1996,3.7,186,165,20,12,0,4,3,8,0,0,0,0,139,1,1,Matches
155,Rúben Dias,DF,pt Portugal,25,1997,4.0,274,255,19,16,0,2,0,1,0,0,0,0,248,0,1,Matches
156,Krépin Diatta,"FW,MF",sn Senegal,23,1999,2.0,73,71,1,0,0,1,4,0,1,0,1,0,60,1,0,Matches
157,Famara Diedhiou,FW,sn Senegal,29,1992,1.0,14,14,0,0,0,0,0,0,0,0,0,0,10,0,2,Matches
158,Bamba Dieng,FW,sn Senegal,22,2000,1.1,16,15,1,0,0,0,1,0,0,0,0,0,9,0,1,Matches
159,Eric Dier,DF,eng England,28,1994,0.4,41,40,1,1,0,0,0,0,0,0,0,0,40,0,0,Matches
160,Axel Disasi,DF,fr France,24,1998,1.0,78,61,17,1,0,0,2,16,0,0,0,0,61,0,1,Matches
161,Alexander Djiku,"DF,FW",gh Ghana,27,1994,1.1,28,27,1,1,0,0,0,0,0,0,0,0,22,0,0,Matches
162,Ritsu Doan,FW,jp Japan,23,1998,2.4,56,48,7,2,0,1,9,0,5,4,0,0,36,1,4,Matches
163,Jeremy Doku,"MF,FW",be Belgium,20,2002,0.2,14,14,0,0,0,0,3,0,0,0,0,0,8,0,2,Matches
164,Kasper Dolberg,FW,dk Denmark,24,1997,1.3,18,15,3,0,0,0,1,0,0,0,0,0,15,0,0,Matches
165,Mohamed Dräger,DF,tn Tunisia,25,1996,1.5,50,33,17,0,0,0,3,17,0,0,0,0,36,0,4,Matches
166,Óscar Duarte,DF,cr Costa Rica,33,1989,3.0,98,89,8,4,0,1,0,3,0,0,0,0,68,1,2,Matches
167,Mitchell Duke,FW,au Australia,31,1991,3.0,63,60,3,0,0,0,1,0,0,0,0,0,36,0,2,Matches
168,Denzel Dumfries,DF,nl Netherlands,26,1996,5.3,217,167,50,0,0,0,8,50,0,0,0,0,149,0,8,Matches
169,Paulo Dybala,FW,ar Argentina,28,1993,0.2,12,12,0,0,0,0,0,0,0,0,0,0,8,0,0,Matches
170,Enzo Ebosse,DF,cm Cameroon,23,1999,1.0,38,33,5,4,0,0,0,1,0,0,0,0,34,0,1,Matches
171,Ederson,GK,br Brazil,28,1993,1.0,31,25,6,0,0,0,0,0,0,0,0,0,28,0,0,Matches
172,Jorge Eduardo Sánchez,DF,mx Mexico,24,1997,1.9,87,62,25,0,0,0,2,25,0,0,0,0,69,0,2,Matches
173,Nico Elvedi,DF,ch Switzerland,25,1996,2.0,142,139,3,3,0,0,0,0,0,0,0,0,131,0,3,Matches
174,Breel Embolo,FW,ch Switzerland,25,1997,3.6,62,53,8,0,0,0,0,0,0,0,0,0,46,1,2,Matches
175,Youssef En-Nesyri,FW,ma Morocco,25,1997,6.0,81,70,9,0,0,0,0,0,0,0,0,0,50,2,0,Matches
176,Wataru Endo,MF,jp Japan,29,1993,3.4,192,188,4,3,1,0,2,0,0,0,0,0,155,0,7,Matches
177,Devis Epassy,GK,cm Cameroon,29,1993,2.0,83,51,32,7,0,1,0,0,0,0,0,0,57,0,0,Matches
178,Christian Eriksen,MF,dk Denmark,30,1992,3.0,230,196,32,10,0,3,30,2,20,3,9,8,188,2,2,Matches
179,Michael Estrada,FW,ec Ecuador,26,1996,2.5,50,48,1,0,1,0,0,1,0,0,0,0,28,1,1,Matches
180,Pervis Estupiñán,DF,ec Ecuador,24,1998,3.0,190,145,44,12,0,0,19,29,3,0,3,0,148,1,4,Matches
181,Stephen Eustáquio,MF,ca Canada,25,1996,1.4,93,89,4,3,0,1,1,0,1,0,0,0,83,0,0,Matches
182,Saeid Ezatolahi,MF,ir IR Iran,25,1996,2.4,88,83,5,5,0,1,4,0,0,0,0,0,66,0,1,Matches
183,Abdessamad Ezzalzouli,"FW,MF",ma Morocco,20,2001,1.0,13,12,1,0,0,0,1,1,0,0,0,0,10,0,0,Matches
184,Fabinho,MF,br Brazil,28,1993,1.0,57,54,3,3,0,0,0,0,0,0,0,0,51,0,1,Matches
185,Collins Fai,DF,cm Cameroon,29,1992,3.0,146,118,28,4,1,1,13,24,0,0,0,0,99,0,4,Matches
186,Salman Al-Faraj,MF,sa Saudi Arabia,32,1989,0.5,16,13,3,1,0,0,1,1,1,0,0,0,12,0,2,Matches
187,Christian Fassnacht,FW,ch Switzerland,28,1993,0.1,10,10,0,0,0,0,0,0,0,0,0,0,7,0,0,Matches
188,Abdul Fatawu Issahaku,FW,gh Ghana,18,2004,0.0,1,0,1,0,0,0,0,1,0,0,0,0,1,0,0,Matches
189,Ansu Fati,FW,es Spain,19,2002,0.5,29,28,1,0,0,0,1,0,1,0,0,0,25,0,1,Matches
190,João Félix,FW,pt Portugal,22,1999,3.7,122,119,2,0,1,0,4,2,0,0,0,0,91,1,3,Matches
191,Bruno Fernandes,"FW,MF",pt Portugal,27,1994,4.0,233,200,33,11,3,17,26,6,16,2,9,0,188,0,7,Matches
192,Edimilson Fernandes,"FW,DF",ch Switzerland,26,1996,1.6,82,68,14,1,0,0,5,13,0,0,0,0,65,0,2,Matches
193,Enzo Fernández,MF,ar Argentina,21,2001,6.3,471,459,12,11,3,2,2,1,0,0,0,0,412,0,6,Matches
194,Jesús Ferreira,FW,us United States,21,2000,0.5,19,18,1,0,0,0,0,0,0,0,0,0,16,0,1,Matches
195,Phil Foden,"FW,MF",eng England,22,2000,2.9,117,103,14,0,0,3,14,1,13,7,4,1,90,0,2,Matches
196,Youssouf Fofana,MF,fr France,23,1999,2.5,112,110,2,2,0,0,0,0,0,0,0,0,96,0,2,Matches
197,Juan Foyth,DF,ar Argentina,24,1998,0.1,4,3,1,0,0,0,0,1,0,0,0,0,3,0,0,Matches
198,Alan Franco,MF,ec Ecuador,23,1998,0.5,11,11,0,0,0,0,0,0,0,0,0,0,10,0,0,Matches
199,Przemysław Frankowski,MF,pl Poland,27,1995,2.7,74,71,3,0,1,0,8,1,2,1,1,0,49,0,8,Matches
200,Fred,MF,br Brazil,29,1993,1.6,83,80,3,2,0,0,0,1,0,0,0,0,71,0,1,Matches
201,Fabian Frei,MF,ch Switzerland,33,1989,0.3,14,14,0,0,0,0,0,0,0,0,0,0,9,0,0,Matches
202,Remo Freuler,MF,ch Switzerland,30,1992,3.6,154,146,7,5,0,0,0,2,0,0,0,0,127,1,2,Matches
203,Keysher Fuller,"DF,MF",cr Costa Rica,27,1994,2.8,63,55,8,1,0,0,2,7,0,0,0,0,44,0,2,Matches
204,Niclas Füllkrug,FW,de Germany,29,1993,0.8,24,21,3,0,0,1,0,0,0,0,0,0,15,0,2,Matches
205,Rogelio Funes Mori,FW,mx Mexico,31,1991,0.1,0,0,0,0,0,0,0,0,0,0,0,0,0,0,0,Matches
206,Cody Gakpo,"FW,MF",nl Netherlands,23,1999,5.0,148,120,27,7,1,0,33,4,16,6,8,0,93,1,5,Matches
207,Hernán Galíndez,GK,ec Ecuador,35,1987,3.0,74,46,28,7,0,0,0,0,0,0,0,0,44,0,0,Matches
208,Jesús Gallardo,DF,mx Mexico,27,1994,3.0,134,109,22,4,0,0,9,18,0,0,0,0,93,3,4,Matches
209,Idrissa Gana Gueye,MF,sn Senegal,32,1989,3.0,133,113,17,4,0,0,15,2,7,4,2,0,107,3,2,Matches
210,Gavi,MF,es Spain,17,2004,3.2,154,146,8,3,0,0,4,0,0,0,0,0,133,0,5,Matches
211,Sultan Al-Ghanam,"DF,MF",sa Saudi Arabia,28,1994,1.4,52,37,15,1,0,0,7,14,0,0,0,0,34,0,3,Matches
212,Nader Ghandri,DF,tn Tunisia,27,1995,1.0,33,32,1,0,0,0,0,0,0,0,0,0,27,0,0,Matches
213,Saman Ghoddos,MF,ir IR Iran,28,1993,0.5,20,17,3,1,0,0,2,1,1,1,0,0,15,0,1,Matches
214,Ali Gholizadeh,"MF,FW",ir IR Iran,26,1996,2.2,72,66,6,0,1,2,4,3,3,2,0,0,46,0,2,Matches
215,Matthias Ginter,DF,de Germany,28,1994,0.0,3,3,0,0,0,0,0,0,0,0,0,0,3,0,0,Matches
216,Olivier Giroud,FW,fr France,35,1986,4.7,74,66,7,0,1,1,0,0,0,0,0,0,48,1,0,Matches
217,Kamil Glik,DF,pl Poland,34,1988,4.0,130,125,5,4,0,0,0,0,0,0,0,0,118,0,0,Matches
218,Serge Gnabry,"FW,MF",de Germany,26,1995,2.9,118,112,4,0,0,0,7,4,0,0,0,0,86,2,8,Matches
219,Diego Godín,DF,uy Uruguay,36,1986,1.7,103,101,2,2,0,0,0,0,0,0,0,0,87,0,0,Matches
220,Maxi Gómez,FW,uy Uruguay,25,1996,0.3,7,7,0,0,0,0,0,0,0,0,0,0,5,0,0,Matches
221,Papu Gómez,"MF,FW",ar Argentina,34,1988,1.2,60,56,1,0,0,1,1,0,1,0,0,0,53,3,0,Matches
222,Shūichi Gonda,GK,jp Japan,33,1989,4.3,113,73,39,13,0,1,0,0,0,0,0,0,68,1,0,Matches
223,Craig Goodwin,MF,au Australia,30,1991,2.6,95,84,11,3,0,0,18,4,4,3,1,0,58,0,4,Matches
224,Leon Goretzka,MF,de Germany,27,1995,1.8,57,55,0,0,0,0,1,0,0,0,0,0,42,2,1,Matches
225,Mario Götze,MF,de Germany,30,1992,0.4,23,23,0,0,0,0,2,0,0,0,0,0,21,0,2,Matches
226,Jack Grealish,FW,eng England,26,1995,1.0,54,53,1,1,0,0,0,0,0,0,0,0,48,0,3,Matches
227,Antoine Griezmann,MF,fr France,31,1991,6.0,329,274,52,20,4,5,40,1,28,13,11,0,258,3,5,Matches
228,Kamil Grosicki,MF,pl Poland,34,1988,0.0,6,6,0,0,0,0,3,0,0,0,0,0,4,0,0,Matches
229,Carlos Gruezo,MF,ec Ecuador,27,1995,0.5,15,15,0,0,0,0,0,0,0,0,0,0,15,0,0,Matches
230,Marko Grujić,MF,rs Serbia,26,1996,0.1,17,16,1,0,0,0,0,1,0,0,0,0,14,0,0,Matches
231,Andrés Guardado,MF,mx Mexico,35,1986,0.5,16,14,2,1,0,0,0,0,0,0,0,0,11,0,1,Matches
232,Nemanja Gudelj,"MF,DF",rs Serbia,30,1991,1.0,52,51,1,1,0,1,0,0,0,0,0,0,44,0,1,Matches
233,Mattéo Guendouzi,"FW,MF",fr France,23,1999,0.9,33,30,3,1,0,1,0,1,0,0,0,0,27,0,2,Matches
234,Raphaël Guerreiro,DF,pt Portugal,28,1993,3.1,185,156,28,1,0,0,13,25,2,0,2,0,156,1,2,Matches
235,Cho Guesung,FW,kr Korea Republic,24,1998,3.1,63,56,7,0,0,0,1,0,0,0,0,0,40,0,0,Matches
236,Pape Gueye,MF,sn Senegal,23,1999,1.7,62,55,6,3,0,0,1,0,2,0,0,0,45,1,2,Matches
237,Bruno Guimarães,MF,br Brazil,24,1997,0.8,54,51,2,1,0,0,3,0,1,1,0,0,43,1,2,Matches
238,İlkay Gündoğan,MF,de Germany,31,1990,2.1,168,164,4,4,1,1,1,0,0,0,0,0,150,0,4,Matches
239,Erick Gutiérrez,MF,mx Mexico,26,1995,0.5,29,28,1,1,0,0,0,0,0,0,0,0,24,0,0,Matches
240,Joško Gvardiol,DF,hr Croatia,20,2002,7.7,519,506,11,10,2,3,1,1,0,0,0,0,464,2,0,Matches
241,Asiri Haitham,FW,sa Saudi Arabia,21,2001,0.0,2,2,0,0,0,0,0,0,0,0,0,0,1,0,0,Matches
242,Ehsan Hajsafi,"MF,DF",ir IR Iran,32,1990,2.6,98,82,16,6,1,1,11,7,3,0,3,0,61,0,3,Matches
243,Achraf Hakimi,DF,ma Morocco,23,1998,7.0,382,308,73,6,1,5,12,67,0,0,0,0,312,1,8,Matches
244,Abderrazak Hamdallah,FW,ma Morocco,31,1990,0.8,15,14,1,0,0,0,0,0,0,0,0,0,8,0,1,Matches
245,Abdelkarim Hassan,DF,qa Qatar,28,1993,3.0,161,148,13,11,0,10,6,2,0,0,0,0,122,0,8,Matches
246,Ali Al Hassan,MF,sa Saudi Arabia,25,1997,0.5,7,6,1,1,0,0,1,0,0,0,0,0,4,0,1,Matches
247,Abdulaziz Hatem,MF,qa Qatar,31,1990,2.2,91,84,6,4,0,0,1,0,1,1,0,0,72,1,4,Matches
248,Kai Havertz,FW,de Germany,23,1999,1.1,34,32,2,0,0,0,2,0,0,0,0,0,27,0,1,Matches
249,Hassan Al-Haydos,MF,qa Qatar,31,1990,2.3,80,75,5,2,0,2,4,1,2,2,0,0,65,0,3,Matches
250,Eden Hazard,MF,be Belgium,31,1991,1.4,58,58,0,0,1,0,1,0,0,0,0,0,46,0,2,Matches
251,Thorgan Hazard,FW,be Belgium,29,1993,1.2,58,43,14,1,0,0,9,6,7,3,3,0,40,1,2,Matches
252,Hwang Hee-chan,"MF,FW",kr Korea Republic,26,1996,1.3,59,56,2,0,0,0,3,2,0,0,0,0,45,1,4,Matches
253,Jordan Henderson,MF,eng England,31,1990,3.0,163,153,10,8,1,0,8,2,0,0,0,0,137,0,3,Matches
254,Wayne Hennessey,GK,wls Wales,35,1987,1.9,66,46,20,4,0,1,0,0,0,0,0,0,50,0,0,Matches
255,Lucas Hernández,DF,fr France,26,1996,0.1,10,10,0,0,0,0,1,0,0,0,0,0,5,0,0,Matches
256,Theo Hernández,DF,fr France,24,1997,5.6,339,286,52,7,0,2,13,45,0,0,0,0,289,1,4,Matches
257,Héctor Herrera,MF,mx Mexico,32,1990,1.8,78,76,2,2,0,2,4,0,0,0,0,0,64,0,3,Matches
258,Son Heung-min,"FW,MF",kr Korea Republic,29,1992,4.0,115,92,22,1,1,2,21,1,18,6,9,0,77,1,6,Matches
259,Piero Hincapié,DF,ec Ecuador,20,2002,3.0,200,193,5,3,0,2,1,2,0,0,0,0,168,2,0,Matches
260,Jonas Hofmann,FW,de Germany,29,1992,0.3,20,19,1,0,0,0,0,1,0,0,0,0,16,0,1,Matches
261,Junior Hoilett,"FW,MF",ca Canada,32,1990,1.8,59,50,8,0,0,0,13,1,5,1,4,0,43,1,2,Matches
262,Martin Hongla,MF,cm Cameroon,24,1998,1.3,61,60,1,0,1,0,1,1,0,0,0,0,49,0,1,Matches
263,Ricardo Horta,FW,pt Portugal,27,1994,1.3,46,42,4,1,1,0,5,1,2,2,0,0,31,0,0,Matches
264,Hossein Hosseini,GK,ir IR Iran,29,1992,1.8,47,30,15,4,0,0,0,0,0,0,0,0,23,2,0,Matches
265,Majid Hosseini,DF,ir IR Iran,25,1996,3.0,106,100,6,4,0,2,0,1,0,0,0,0,86,0,1,Matches
266,Ajdin Hrustic,"MF,FW",au Australia,25,1996,0.7,21,19,2,1,0,1,1,1,0,0,0,0,17,0,0,Matches
267,Atiba Hutchinson,MF,ca Canada,39,1983,1.8,112,108,4,4,0,0,0,0,0,0,0,0,100,0,3,Matches
268,Pierre Højbjerg,MF,dk Denmark,26,1995,3.0,224,216,8,5,0,10,1,2,0,0,0,0,200,0,1,Matches
269,Romario Ibarra,MF,ec Ecuador,27,1994,0.8,14,14,0,0,0,0,0,0,0,0,0,0,10,0,0,Matches
270,Ivan Ilić,MF,rs Serbia,21,2001,0.4,20,19,1,1,0,0,0,0,0,0,0,0,19,0,0,Matches
271,Hwang In-beom,MF,kr Korea Republic,25,1996,3.7,247,242,5,5,0,8,6,0,0,0,0,0,194,0,2,Matches
272,Jackson Irvine,"MF,FW",au Australia,29,1993,3.9,128,121,7,2,0,1,2,1,0,0,0,0,103,0,4,Matches
273,Ko Itakura,DF,jp Japan,25,1997,3.0,111,109,2,2,1,0,0,0,0,0,0,0,98,0,1,Matches
274,Hiroki Ito,DF,jp Japan,23,1999,0.5,63,61,2,0,0,1,0,2,0,0,0,0,58,0,0,Matches
275,Junya Ito,"MF,FW",jp Japan,29,1993,3.6,97,80,15,1,0,0,14,9,5,0,3,0,59,2,4,Matches
276,Yahya Jabrane,MF,ma Morocco,30,1991,0.2,,,,,,,0,,,,,,,,,Matches
277,Nicolas Jackson,FW,sn Senegal,20,2001,0.2,10,10,0,0,0,0,0,0,0,0,0,0,9,0,0,Matches
278,Lee Jae-sung,"MF,FW",kr Korea Republic,29,1992,2.3,97,97,0,0,0,0,1,0,0,0,0,0,84,0,2,Matches
279,Alireza Jahanbakhsh,MF,ir IR Iran,28,1993,0.7,17,14,2,1,0,0,1,0,0,0,0,0,11,1,1,Matches
280,Kristijan Jakić,FW,hr Croatia,25,1997,0.0,0,0,0,0,0,0,0,0,0,0,0,0,0,0,0,Matches
281,Ismail Jakobs,DF,sn Senegal,22,1999,3.1,156,115,41,7,0,0,18,29,5,3,2,0,107,0,0,Matches
282,Abolfazl Jalali,DF,ir IR Iran,23,1998,0.2,29,21,8,1,0,0,2,7,0,0,0,0,20,0,1,Matches
283,Daniel James,"FW,MF",wls Wales,24,1997,1.7,36,32,3,0,0,0,4,1,1,0,0,0,24,1,0,Matches
284,Vincent Janssen,FW,nl Netherlands,27,1994,1.0,20,19,1,0,0,0,0,0,0,0,0,0,16,0,1,Matches
285,Ardon Jasari,FW,ch Switzerland,19,2002,0.0,6,6,0,0,0,0,0,0,0,0,0,0,5,0,0,Matches
286,Issam Jebali,FW,tn Tunisia,30,1991,2.0,35,30,4,0,0,0,2,1,0,0,0,0,25,1,2,Matches
287,Artur Jędrzejczyk,DF,pl Poland,34,1987,0.2,4,3,1,0,0,0,0,1,0,0,0,0,3,0,0,Matches
288,Mathias Jensen,MF,dk Denmark,26,1996,0.9,67,63,4,1,0,1,2,3,0,0,0,0,52,0,0,Matches
289,Gabriel Jesus,FW,br Brazil,25,1997,1.0,28,26,2,0,0,0,1,1,0,0,0,0,22,0,2,Matches
290,Raúl Jiménez,FW,mx Mexico,31,1991,0.7,32,28,3,0,0,0,2,0,0,0,0,0,20,1,2,Matches
291,Kim Jin-su,DF,kr Korea Republic,30,1992,3.5,146,115,31,1,0,0,16,30,0,0,0,0,105,0,4,Matches
292,Brennan Johnson,"FW,MF",wls Wales,21,2001,1.0,17,16,1,0,0,0,1,1,0,0,0,0,10,0,1,Matches
293,Alistair Johnston,DF,ca Canada,23,1998,3.0,186,145,41,6,0,1,8,35,0,0,0,0,147,0,3,Matches
294,Frenkie de Jong,MF,nl Netherlands,25,1997,5.3,364,357,7,4,0,2,3,3,0,0,0,0,323,0,4,Matches
295,Luuk de Jong,FW,nl Netherlands,31,1990,0.6,12,10,2,0,0,0,0,0,0,0,0,0,8,0,1,Matches
296,Luka Jović,FW,rs Serbia,24,1997,0.4,10,9,1,0,0,0,0,1,0,0,0,0,6,0,0,Matches
297,Son Jun-ho,"MF,DF",kr Korea Republic,30,1992,0.8,59,58,1,1,0,2,0,0,0,0,0,0,55,0,0,Matches
298,Vinicius Júnior,FW,br Brazil,21,2000,3.3,90,88,2,0,0,0,12,2,0,0,0,0,68,0,4,Matches
299,Josip Juranović,DF,hr Croatia,26,1995,6.7,405,336,68,4,0,2,24,64,0,0,0,0,318,1,16,Matches
300,Daichi Kamada,"FW,MF",jp Japan,25,1996,3.6,104,92,12,2,0,2,5,1,6,2,3,0,83,0,2,Matches
301,Jakub Kamiński,MF,pl Poland,20,2002,2.6,61,59,2,0,0,0,4,2,0,0,0,0,37,0,3,Matches
302,Hossein Kanaanizadegan,DF,ir IR Iran,28,1994,0.5,11,10,1,0,0,0,0,1,0,0,0,0,8,0,0,Matches
303,Harry Kane,FW,eng England,28,1993,4.5,98,94,3,0,2,1,6,1,0,0,0,0,62,1,5,Matches
304,Lee Kangin,"MF,FW",kr Korea Republic,21,2001,1.6,77,66,11,5,0,1,12,0,5,3,2,0,62,0,1,Matches
305,Mohamed Kanno,"MF,FW",sa Saudi Arabia,27,1994,3.0,147,142,5,5,0,1,0,0,0,0,0,0,119,0,1,Matches
306,Fran Karačić,DF,au Australia,26,1996,1.0,54,43,11,0,0,0,5,11,0,0,0,0,33,0,1,Matches
307,Ali Karimi,MF,ir IR Iran,28,1994,1.1,45,44,1,1,0,0,2,0,0,0,0,0,34,0,2,Matches
308,Mark-Anthony Kaye,MF,ca Canada,27,1994,0.7,61,59,2,1,0,0,0,1,0,0,0,0,51,0,0,Matches
309,Wajdi Kechrida,DF,tn Tunisia,26,1995,1.2,69,48,21,0,0,0,5,21,0,0,0,0,44,0,6,Matches
310,Thilo Kehrer,DF,de Germany,25,1996,0.8,29,24,5,0,0,0,0,5,0,0,0,0,22,0,2,Matches
311,Bilal El Khannous,MF,ma Morocco,18,2004,0.6,24,24,0,0,0,1,0,0,0,0,0,0,20,0,3,Matches
312,Wahbi Khazri,"FW,MF",tn Tunisia,31,1991,0.9,20,16,3,1,0,0,2,0,2,2,0,0,13,1,1,Matches
313,Musab Kheder,DF,qa Qatar,28,1993,0.1,3,1,2,1,0,1,0,1,0,0,0,0,3,0,0,Matches
314,Boualem Khoukhi,DF,qa Qatar,31,1990,3.0,197,184,12,10,0,1,0,1,0,0,0,0,169,1,1,Matches
315,Joshua Kimmich,"MF,DF",de Germany,27,1995,3.0,267,234,31,7,1,2,21,4,18,8,7,2,226,2,2,Matches
316,Jakub Kiwior,DF,pl Poland,22,2000,3.9,205,193,12,5,0,3,0,0,0,0,0,0,174,0,2,Matches
317,Simon Kjær,DF,dk Denmark,33,1989,0.7,59,59,0,0,0,0,0,0,0,0,0,0,50,0,0,Matches
318,Davy Klaassen,"MF,FW",nl Netherlands,29,1993,2.1,77,77,0,0,1,0,2,0,0,0,0,0,59,0,1,Matches
319,Lukas Klostermann,DF,de Germany,26,1996,0.7,52,42,10,2,0,1,0,8,0,0,0,0,51,0,0,Matches
320,Gregor Kobel,GK,ch Switzerland,24,1997,1.0,29,18,11,3,0,0,0,0,0,0,0,0,21,0,0,Matches
321,Koke,MF,es Spain,30,1992,0.6,62,60,0,0,0,2,0,0,0,0,0,0,56,2,0,Matches
322,Randal Kolo Muani,FW,fr France,23,1998,2.0,43,40,2,0,0,0,1,0,0,0,0,0,25,1,2,Matches
323,Ibrahima Konaté,DF,fr France,23,1999,3.3,235,225,10,9,1,1,1,1,0,0,0,0,215,0,1,Matches
324,Ismaël Koné,"MF,DF",ca Canada,20,2002,1.2,101,99,2,2,0,4,1,0,0,0,0,0,96,0,1,Matches
325,Teun Koopmeiners,MF,nl Netherlands,24,1998,2.4,119,112,5,4,0,1,2,1,0,0,0,0,90,2,5,Matches
326,Filip Kostić,DF,rs Serbia,29,1992,2.0,113,89,24,2,1,0,16,22,0,0,0,0,72,0,5,Matches
327,Kalidou Koulibaly,DF,sn Senegal,30,1991,4.0,205,185,20,18,0,4,0,0,0,0,0,0,156,0,3,Matches
328,Jules Koundé,DF,fr France,23,1998,5.3,311,263,44,2,0,0,2,42,0,0,0,0,252,4,8,Matches
329,Cheikhou Kouyaté,MF,sn Senegal,32,1989,0.8,23,22,1,0,0,0,2,0,0,0,0,0,19,0,1,Matches
330,Mateo Kovačić,MF,hr Croatia,28,1994,7.1,460,446,14,5,3,5,3,1,5,0,0,0,415,0,6,Matches
331,Andrej Kramarić,"FW,MF",hr Croatia,30,1991,5.3,176,167,9,0,0,1,6,3,0,0,0,0,153,0,3,Matches
332,Grzegorz Krychowiak,MF,pl Poland,32,1990,3.7,127,123,4,4,0,3,1,0,0,0,0,0,93,0,3,Matches
333,Takefusa Kubo,FW,jp Japan,21,2001,1.0,11,11,0,0,0,0,0,0,0,0,0,0,6,0,1,Matches
334,Pierre Kunde,MF,cm Cameroon,26,1995,1.5,49,40,9,5,0,1,4,1,3,2,1,0,38,0,2,Matches
335,Garang Kuol,"FW,MF",au Australia,17,2004,0.4,5,5,0,0,0,0,0,0,0,0,0,0,3,0,0,Matches
336,Daniel Kyereh,"MF,DF",gh Ghana,26,1996,0.4,23,19,4,1,0,0,5,0,3,2,1,0,18,0,0,Matches
337,Kwon Kyung-won,DF,kr Korea Republic,30,1992,1.0,43,41,2,2,0,0,0,0,0,0,0,0,39,0,0,Matches
338,Aïssa Laïdouni,MF,tn Tunisia,25,1996,2.7,123,118,5,3,0,1,3,2,0,0,0,0,99,0,3,Matches
339,Tariq Lamptey,DF,gh Ghana,21,2000,1.1,34,24,10,0,0,0,3,10,0,0,0,0,21,0,1,Matches
340,Noa Lang,MF,nl Netherlands,22,1999,0.1,3,3,0,0,0,0,1,0,0,0,0,0,1,0,0,Matches
341,Aymeric Laporte,DF,es Spain,28,1994,3.3,438,424,14,9,0,3,0,3,0,0,0,0,413,0,2,Matches
342,Cyle Larin,FW,ca Canada,27,1995,1.5,29,29,0,0,0,0,3,0,0,0,0,0,21,0,3,Matches
343,Richie Laryea,"DF,MF",ca Canada,27,1995,1.8,47,46,1,0,0,0,1,1,0,0,0,0,35,0,2,Matches
344,Darko Lazović,DF,rs Serbia,31,1990,0.3,12,12,0,0,0,0,1,0,0,0,0,0,7,0,1,Matches
345,Rafael Leão,FW,pt Portugal,23,1999,1.0,47,47,0,0,0,1,6,0,0,0,0,0,32,0,1,Matches
346,Mathew Leckie,"MF,FW",au Australia,31,1991,3.7,103,101,2,0,0,0,4,2,0,0,0,0,67,0,8,Matches
347,Robert Lewandowski,FW,pl Poland,33,1988,4.0,91,90,0,0,0,1,3,0,0,0,0,0,61,1,6,Matches
348,Matthijs de Ligt,DF,nl Netherlands,22,1999,1.0,45,43,2,2,0,1,0,0,0,0,0,0,41,0,0,Matches
349,Jesper Lindstrøm,"MF,FW",dk Denmark,22,2000,2.2,52,49,2,0,0,0,3,2,0,0,0,0,36,1,2,Matches
350,Marko Livaja,FW,hr Croatia,28,1993,2.7,58,55,3,0,2,0,1,0,0,0,0,0,35,0,2,Matches
351,Dominik Livaković,GK,hr Croatia,27,1995,7.7,228,166,62,12,0,0,0,0,0,0,0,0,194,0,1,Matches
352,Marcos Llorente,DF,es Spain,27,1995,1.3,106,89,16,3,0,0,2,13,0,0,0,0,95,1,2,Matches
353,Hugo Lloris,GK,fr France,35,1986,6.3,182,108,73,17,0,0,0,0,0,0,0,0,110,1,0,Matches
354,Dejan Lovren,DF,hr Croatia,32,1989,6.7,460,444,15,14,0,9,3,1,0,0,0,0,405,1,4,Matches
355,Hirving Lozano,FW,mx Mexico,26,1995,2.8,77,69,7,5,3,0,24,2,0,0,0,0,42,1,7,Matches
356,Romelu Lukaku,FW,be Belgium,29,1993,0.6,9,7,2,0,0,0,0,0,0,0,0,0,6,0,0,Matches
357,Saša Lukić,MF,rs Serbia,25,1996,2.7,162,159,3,3,1,4,1,0,0,0,0,0,143,0,1,Matches
358,Ali Maâloul,DF,tn Tunisia,32,1990,1.0,63,43,19,1,0,1,13,12,6,5,1,0,39,1,2,Matches
359,Awer Mabil,MF,au Australia,26,1995,0.3,14,13,1,0,0,1,0,1,0,0,0,0,10,0,1,Matches
360,Alexis Mac Allister,MF,ar Argentina,23,1998,6.1,265,264,0,0,0,1,1,0,0,0,0,0,234,1,2,Matches
361,Jamie Maclaren,FW,au Australia,28,1993,0.6,15,15,0,0,0,0,2,0,0,0,0,0,7,0,0,Matches
362,Assim Madibo,MF,qa Qatar,25,1996,1.7,70,67,3,3,0,0,0,0,0,0,0,0,58,0,1,Matches
363,Abdullah Madu,"DF,MF",sa Saudi Arabia,28,1993,0.5,13,12,1,1,0,0,0,0,0,0,0,0,5,0,1,Matches
364,Daizen Maeda,FW,jp Japan,24,1997,2.0,17,15,2,0,0,0,0,0,0,0,0,0,8,0,0,Matches
365,Harry Maguire,DF,eng England,29,1993,4.8,407,391,16,16,0,5,1,0,0,0,0,0,354,0,3,Matches
366,Lovro Majer,"MF,FW",hr Croatia,24,1998,1.4,98,93,4,1,0,0,8,0,3,3,0,0,78,1,2,Matches
367,Nemanja Maksimović,MF,rs Serbia,27,1995,1.4,57,55,2,2,0,0,2,0,0,0,0,0,50,0,1,Matches
368,Abdulellah Al-Malki,MF,sa Saudi Arabia,27,1994,1.9,84,78,6,6,0,0,1,0,0,0,0,0,66,0,1,Matches
369,Steve Mandanda,GK,fr France,37,1985,1.0,31,19,12,3,0,0,0,0,0,0,0,0,19,0,0,Matches
370,José María Giménez,DF,uy Uruguay,27,1995,3.0,174,165,8,7,1,1,2,1,0,0,0,0,141,1,0,Matches
371,João Mário,"FW,MF",pt Portugal,29,1993,0.9,40,37,2,0,0,0,2,0,2,1,1,0,37,1,0,Matches
372,Marquinhos,DF,br Brazil,28,1994,4.7,368,355,12,10,0,3,1,2,0,0,0,0,352,1,1,Matches
373,Henry Martín,FW,mx Mexico,29,1992,1.6,20,16,2,0,0,0,0,0,0,0,0,0,13,2,0,Matches
374,Martinelli,FW,br Brazil,20,2001,1.3,45,41,4,0,0,0,5,4,0,0,0,0,34,0,0,Matches
375,Carlos Martínez,DF,cr Costa Rica,23,1999,0.5,15,9,6,1,0,0,0,5,0,0,0,0,10,0,0,Matches
376,Emiliano Martínez,GK,ar Argentina,29,1992,7.7,187,131,55,16,0,0,0,0,0,0,0,0,120,1,1,Matches
377,Lautaro Martínez,FW,ar Argentina,24,1997,2.7,63,53,10,0,0,0,0,0,0,0,0,0,47,0,0,Matches
378,Lisandro Martínez,DF,ar Argentina,24,1998,3.4,156,146,9,8,0,1,1,1,0,0,0,0,133,1,0,Matches
379,Pape Matar Sarr,MF,sn Senegal,19,2002,0.7,43,35,8,2,0,1,5,0,6,3,1,0,36,0,0,Matches
380,Rónald Matarrita,"DF,MF",cr Costa Rica,27,1994,0.3,29,26,3,2,0,0,3,1,0,0,0,0,18,0,2,Matches
381,Eric Maxim Choupo-Moting,"FW,MF",cm Cameroon,33,1989,2.8,66,59,7,0,0,0,0,0,0,0,0,0,44,0,1,Matches
382,Noussair Mazraoui,DF,ma Morocco,24,1997,4.1,121,96,25,4,0,2,2,21,0,0,0,0,98,0,2,Matches
383,Kylian Mbappé,FW,fr France,23,1998,6.6,229,216,13,3,3,2,25,4,5,3,0,0,173,0,14,Matches
384,Bryan Mbeumo,"FW,MF",cm Cameroon,22,1999,2.6,85,74,11,5,0,0,12,0,6,3,2,0,49,0,3,Matches
385,Riley McGree,"FW,MF",au Australia,23,1998,2.9,75,73,2,0,0,0,5,0,1,0,1,0,57,0,1,Matches
386,Weston McKennie,MF,us United States,23,1998,3.0,153,141,11,2,0,2,1,9,0,0,0,0,117,1,2,Matches
387,Hannibal Mejbri,MF,tn Tunisia,19,2003,0.1,2,2,0,0,0,0,0,0,0,0,0,0,2,0,0,Matches
388,Memphis,FW,nl Netherlands,28,1994,3.3,123,113,8,0,1,1,2,1,0,0,0,0,93,2,5,Matches
389,Nuno Mendes,DF,pt Portugal,19,2002,0.5,32,27,5,0,0,1,2,5,0,0,0,0,29,0,0,Matches
390,Jhegson Méndez,MF,ec Ecuador,25,1997,2.0,140,135,4,4,1,0,2,0,0,0,0,0,128,1,2,Matches
391,Edouard Mendy,GK,sn Senegal,30,1992,4.0,120,83,37,11,0,2,0,0,0,0,0,0,88,0,0,Matches
392,Nampalys Mendy,MF,sn Senegal,29,1992,3.0,159,156,3,3,0,8,2,0,0,0,0,0,141,0,3,Matches
393,Gideon Mensah,DF,gh Ghana,23,1998,1.0,46,39,7,1,0,1,1,6,0,0,0,0,36,0,0,Matches
394,Chris Mepham,DF,wls Wales,24,1997,3.0,172,167,5,3,0,0,0,2,0,0,0,0,141,0,0,Matches
395,Yassine Meriah,DF,tn Tunisia,28,1993,3.0,171,163,8,7,2,1,2,1,0,0,0,0,139,0,1,Matches
396,Dries Mertens,"MF,FW",be Belgium,35,1987,0.8,33,30,3,0,0,0,5,0,3,2,1,0,22,0,1,Matches
397,Lionel Messi,FW,ar Argentina,34,1987,7.7,371,323,44,19,4,4,20,0,20,6,11,0,300,4,14,Matches
398,Thomas Meunier,DF,be Belgium,30,1991,2.3,147,130,17,2,1,2,6,15,0,0,0,0,110,0,5,Matches
399,Nikola Milenković,DF,rs Serbia,24,1997,3.0,163,160,3,1,0,1,1,2,0,0,0,0,141,0,3,Matches
400,Arkadiusz Milik,"FW,MF",pl Poland,28,1994,1.1,29,29,0,0,0,1,0,0,0,0,0,0,19,0,3,Matches
401,Sergej Milinković-Savić,MF,rs Serbia,27,1995,2.6,120,118,2,2,2,2,1,0,0,0,0,0,87,0,4,Matches
402,Vanja Milinković-Savić,GK,rs Serbia,25,1997,3.0,125,97,28,7,0,0,0,0,0,0,0,0,90,0,0,Matches
403,Éder Militão,DF,br Brazil,24,1998,3.9,277,252,25,6,0,4,3,19,0,0,0,0,251,0,1,Matches
404,Liam Millar,DF,ca Canada,22,1999,0.1,9,7,2,0,0,0,2,1,1,1,0,0,4,0,0,Matches
405,Kamal Miller,DF,ca Canada,25,1997,3.0,205,194,9,5,0,0,0,4,0,0,0,0,186,2,1,Matches
406,Kim Min-jae,DF,kr Korea Republic,25,1996,3.0,191,190,0,0,0,6,1,0,0,0,0,0,167,1,2,Matches
407,Takumi Minamino,FW,jp Japan,27,1995,0.7,22,20,2,1,0,0,3,0,0,0,0,0,14,0,2,Matches
408,Kaoru Mitoma,MF,jp Japan,25,1997,1.8,70,57,13,0,0,0,0,13,0,0,0,0,50,0,2,Matches
409,Aleksandar Mitrović,FW,rs Serbia,27,1994,2.9,69,57,11,0,0,2,1,0,0,0,0,0,54,1,1,Matches
410,Stefan Mitrović,DF,rs Serbia,32,1990,0.4,21,21,0,0,0,0,0,0,0,0,0,0,18,0,0,Matches
411,Filip Mladenović,DF,rs Serbia,30,1991,0.7,25,18,7,0,0,0,1,7,0,0,0,0,20,0,1,Matches
412,Luka Modrić,MF,hr Croatia,36,1985,7.3,551,497,53,33,0,7,33,0,19,7,5,0,465,1,10,Matches
413,Ismail Mohamad,FW,qa Qatar,32,1990,1.9,,,,,,,8,,,,,,,,,Matches
414,Milad Mohammadi,DF,ir IR Iran,28,1993,2.2,68,56,12,0,0,1,2,12,0,0,0,0,44,0,4,Matches
415,Kudus Mohammed,"FW,MF",gh Ghana,21,2000,2.7,87,78,8,4,1,1,6,1,1,1,0,0,62,1,3,Matches
416,Sadegh Moharrami,DF,ir IR Iran,26,1996,1.0,26,19,7,0,0,0,3,7,0,0,0,0,18,0,0,Matches
417,Nahuel Molina,DF,ar Argentina,24,1998,6.3,358,294,62,0,0,1,6,62,0,0,0,0,291,2,4,Matches
418,César Montes,DF,mx Mexico,25,1997,3.0,197,192,3,2,0,3,0,1,0,0,0,0,159,2,3,Matches
419,Gonzalo Montiel,"DF,MF",ar Argentina,25,1997,1.3,81,69,12,0,0,0,3,12,0,0,0,0,69,0,4,Matches
420,Kim Moonhwan,DF,kr Korea Republic,26,1995,4.0,242,197,45,2,0,0,15,43,0,0,0,0,201,0,4,Matches
421,Kieffer Moore,FW,wls Wales,29,1992,2.5,56,56,0,0,0,1,0,0,0,0,0,0,36,0,2,Matches
422,Shaquell Moore,DF,us United States,25,1996,0.2,21,20,1,0,0,0,0,1,0,0,0,0,14,0,0,Matches
423,Aaron Mooy,MF,au Australia,31,1990,4.0,217,206,11,8,0,4,10,0,3,0,3,0,170,0,4,Matches
424,Álvaro Morata,FW,es Spain,29,1992,2.1,41,40,1,0,1,1,0,0,0,0,0,0,28,0,1,Matches
425,Héctor Moreno,DF,mx Mexico,34,1988,3.0,195,179,16,15,0,2,0,1,0,0,0,0,165,0,0,Matches
426,Hidemasa Morita,MF,jp Japan,27,1995,3.2,157,154,3,2,1,1,3,1,0,0,0,0,129,0,1,Matches
427,Joe Morrell,MF,wls Wales,25,1997,0.4,14,14,0,0,0,0,0,0,0,0,0,0,12,0,0,Matches
428,Jordan Morris,"FW,DF",us United States,27,1994,0.0,4,4,0,0,0,0,2,0,0,0,0,0,1,0,1,Matches
429,Youssoufa Moukoko,FW,de Germany,17,2004,0.0,2,2,0,0,0,0,1,0,0,0,0,0,1,0,0,Matches
430,Mason Mount,MF,eng England,23,1999,2.1,73,70,3,2,0,3,3,0,0,0,0,0,61,0,1,Matches
431,Youssef Msakni,"MF,FW",tn Tunisia,31,1990,1.9,69,61,8,4,2,3,2,3,1,0,0,0,50,0,3,Matches
432,Thomas Müller,"FW,MF",de Germany,32,1989,2.2,78,73,4,0,0,0,5,3,0,0,0,0,56,1,4,Matches
433,Munir,GK,ma Morocco,33,1989,1.0,28,15,13,0,0,0,0,0,0,0,0,0,19,0,0,Matches
434,Mohammed Muntari,"FW,MF",qa Qatar,28,1993,0.7,19,19,0,0,0,0,0,0,0,0,0,0,17,0,0,Matches
435,Yunus Musah,MF,us United States,19,2002,3.8,182,179,3,1,0,1,8,2,0,0,0,0,151,0,7,Matches
436,Jamal Musiala,"MF,FW",de Germany,19,2003,2.9,105,104,0,0,2,0,1,0,0,0,0,0,85,1,2,Matches
437,Joakim Mæhle,DF,dk Denmark,25,1997,2.8,146,120,26,1,0,0,4,25,0,0,0,0,119,0,2,Matches
438,Georges-Kévin N'Koudou,"FW,MF",cm Cameroon,27,1995,0.3,12,11,1,0,0,1,2,0,1,0,0,0,9,0,2,Matches
439,Yuto Nagatomo,"MF,DF",jp Japan,35,1986,2.3,109,88,17,3,0,0,6,14,0,0,0,0,78,4,1,Matches
440,Sami Al-Najei,MF,sa Saudi Arabia,25,1997,0.5,21,18,3,0,0,0,5,0,3,1,2,0,13,0,0,Matches
441,Keylor Navas,GK,cr Costa Rica,35,1986,3.0,102,60,41,8,0,0,0,0,0,0,0,0,61,1,0,Matches
442,Iliman Ndiaye,"FW,MF",sn Senegal,22,2000,1.5,32,29,3,0,0,0,2,1,0,0,0,0,25,0,0,Matches
443,Victor Nelsson,DF,dk Denmark,23,1998,1.0,74,71,3,3,0,3,0,0,0,0,0,0,69,0,0,Matches
444,Manuel Neuer,GK,de Germany,36,1986,3.0,127,111,16,2,0,0,0,0,0,0,0,0,115,0,0,Matches
445,Rúben Neves,MF,pt Portugal,25,1997,3.0,257,251,5,5,0,4,2,0,0,0,0,0,235,1,3,Matches
446,Neymar,MF,br Brazil,30,1992,3.1,153,131,22,8,2,0,8,3,9,6,1,0,121,0,5,Matches
447,Moumi Ngamaleu,"FW,MF",cm Cameroon,27,1994,1.1,25,24,1,0,0,0,1,1,0,0,0,0,21,0,0,Matches
448,Jerome Ngom Mbekeli,MF,cm Cameroon,23,1998,0.1,2,2,0,0,0,0,2,0,0,0,0,0,1,0,0,Matches
449,Rasmus Nissen,DF,dk Denmark,24,1997,2.5,179,152,26,0,0,1,7,26,0,0,0,0,137,1,4,Matches
450,Nicolas Nkoulou,DF,cm Cameroon,32,1990,2.0,91,89,1,1,0,0,0,0,0,0,0,0,79,1,0,Matches
451,Andries Noppert,GK,nl Netherlands,28,1994,5.3,192,145,47,7,0,1,0,0,0,0,0,0,157,0,1,Matches
452,Ahmad Nourollahi,MF,ir IR Iran,29,1993,2.5,54,52,1,0,0,0,3,0,0,0,0,0,35,1,0,Matches
453,Olivier Ntcham,MF,cm Cameroon,26,1996,0.3,12,12,0,0,0,0,0,0,0,0,0,0,11,0,1,Matches
454,Matheus Nunes,MF,pt Portugal,23,1998,0.8,33,32,1,0,0,0,3,1,0,0,0,0,28,0,1,Matches
455,Darwin Núñez,FW,uy Uruguay,22,1999,2.7,56,53,3,0,0,0,4,1,0,0,0,0,35,0,1,Matches
456,Christian Nørgaard,MF,dk Denmark,28,1994,0.1,15,15,0,0,0,0,0,0,0,0,0,0,14,0,0,Matches
457,Guillermo Ochoa,GK,mx Mexico,36,1985,3.0,109,75,32,6,0,0,0,0,0,0,0,0,93,2,0,Matches
458,Denis Odoi,DF,gh Ghana,34,1988,0.1,2,1,1,0,0,0,0,1,0,0,0,0,2,0,0,Matches
459,Noah Okafor,"FW,MF",ch Switzerland,22,2000,0.5,22,22,0,0,0,1,0,0,0,0,0,0,17,0,1,Matches
460,Mathías Olivera,DF,uy Uruguay,24,1997,2.8,133,107,26,1,0,0,6,25,0,0,0,0,104,0,5,Matches
461,Dani Olmo,FW,es Spain,24,1998,4.1,198,180,17,3,3,1,10,0,14,1,3,0,162,1,6,Matches
462,Amadou Onana,MF,be Belgium,20,2001,1.2,64,63,0,0,1,0,0,0,0,0,0,0,58,1,0,Matches
463,André Onana,GK,cm Cameroon,26,1996,0.9,59,44,15,6,0,0,0,0,0,0,0,0,45,0,0,Matches
464,Gaël Ondoua,MF,cm Cameroon,26,1995,0.5,19,19,0,0,0,0,0,0,0,0,0,0,17,0,0,Matches
465,Loïs Openda,FW,be Belgium,22,2000,0.1,5,5,0,0,0,0,1,0,0,0,0,0,3,0,0,Matches
466,Mislav Oršić,FW,hr Croatia,29,1992,1.8,54,51,3,0,2,0,4,1,2,2,0,0,40,0,1,Matches
467,Jonathan Osorio,"MF,FW",ca Canada,30,1992,1.3,57,55,2,0,0,0,0,2,0,0,0,0,52,0,0,Matches
468,Nicolás Otamendi,DF,ar Argentina,34,1988,7.7,577,565,12,10,0,1,0,2,0,0,0,0,532,0,1,Matches
469,Otávio,MF,pt Portugal,27,1995,2.2,127,122,5,0,1,0,5,2,0,0,0,0,98,0,2,Matches
470,Samuel Oum Gouet,MF,cm Cameroon,24,1997,1.1,59,59,0,0,0,1,1,0,0,0,0,0,52,0,0,Matches
471,Azzedine Ounahi,MF,ma Morocco,22,2000,6.3,265,257,5,4,2,1,3,1,0,0,0,0,216,3,8,Matches
472,Bryan Oviedo,DF,cr Costa Rica,32,1990,2.9,89,77,10,1,0,0,2,9,0,0,0,0,67,2,5,Matches
473,Mohammed Al-Owais,GK,sa Saudi Arabia,30,1991,3.0,100,54,46,17,0,1,0,0,0,0,0,0,57,0,0,Matches
474,Juan Pablo Vargas,DF,cr Costa Rica,27,1995,1.0,24,18,6,1,0,0,0,5,0,0,0,0,19,0,0,Matches
475,Exequiel Palacios,"MF,DF",ar Argentina,23,1998,0.6,28,26,1,1,0,0,0,0,0,0,0,0,25,1,0,Matches
476,João Palhinha,MF,pt Portugal,26,1995,0.4,31,30,1,1,0,0,0,0,0,0,0,0,26,0,0,Matches
477,Lucas Paquetá,MF,br Brazil,24,1997,3.5,202,193,8,2,0,0,4,6,0,0,0,0,169,1,4,Matches
478,Leandro Paredes,MF,ar Argentina,27,1994,2.5,246,233,12,11,0,1,0,1,0,0,0,0,230,1,0,Matches
479,Thomas Partey,MF,gh Ghana,29,1993,3.0,176,171,5,5,0,1,1,0,0,0,0,0,146,0,2,Matches
480,Mario Pašalić,"FW,MF",hr Croatia,27,1995,3.0,95,95,0,0,1,0,1,0,0,0,0,0,76,0,4,Matches
481,Benjamin Pavard,DF,fr France,26,1996,1.0,90,84,6,1,0,1,1,5,0,0,0,0,82,0,0,Matches
482,Strahinja Pavlović,DF,rs Serbia,21,2001,2.6,156,152,4,2,0,0,1,2,0,0,0,0,121,0,3,Matches
483,Pedri,MF,es Spain,19,2002,4.0,434,428,6,2,3,4,2,2,0,0,0,0,393,0,9,Matches
484,Pedro,FW,br Brazil,24,1997,0.7,13,10,3,0,0,0,0,0,0,0,0,0,10,0,0,Matches
485,Facundo Pellistri,"MF,FW",uy Uruguay,20,2001,2.0,46,46,0,0,0,0,3,0,0,0,0,0,32,0,3,Matches
486,Pepe,DF,pt Portugal,39,1983,4.0,295,287,4,4,0,4,1,0,0,0,0,0,243,4,0,Matches
487,Danilo Pereira,DF,pt Portugal,30,1991,1.0,78,76,2,2,0,1,0,0,0,0,0,0,68,0,1,Matches
488,Ivan Perišić,"FW,DF",hr Croatia,33,1989,7.4,292,254,36,1,1,2,27,34,1,0,0,0,202,2,7,Matches
489,Bruno Petković,FW,hr Croatia,27,1994,2.6,75,71,3,0,0,2,1,0,0,0,0,0,40,1,5,Matches
490,Germán Pezzella,DF,ar Argentina,30,1991,0.7,45,43,1,1,0,0,0,0,0,0,0,0,42,1,0,Matches
491,Kalvin Phillips,MF,eng England,26,1995,0.5,19,19,0,0,0,0,0,0,0,0,0,0,17,0,0,Matches
492,Krzysztof Piątek,FW,pl Poland,26,1995,0.3,6,6,0,0,0,0,0,0,0,0,0,0,2,0,0,Matches
493,Jordan Pickford,GK,eng England,28,1994,5.0,160,120,39,3,0,0,0,0,0,0,0,0,126,1,1,Matches
494,Orbelín Pineda,MF,mx Mexico,26,1996,0.8,25,25,0,0,0,0,0,0,0,0,0,0,18,0,1,Matches
495,Gonzalo Plata,"MF,FW",ec Ecuador,21,2000,3.0,104,87,17,4,0,0,17,3,6,6,0,0,77,0,1,Matches
496,Jackson Porozo,DF,ec Ecuador,21,2000,1.1,44,43,1,0,1,0,0,1,0,0,0,0,39,0,0,Matches
497,Morteza Pouraliganji,DF,ir IR Iran,30,1992,3.0,128,122,6,4,0,3,2,0,0,0,0,0,92,0,3,Matches
498,Ángelo Preciado,DF,ec Ecuador,24,1998,2.9,129,98,30,2,0,0,8,28,0,0,0,0,94,1,0,Matches
499,Christian Pulisic,"FW,MF",us United States,23,1998,3.5,141,118,23,4,2,0,31,0,19,12,5,1,83,0,7,Matches
500,Adrien Rabiot,MF,fr France,27,1995,5.4,284,277,6,4,0,1,7,2,0,0,0,0,237,1,6,Matches
501,Nemanja Radonjić,"DF,FW",rs Serbia,26,1996,0.7,24,20,4,0,0,0,6,4,0,0,0,0,15,0,1,Matches
502,Baba Rahman,DF,gh Ghana,27,1994,2.0,100,75,24,1,0,0,11,20,3,0,3,0,66,1,3,Matches
503,Gonçalo Ramos,"FW,MF",pt Portugal,20,2001,1.7,31,29,2,0,0,0,0,0,0,0,0,0,25,0,1,Matches
504,Aaron Ramsey,MF,wls Wales,31,1990,3.0,112,101,10,3,0,3,5,0,1,0,1,0,88,1,3,Matches
505,Raphinha,FW,br Brazil,25,1996,3.5,150,131,18,4,0,1,22,3,11,6,3,0,111,1,4,Matches
506,Marcus Rashford,FW,eng England,24,1997,1.6,66,65,1,0,0,1,1,1,0,0,0,0,49,0,2,Matches
507,David Raum,DF,de Germany,24,1998,2.7,195,153,40,8,0,1,24,25,7,0,7,0,153,2,3,Matches
508,Bassam Al-Rawi,DF,qa Qatar,24,1997,1.0,57,53,4,4,1,2,0,0,0,0,0,0,47,0,1,Matches
509,Tim Ream,DF,us United States,34,1987,4.0,276,269,7,5,0,4,0,2,0,0,0,0,245,0,2,Matches
510,Djorkaeff Reasco,FW,ec Ecuador,23,1999,0.3,2,2,0,0,0,0,0,0,0,0,0,0,2,0,0,Matches
511,Gio Reyna,FW,us United States,19,2002,0.6,38,34,3,0,0,1,2,2,0,0,0,0,26,1,1,Matches
512,Ramin Rezaeian,DF,ir IR Iran,32,1990,2.0,105,85,19,3,0,3,11,16,0,0,0,0,73,1,0,Matches
513,Everton Ribeiro,MF,br Brazil,33,1989,0.4,18,17,1,0,0,0,2,0,1,0,1,0,15,0,0,Matches
514,Declan Rice,MF,eng England,23,1999,4.6,322,320,2,2,0,3,4,0,0,0,0,0,300,0,4,Matches
515,Richarlison,FW,br Brazil,25,1997,3.6,58,55,3,0,1,0,2,0,0,0,0,0,40,0,4,Matches
516,Fabian Rieder,FW,ch Switzerland,20,2002,0.8,26,24,2,0,0,1,1,0,2,0,1,0,13,0,0,Matches
517,Ró-Ró,DF,qa Qatar,31,1990,2.9,108,94,12,2,1,0,3,10,0,0,0,0,78,2,5,Matches
518,Connor Roberts,DF,wls Wales,26,1995,2.2,118,99,19,0,0,0,7,19,0,0,0,0,92,0,3,Matches
519,Antonee Robinson,DF,us United States,24,1997,4.0,241,205,36,4,0,1,21,32,0,0,0,0,173,0,7,Matches
520,Sergio Rochet,GK,uy Uruguay,29,1993,3.0,78,49,29,5,0,0,0,0,0,0,0,0,54,0,0,Matches
521,Joe Rodon,DF,wls Wales,24,1997,3.0,169,167,2,2,0,0,0,0,0,0,0,0,152,0,0,Matches
522,Rodri,DF,es Spain,25,1996,4.3,689,678,11,8,0,3,2,3,0,0,0,0,642,0,1,Matches
523,Charly Rodríguez,MF,mx Mexico,25,1997,0.4,30,29,0,0,1,1,1,0,0,0,0,0,21,1,1,Matches
524,Guido Rodríguez,MF,ar Argentina,28,1994,0.6,64,62,2,2,0,1,0,0,0,0,0,0,54,0,0,Matches
525,Kevin Rodríguez,FW,ec Ecuador,22,2000,0.0,,,,,,,0,,,,,,,,,Matches
526,Ricardo Rodríguez,DF,ch Switzerland,29,1992,4.0,229,194,35,5,1,3,12,30,0,0,0,0,164,0,7,Matches
527,Rodrygo,"MF,FW",br Brazil,21,2001,2.0,113,101,12,2,1,0,9,3,7,4,0,0,91,0,1,Matches
528,Mohamed Ali Ben Romdhane,MF,tn Tunisia,22,1999,0.8,21,21,0,0,0,0,1,0,0,0,0,0,14,0,2,Matches
529,Cristian Romero,DF,ar Argentina,24,1998,6.1,375,364,11,9,0,2,0,2,0,0,0,0,337,0,1,Matches
530,Cristiano Ronaldo,FW,pt Portugal,37,1985,3.2,90,82,8,1,0,0,2,2,0,0,0,0,68,0,3,Matches
531,Marten de Roon,MF,nl Netherlands,31,1991,2.0,119,115,3,2,0,0,0,1,0,0,0,0,97,1,1,Matches
532,Kye Rowles,DF,au Australia,23,1998,4.0,187,180,6,5,0,1,0,0,0,0,0,0,165,1,3,Matches
533,Antonio Rüdiger,DF,de Germany,29,1993,3.0,252,242,9,6,0,2,0,2,0,0,0,0,229,1,1,Matches
534,Bryan Ruiz,MF,cr Costa Rica,36,1985,0.3,12,9,1,0,0,0,0,0,0,0,0,0,8,2,0,Matches
535,Mathew Ryan,GK,au Australia,30,1992,4.0,164,111,53,16,0,1,0,0,0,0,0,0,113,0,0,Matches
536,Youssouf Sabaly,DF,sn Senegal,29,1993,4.0,219,191,27,0,3,1,7,27,0,0,0,0,189,1,1,Matches
537,Abdelhamid Sabiri,MF,ma Morocco,25,1996,2.0,58,55,3,2,0,2,1,0,1,0,0,0,45,0,1,Matches
538,Romain Saïss,DF,ma Morocco,32,1990,5.2,199,186,13,10,0,5,1,0,0,0,0,0,159,0,1,Matches
539,Bukayo Saka,FW,eng England,20,2001,3.2,108,103,5,1,0,1,5,2,0,0,0,0,84,0,4,Matches
540,Hiroki Sakai,"MF,DF",jp Japan,32,1990,1.3,47,32,14,1,0,0,2,13,0,0,0,0,28,1,1,Matches
541,Youstin Salas,"DF,MF",cr Costa Rica,25,1996,0.5,19,15,4,0,0,0,0,4,0,0,0,0,15,0,0,Matches
542,William Saliba,DF,fr France,21,2001,0.3,37,37,0,0,0,0,0,0,0,0,0,0,37,0,0,Matches
543,Mohammed Salisu,DF,gh Ghana,23,1999,3.0,151,144,7,7,0,0,0,0,0,0,0,0,109,0,2,Matches
544,Tarek Salman,DF,qa Qatar,24,1997,0.1,10,10,0,0,0,0,1,0,0,0,0,0,7,0,1,Matches
545,Alex Sandro,DF,br Brazil,31,1991,2.1,169,144,24,3,0,0,4,21,0,0,0,0,150,1,2,Matches
546,Leroy Sané,"FW,DF",de Germany,26,1996,1.2,58,58,0,0,1,0,2,0,0,0,0,0,47,0,0,Matches
547,Na Sang-ho,FW,kr Korea Republic,25,1996,1.3,37,36,1,0,0,1,8,1,0,0,0,0,24,0,3,Matches
548,Pablo Sarabia,FW,es Spain,30,1992,0.0,5,3,2,0,0,0,3,0,2,2,0,0,2,0,1,Matches
549,Josh Sargent,FW,us United States,22,2000,1.7,33,31,2,0,0,0,1,0,0,0,0,0,29,0,1,Matches
550,Jeremy Sarmiento,"MF,FW",ec Ecuador,19,2002,0.9,37,33,4,0,0,0,5,2,2,1,1,0,23,0,2,Matches
551,Ismaila Sarr,"FW,MF",sn Senegal,24,1998,3.8,81,78,3,0,1,0,8,3,0,0,0,0,52,0,2,Matches
552,Ferjani Sassi,"MF,DF",tn Tunisia,30,1992,0.5,34,33,0,0,0,0,0,0,0,0,0,0,25,1,0,Matches
553,Fabian Schär,DF,ch Switzerland,30,1991,1.5,82,74,8,8,0,4,0,0,0,0,0,0,65,0,0,Matches
554,Nico Schlotterbeck,DF,de Germany,22,1999,1.0,123,116,6,2,0,2,0,4,0,0,0,0,110,1,1,Matches
555,Kasper Schmeichel,GK,dk Denmark,35,1986,3.0,87,69,18,1,0,0,0,1,0,0,0,0,72,0,0,Matches
556,Haris Seferović,FW,ch Switzerland,30,1992,0.8,14,11,2,0,0,0,0,0,0,0,0,0,10,1,0,Matches
557,Alidu Seidu,DF,gh Ghana,22,2000,1.7,78,62,16,2,0,0,6,14,0,0,0,0,59,0,2,Matches
558,Antoine Semenyo,"FW,MF",gh Ghana,22,2000,0.2,2,2,0,0,0,0,0,0,0,0,0,0,1,0,0,Matches
559,Kim Seung-gyu,GK,kr Korea Republic,31,1990,4.0,128,85,43,14,0,0,0,0,0,0,0,0,93,0,0,Matches
560,Paik Seung-ho,MF,kr Korea Republic,25,1997,0.3,27,27,0,0,0,0,0,0,0,0,0,0,20,0,0,Matches
561,Yasser Al-Shahrani,DF,sa Saudi Arabia,30,1992,1.0,29,22,7,1,0,0,1,6,0,0,0,0,13,0,1,Matches
562,Xherdan Shaqiri,"FW,MF",ch Switzerland,30,1991,2.5,104,90,13,2,0,0,15,1,9,8,1,0,67,1,5,Matches
563,Riyadh Sharahili,MF,sa Saudi Arabia,29,1993,0.6,17,16,1,1,1,0,0,0,0,0,0,0,14,0,0,Matches
564,Luke Shaw,DF,eng England,26,1995,4.7,400,347,52,15,0,1,22,33,4,1,3,0,335,1,8,Matches
565,Saad Al Sheeb,GK,qa Qatar,32,1990,1.0,20,13,7,3,0,0,0,0,0,0,0,0,18,0,0,Matches
566,Saleh Al-Shehri,FW,sa Saudi Arabia,28,1993,2.5,47,39,8,0,1,0,1,0,0,0,0,0,29,0,7,Matches
567,André Silva,FW,pt Portugal,26,1995,0.3,11,10,1,0,0,0,0,0,0,0,0,0,9,0,0,Matches
568,António Silva,DF,pt Portugal,18,2003,1.0,62,60,2,2,0,2,0,0,0,0,0,0,60,0,0,Matches
569,Bernardo Silva,MF,pt Portugal,27,1994,4.0,292,274,17,10,0,2,5,2,5,0,0,0,256,1,8,Matches
570,Thiago Silva,DF,br Brazil,37,1984,4.3,344,330,14,14,2,2,1,0,0,0,0,0,322,0,1,Matches
571,Unai Simón,GK,es Spain,25,1997,4.3,160,136,24,2,0,0,0,0,0,0,0,0,150,0,0,Matches
572,Xavi Simons,"FW,MF",nl Netherlands,19,2003,0.1,10,10,0,0,0,0,0,0,0,0,0,0,6,0,1,Matches
573,Ellyes Skhiri,MF,tn Tunisia,27,1995,3.0,127,122,5,3,0,1,2,1,0,0,0,0,109,0,1,Matches
574,Michał Skóraś,MF,pl Poland,22,2000,0.5,9,9,0,0,0,0,0,0,0,0,0,0,8,0,0,Matches
575,Andreas Skov Olsen,"FW,MF",dk Denmark,22,1999,1.5,63,58,5,0,0,1,4,4,1,0,0,0,43,0,7,Matches
576,Robert Skov,DF,dk Denmark,26,1996,0.2,21,20,1,0,0,0,5,1,0,0,0,0,17,0,1,Matches
577,Naïm Sliti,"MF,FW",tn Tunisia,29,1992,1.3,51,42,9,2,0,0,13,2,5,2,2,0,29,0,0,Matches
578,Carlos Soler,MF,es Spain,25,1997,1.0,83,78,4,1,0,1,3,1,2,1,1,0,78,1,1,Matches
579,Yuki Soma,"FW,MF",jp Japan,25,1997,0.9,19,11,8,2,0,0,6,3,3,3,0,0,11,0,1,Matches
580,Yann Sommer,GK,ch Switzerland,33,1988,3.0,118,97,21,2,0,0,0,0,0,0,0,0,108,0,0,Matches
581,Borna Sosa,DF,hr Croatia,24,1998,4.7,278,237,40,2,0,1,21,38,0,0,0,0,220,1,5,Matches
582,Harry Souttar,DF,au Australia,23,1998,4.0,167,163,4,4,0,2,0,0,0,0,0,0,138,0,1,Matches
583,Djibril Sow,MF,ch Switzerland,25,1997,2.9,97,94,3,1,0,0,1,0,0,0,0,0,84,0,1,Matches
584,Josip Stanišić,DF,hr Croatia,22,2000,1.0,49,40,9,2,0,1,1,7,0,0,0,0,36,0,4,Matches
585,Renato Steffen,FW,ch Switzerland,30,1991,0.4,15,14,1,0,0,0,0,1,0,0,0,0,13,0,0,Matches
586,Raheem Sterling,FW,eng England,27,1994,1.7,55,55,0,0,0,0,2,0,0,0,0,0,45,0,2,Matches
587,John Stones,DF,eng England,28,1994,4.8,454,451,3,2,0,3,0,1,0,0,0,0,435,0,0,Matches
588,Luis Suárez,FW,uy Uruguay,35,1987,1.6,40,37,3,0,0,1,0,0,0,0,0,0,25,0,3,Matches
589,Niklas Süle,DF,de Germany,26,1995,3.0,255,239,16,6,0,3,1,10,0,0,0,0,231,0,1,Matches
590,Kamaldeen Sulemana,FW,gh Ghana,20,2002,0.6,19,19,0,0,0,0,4,0,0,0,0,0,10,0,3,Matches
591,Josip Šutalo,DF,hr Croatia,22,2000,1.0,66,66,0,0,0,1,0,0,0,0,0,0,62,0,0,Matches
592,Karol Świderski,FW,pl Poland,25,1997,0.5,7,6,1,0,0,0,0,0,0,0,0,0,7,0,0,Matches
593,Wojciech Szczęsny,GK,pl Poland,32,1990,4.0,142,90,52,19,0,3,0,0,0,0,0,0,84,0,0,Matches
594,Damian Szymański,MF,pl Poland,26,1995,0.3,8,8,0,0,0,0,0,0,0,0,0,0,8,0,0,Matches
595,Sebastian Szymański,MF,pl Poland,23,1999,1.5,41,39,2,2,0,0,3,0,0,0,0,0,26,0,3,Matches
596,Dušan Tadić,"MF,FW",rs Serbia,33,1988,2.9,127,108,17,7,2,1,17,1,9,4,5,0,90,2,3,Matches
597,Nicolás Tagliafico,DF,ar Argentina,29,1992,4.1,179,138,38,6,0,0,1,32,0,0,0,0,146,3,3,Matches
598,Montassar Talbi,DF,tn Tunisia,24,1998,3.0,137,133,4,3,0,2,0,0,0,0,0,0,118,0,3,Matches
599,Hassan Al Tambakti,DF,sa Saudi Arabia,23,1999,2.0,55,49,6,6,0,1,0,0,0,0,0,0,40,0,1,Matches
600,Ao Tanaka,MF,jp Japan,23,1998,1.9,69,66,3,1,0,0,2,0,0,0,0,0,48,0,0,Matches
601,Shogo Taniguchi,DF,jp Japan,30,1991,2.3,85,81,4,1,0,3,0,3,0,0,0,0,72,0,0,Matches
602,Mehdi Taremi,FW,ir IR Iran,29,1992,3.0,78,71,7,0,0,0,0,0,1,0,0,0,58,0,3,Matches
603,Kenneth Taylor,MF,nl Netherlands,20,2002,0.1,8,8,0,0,0,0,0,0,0,0,0,0,8,0,0,Matches
604,Aurélien Tchouaméni,MF,fr France,22,2000,6.9,474,461,11,10,1,2,3,1,0,0,0,0,424,2,3,Matches
605,Yeltsin Tejeda,MF,cr Costa Rica,30,1992,3.0,99,97,1,1,0,2,0,0,0,0,0,0,78,1,1,Matches
606,Alex Telles,DF,br Brazil,29,1992,0.7,42,37,5,2,0,0,3,3,0,0,0,0,33,0,0,Matches
607,Sorba Thomas,MF,wls Wales,22,1999,0.0,4,3,1,1,0,0,1,0,0,0,0,0,3,0,0,Matches
608,Marcus Thuram,"FW,MF",fr France,24,1997,1.7,40,39,1,0,0,0,1,0,0,0,0,0,27,0,1,Matches
609,Youri Tielemans,MF,be Belgium,25,1997,1.1,64,60,4,1,0,0,1,2,0,0,0,0,53,0,0,Matches
610,Jurriën Timber,DF,nl Netherlands,20,2001,4.3,313,301,11,7,2,0,1,4,0,0,0,0,283,1,0,Matches
611,Karl Toko Ekambi,"FW,MF",cm Cameroon,29,1992,1.8,53,50,3,1,0,1,3,0,2,0,2,0,43,0,2,Matches
612,Nouhou Tolo,DF,cm Cameroon,24,1997,3.0,109,89,19,1,0,2,7,18,0,0,0,0,83,1,2,Matches
613,Takehiro Tomiyasu,"DF,MF",jp Japan,23,1998,2.1,103,91,12,5,0,0,0,7,0,0,0,0,73,0,0,Matches
614,Mehdi Torabi,MF,ir IR Iran,27,1994,0.7,37,36,1,0,1,0,1,1,0,0,0,0,30,0,1,Matches
615,Félix Torres Caicedo,DF,ec Ecuador,25,1997,3.0,208,196,10,10,0,1,0,0,0,0,0,0,168,2,3,Matches
616,Ferrán Torres,FW,es Spain,22,2000,2.4,85,85,0,0,0,0,9,0,0,0,0,0,59,0,7,Matches
617,Gerson Torres,MF,cr Costa Rica,24,1997,0.7,16,14,2,2,0,0,0,0,0,0,0,0,16,0,0,Matches
618,Pau Torres,DF,es Spain,25,1997,1.0,191,189,1,0,1,2,0,1,0,0,0,0,174,1,1,Matches
619,Kieran Trippier,DF,eng England,31,1990,2.3,195,156,39,9,0,1,10,22,8,2,6,0,165,0,3,Matches
620,Leandro Trossard,"FW,MF",be Belgium,27,1994,1.1,57,56,1,0,0,1,2,1,0,0,0,0,43,0,2,Matches
621,Matt Turner,GK,us United States,27,1994,4.0,128,98,30,10,0,0,0,0,0,0,0,0,101,0,0,Matches
622,Ayase Ueda,FW,jp Japan,23,1998,0.5,12,12,0,0,1,0,0,0,0,0,0,0,7,0,0,Matches
623,Hwang Ui-jo,"FW,MF",kr Korea Republic,29,1992,1.2,11,10,1,0,0,0,0,0,0,0,0,0,9,0,0,Matches
624,Dayot Upamecano,DF,fr France,23,1998,5.3,351,344,5,4,0,7,0,1,0,0,0,0,314,2,3,Matches
625,Enner Valencia,"FW,MF",ec Ecuador,32,1989,2.8,57,54,3,0,0,0,3,1,0,0,0,0,40,0,5,Matches
626,Federico Valverde,MF,uy Uruguay,23,1998,3.0,189,175,13,8,1,3,7,1,4,0,3,0,159,1,1,Matches
627,Virgil van Dijk,DF,nl Netherlands,30,1991,5.3,356,336,19,19,1,4,0,0,0,0,0,0,311,1,0,Matches
628,Raphaël Varane,DF,fr France,29,1993,5.8,286,278,8,7,0,0,1,1,0,0,0,0,256,0,0,Matches
629,Guillermo Varela,DF,uy Uruguay,29,1993,2.0,92,72,20,2,0,1,7,18,0,0,0,0,62,0,2,Matches
630,Ruben Vargas,FW,ch Switzerland,23,1998,3.2,117,103,14,0,0,0,15,6,8,7,0,0,80,0,7,Matches
631,Matías Vecino,MF,uy Uruguay,30,1991,2.2,106,105,1,1,0,1,1,0,0,0,0,0,76,0,5,Matches
632,Alexis Vega,FW,mx Mexico,24,1997,2.1,56,50,6,2,2,0,6,0,4,0,3,0,40,0,2,Matches
633,Miloš Veljković,DF,rs Serbia,26,1995,2.5,112,111,1,1,0,5,0,0,0,0,0,0,98,0,3,Matches
634,Johan Venegas,"FW,MF",cr Costa Rica,33,1988,0.8,14,13,1,0,0,0,1,0,0,0,0,0,11,0,0,Matches
635,Jordan Veretout,MF,fr France,29,1993,0.7,36,35,1,1,0,0,0,0,0,0,0,0,33,0,1,Matches
636,Jan Vertonghen,DF,be Belgium,35,1987,3.0,269,263,6,5,0,2,0,1,0,0,0,0,238,0,4,Matches
637,Matías Viña,DF,uy Uruguay,24,1997,0.2,21,17,4,1,0,1,2,3,0,0,0,0,11,0,2,Matches
638,Vitinha,MF,pt Portugal,22,2000,1.3,108,104,3,1,0,1,2,1,1,0,1,0,100,1,0,Matches
639,Steven Vitória,DF,ca Canada,35,1987,3.0,186,182,4,4,0,3,0,0,0,0,0,0,160,0,2,Matches
640,Dušan Vlahović,FW,rs Serbia,22,2000,0.9,11,11,0,0,0,0,0,0,0,0,0,0,6,0,0,Matches
641,Nikola Vlašić,"FW,MF",hr Croatia,24,1997,2.3,55,55,0,0,0,0,4,0,0,0,0,0,45,0,2,Matches
642,Mohammed Waad,"MF,DF",qa Qatar,22,1999,0.3,12,12,0,0,0,0,1,0,0,0,0,0,9,0,1,Matches
643,Kyle Walker,DF,eng England,32,1990,2.6,181,154,27,6,0,4,2,21,0,0,0,0,162,0,0,Matches
644,Danny Ward,GK,wls Wales,28,1993,1.0,39,25,14,5,0,0,0,0,0,0,0,0,24,0,0,Matches
645,Kendall Waston,DF,cr Costa Rica,34,1988,2.5,71,69,2,2,0,0,0,0,0,0,0,0,57,0,0,Matches
646,Timothy Weah,FW,us United States,22,2000,3.5,108,107,1,0,0,1,8,1,0,0,0,0,90,0,4,Matches
647,Wout Weghorst,FW,nl Netherlands,29,1992,0.7,15,15,0,0,0,0,0,0,0,0,0,0,9,0,0,Matches
648,Wéverton,GK,br Brazil,34,1987,0.1,5,2,3,1,0,0,0,0,0,0,0,0,3,0,0,Matches
649,Silvan Widmer,DF,ch Switzerland,29,1993,2.9,169,137,31,3,0,0,2,28,0,0,0,0,127,1,4,Matches
650,Iñaki Williams,FW,gh Ghana,27,1994,3.0,42,41,1,0,0,0,1,0,0,0,0,0,29,0,3,Matches
651,Neco Williams,DF,wls Wales,21,2001,2.3,101,75,26,0,0,2,5,26,0,0,0,0,69,0,5,Matches
652,Nico Williams,FW,es Spain,19,2002,1.6,63,60,2,0,1,0,6,2,0,0,0,0,50,1,2,Matches
653,Callum Wilson,FW,eng England,30,1992,0.5,10,9,1,0,0,0,0,0,0,0,0,0,9,0,0,Matches
654,Harry Wilson,"MF,FW",wls Wales,25,1997,1.8,64,56,8,4,1,1,9,0,4,4,0,0,48,0,1,Matches
655,Roan Wilson,MF,cr Costa Rica,20,2002,0.0,4,4,0,0,0,0,0,0,0,0,0,0,4,0,0,Matches
656,Axel Witsel,MF,be Belgium,33,1989,3.0,177,161,16,15,0,0,0,1,0,0,0,0,169,0,1,Matches
657,Jeong Woo-yeong,MF,kr Korea Republic,22,1999,0.5,15,13,1,0,0,0,1,0,0,0,0,0,12,1,0,Matches
658,Jung Woo-young,MF,kr Korea Republic,32,1989,3.4,211,208,1,1,0,5,1,0,0,0,0,0,178,2,3,Matches
659,Christopher Wooh,DF,cm Cameroon,20,2001,1.0,31,27,4,4,0,0,0,0,0,0,0,0,25,0,0,Matches
660,David Wotherspoon,MF,ca Canada,32,1990,0.2,7,7,0,0,0,0,1,0,0,0,0,0,4,0,0,Matches
661,Bailey Wright,DF,au Australia,29,1992,0.2,3,3,0,0,0,0,0,0,0,0,0,0,1,0,0,Matches
662,Haji Wright,FW,us United States,24,1998,1.5,27,24,3,0,0,0,1,0,0,0,0,0,20,0,1,Matches
663,Granit Xhaka,MF,ch Switzerland,29,1992,4.0,243,230,13,11,0,1,0,1,1,0,0,0,215,0,1,Matches
664,Miki Yamane,"DF,MF",jp Japan,28,1993,0.7,33,28,5,0,0,0,2,5,0,0,0,0,24,0,2,Matches
665,Jawad El Yamiq,DF,ma Morocco,30,1992,3.4,164,158,6,4,0,2,0,2,0,0,0,0,146,0,1,Matches
666,Taha Yassine Khenissi,FW,tn Tunisia,30,1992,0.3,6,6,0,0,0,0,0,0,0,0,0,0,2,0,2,Matches
667,DeAndre Yedlin,DF,us United States,28,1993,0.4,28,23,5,0,0,0,4,5,0,0,0,0,19,0,0,Matches
668,Maya Yoshida,DF,jp Japan,33,1988,4.3,232,227,5,4,0,1,0,0,0,0,0,0,198,0,0,Matches
669,Kim Young-gwon,DF,kr Korea Republic,32,1990,3.9,209,201,7,7,0,7,1,0,0,0,0,0,178,1,0,Matches
670,Cho Yumin,FW,kr Korea Republic,25,1996,0.0,0,0,0,0,0,0,0,0,0,0,0,0,0,0,0,Matches
671,Denis Zakaria,MF,ch Switzerland,25,1996,0.7,23,21,2,2,0,0,0,0,0,0,0,0,20,0,0,Matches
672,Nicola Zalewski,MF,pl Poland,20,2002,0.7,17,16,1,1,0,0,1,0,0,0,0,0,15,0,0,Matches
673,Andre-Frank Zambo Anguissa,MF,cm Cameroon,26,1995,2.9,130,127,3,2,0,0,2,1,0,0,0,0,113,0,1,Matches
674,Álvaro Zamora,MF,cr Costa Rica,20,2002,0.3,5,5,0,0,0,0,0,0,0,0,0,0,5,0,0,Matches
675,Anass Zaroury,FW,ma Morocco,21,2000,0.3,13,13,0,0,0,0,3,0,0,0,0,0,8,0,1,Matches
676,Piotr Zieliński,"MF,FW",pl Poland,28,1994,3.6,153,128,25,8,0,3,16,0,9,3,6,0,124,0,1,Matches
677,Walker Zimmerman,DF,us United States,29,1993,3.1,244,239,4,3,0,0,0,1,0,0,0,0,217,1,3,Matches
678,Andrija Živković,DF,rs Serbia,25,1996,2.3,96,78,17,1,2,0,8,16,0,0,0,0,71,1,2,Matches
679,Hakim Ziyech,FW,ma Morocco,29,1993,7.1,306,260,42,24,0,15,30,7,11,5,2,0,211,4,8,Matches
680,Filip Đuričić,"MF,FW",rs Serbia,30,1992,0.2,6,5,1,0,0,0,0,1,0,0,0,0,5,0,0,Matches
