Rk,Player,Pos,Squad,Age,Born,90s,SCA,SCA90,PassLive,PassDead,Drib,Sh,Fld,Def,GCA,GCA90,PassLive,PassDead,Drib,Sh,Fld,Def,Matches
1,Brenden Aaronson,MF,us United States,21,2000,1.2,3,2.50,3,0,0,0,0,0,0,0.00,0,0,0,0,0,0,Matches
2,Ali Abdi,DF,tn Tunisia,28,1993,2.1,3,1.44,1,2,0,0,0,0,0,0.00,0,0,0,0,0,0,Matches
3,Salis Abdul Samed,MF,gh Ghana,22,2000,2.8,4,1.44,4,0,0,0,0,0,0,0.00,0,0,0,0,0,0,Matches
4,Saud Abdulhamid,"DF,MF",sa Saudi Arabia,22,1999,3.0,8,2.67,6,0,0,1,1,0,0,0.00,0,0,0,0,0,0,Matches
5,Nawaf Al Abed,MF,sa Saudi Arabia,32,1990,1.0,3,3.10,1,1,0,1,0,0,1,1.03,0,0,0,1,0,0,Matches
6,Pape Abou Cissé,DF,sn Senegal,26,1995,1.2,1,0.86,1,0,0,0,0,0,0,0.00,0,0,0,0,0,0,Matches
7,Vincent Aboubakar,FW,cm Cameroon,30,1992,1.6,7,4.44,2,0,4,1,0,0,2,1.27,1,0,1,0,0,0,Matches
8,Abdulrahman Al-Aboud,"MF,DF",sa Saudi Arabia,27,1995,0.4,1,2.57,1,0,0,0,0,0,0,0.00,0,0,0,0,0,0,Matches
9,Zakaria Aboukhlal,"FW,MF",ma Morocco,22,2000,0.9,1,1.17,1,0,0,0,0,0,0,0.00,0,0,0,0,0,0,Matches
10,Kellyn Acosta,MF,us United States,26,1995,0.5,1,2.14,1,0,0,0,0,0,0,0.00,0,0,0,0,0,0,Matches
11,Marcos Acuña,"DF,FW",ar Argentina,30,1991,4.1,7,1.84,4,2,0,0,1,0,1,0.26,0,0,0,0,1,0,Matches
12,Tyler Adams,MF,us United States,23,1999,4.0,3,0.75,3,0,0,0,0,0,0,0.00,0,0,0,0,0,0,Matches
13,Sam Adekugbe,DF,ca Canada,27,1995,1.1,2,1.89,2,0,0,0,0,0,0,0.00,0,0,0,0,0,0,Matches
14,Michel Aebischer,"MF,FW",ch Switzerland,25,1997,0.2,0,0.00,0,0,0,0,0,0,0,0.00,0,0,0,0,0,0,Matches
15,Akram Afif,FW,qa Qatar,25,1996,3.0,7,2.33,6,1,0,0,0,0,0,0.00,0,0,0,0,0,0,Matches
16,Nayef Aguerd,DF,ma Morocco,26,1996,3.9,3,0.76,3,0,0,0,0,0,1,0.25,1,0,0,0,0,0,Matches
17,Brandon Aguilera,MF,cr Costa Rica,18,2003,1.0,0,0.00,0,0,0,0,0,0,0,0.00,0,0,0,0,0,0,Matches
18,Homam Ahmed,DF,qa Qatar,22,1999,2.9,3,1.03,2,1,0,0,0,0,0,0.00,0,0,0,0,0,0,Matches
19,Manuel Akanji,DF,ch Switzerland,26,1995,4.0,2,0.50,1,1,0,0,0,0,0,0.00,0,0,0,0,0,0,Matches
20,Nathan Aké,DF,nl Netherlands,27,1995,5.3,1,0.20,1,0,0,0,0,0,0,0.00,0,0,0,0,0,0,Matches
21,Ahmed Alaaeldin,FW,qa Qatar,29,1993,0.1,0,0.00,0,0,0,0,0,0,0,0.00,0,0,0,0,0,0,Matches
22,Jordi Alba,DF,es Spain,33,1989,2.9,11,3.75,9,1,0,0,1,0,4,1.36,3,0,0,0,1,0,Matches
23,Toby Alderweireld,DF,be Belgium,33,1989,3.0,3,1.00,3,0,0,0,0,0,1,0.33,1,0,0,0,0,0,Matches
24,Trent Alexander-Arnold,DF,eng England,23,1998,0.4,0,0.00,0,0,0,0,0,0,0,0.00,0,0,0,0,0,0,Matches
25,Almoez Ali,FW,qa Qatar,25,1996,2.5,0,0.00,0,0,0,0,0,0,0,0.00,0,0,0,0,0,0,Matches
26,Alisson,GK,br Brazil,29,1992,4.2,0,0.00,0,0,0,0,0,0,0,0.00,0,0,0,0,0,0,Matches
27,Joe Allen,MF,wls Wales,32,1990,1.0,1,0.96,1,0,0,0,0,0,0,0.00,0,0,0,0,0,0,Matches
28,Thiago Almada,MF,ar Argentina,21,2001,0.1,1,12.86,1,0,0,0,0,0,0,0.00,0,0,0,0,0,0,Matches
29,Roberto Alvarado,FW,mx Mexico,23,1998,0.2,0,0.00,0,0,0,0,0,0,0,0.00,0,0,0,0,0,0,Matches
30,Edson Álvarez,MF,mx Mexico,24,1997,1.9,4,2.06,4,0,0,0,0,0,0,0.00,0,0,0,0,0,0,Matches
31,Julián Álvarez,FW,ar Argentina,22,2000,5.2,10,1.94,7,0,0,2,1,0,2,0.39,1,0,0,0,1,0,Matches
32,Kevin Álvarez,DF,mx Mexico,23,1999,0.8,1,1.29,0,0,1,0,0,0,0,0.00,0,0,0,0,0,0,Matches
33,Dani Alves,DF,br Brazil,39,1983,1.3,4,3.05,3,0,0,1,0,0,0,0.00,0,0,0,0,0,0,Matches
34,Selim Amallah,MF,ma Morocco,25,1996,4.5,8,1.76,6,0,0,0,2,0,0,0.00,0,0,0,0,0,0,Matches
35,Daniel Amartey,DF,gh Ghana,27,1994,2.8,3,1.00,3,0,0,0,0,0,0,0.00,0,0,0,0,0,0,Matches
36,Ethan Ampadu,"MF,DF",wls Wales,21,2000,2.8,4,1.41,3,0,0,0,0,1,0,0.00,0,0,0,0,0,0,Matches
37,Sofyan Amrabat,MF,ma Morocco,25,1996,7.3,6,0.86,5,1,0,0,0,0,0,0.00,0,0,0,0,0,0,Matches
38,Abdulelah Al-Amri,DF,sa Saudi Arabia,25,1997,2.0,0,0.00,0,0,0,0,0,0,0,0.00,0,0,0,0,0,0,Matches
39,Joachim Andersen,DF,dk Denmark,26,1996,3.0,5,1.67,4,0,0,1,0,0,1,0.33,0,0,0,1,0,0,Matches
40,Karim Ansarifard,"FW,MF",ir IR Iran,32,1990,0.4,3,7.50,2,0,0,1,0,0,0,0.00,0,0,0,0,0,0,Matches
41,Antony,FW,br Brazil,22,2000,1.9,7,4.44,5,1,0,0,1,0,0,0.00,0,0,0,0,0,0,Matches
42,Uriel Antuna,"FW,MF",mx Mexico,24,1997,0.9,1,1.17,1,0,0,0,0,0,0,0.00,0,0,0,0,0,0,Matches
43,Néstor Araujo,DF,mx Mexico,30,1991,1.0,0,0.00,0,0,0,0,0,0,0,0.00,0,0,0,0,0,0,Matches
44,Takuma Asano,FW,jp Japan,27,1994,1.8,3,2.00,2,0,0,1,0,0,0,0.00,0,0,0,0,0,0,Matches
45,Marco Asensio,FW,es Spain,26,1996,2.5,2,0.79,1,1,0,0,0,0,0,0.00,0,0,0,0,0,0,Matches
46,Ali Assadalla,MF,qa Qatar,29,1993,0.3,1,3.33,1,0,0,0,0,0,0,0.00,0,0,0,0,0,0,Matches
47,Lawrence Ati-Zigi,GK,gh Ghana,25,1996,3.0,0,0.00,0,0,0,0,0,0,0,0.00,0,0,0,0,0,0,Matches
48,Nathaniel Atkinson,DF,au Australia,23,1999,0.9,0,0.00,0,0,0,0,0,0,0,0.00,0,0,0,0,0,0,Matches
49,Yahya Attiat Allah,DF,ma Morocco,27,1995,3.5,7,2.18,6,0,0,0,1,0,2,0.62,1,0,0,0,1,0,Matches
50,André Ayew,"MF,FW",gh Ghana,32,1989,2.2,0,0.00,0,0,0,0,0,0,0,0.00,0,0,0,0,0,0,Matches
51,Jordan Ayew,FW,gh Ghana,30,1991,1.5,7,4.63,3,2,0,1,1,0,2,1.32,1,0,0,0,1,0,Matches
52,Sardar Azmoun,FW,ir IR Iran,27,1995,1.4,3,2.14,2,0,0,1,0,0,0,0.00,0,0,0,0,0,0,Matches
53,César Azpilicueta,DF,es Spain,32,1989,1.5,4,2.67,4,0,0,0,0,0,1,0.67,1,0,0,0,0,0,Matches
54,Srđan Babić,DF,rs Serbia,26,1996,0.1,0,0.00,0,0,0,0,0,0,0,0.00,0,0,0,0,0,0,Matches
55,Keanu Baccus,MF,au Australia,24,1998,1.3,0,0.00,0,0,0,0,0,0,0,0.00,0,0,0,0,0,0,Matches
56,Alexander Bah,DF,dk Denmark,24,1997,0.5,4,7.83,3,0,0,1,0,0,0,0.00,0,0,0,0,0,0,Matches
57,Hattan Bahebri,MF,sa Saudi Arabia,29,1992,0.0,1,22.50,1,0,0,0,0,0,1,22.50,1,0,0,0,0,0,Matches
58,Alejandro Balde,DF,es Spain,18,2003,1.4,2,1.75,1,0,0,0,1,0,1,0.87,1,0,0,0,0,0,Matches
59,Gareth Bale,FW,wls Wales,32,1989,2.5,4,1.60,3,0,0,0,1,0,1,0.40,0,0,0,0,1,0,Matches
60,Fodé Ballo-Touré,DF,sn Senegal,25,1997,0.1,0,0.00,0,0,0,0,0,0,0,0.00,0,0,0,0,0,0,Matches
61,Badr Banoun,DF,ma Morocco,28,1993,0.6,0,0.00,0,0,0,0,0,0,0,0.00,0,0,0,0,0,0,Matches
62,Borna Barišić,DF,hr Croatia,29,1992,1.3,2,2.00,2,0,0,0,0,0,0,0.00,0,0,0,0,0,0,Matches
63,Meshaal Barsham,GK,qa Qatar,24,1998,2.0,1,0.50,1,0,0,0,0,0,0,0.00,0,0,0,0,0,0,Matches
64,Christian Bassogog,MF,cm Cameroon,26,1995,0.3,0,0.00,0,0,0,0,0,0,0,0.00,0,0,0,0,0,0,Matches
65,Michy Batshuayi,FW,be Belgium,28,1993,1.7,2,1.19,2,0,0,0,0,0,0,0.00,0,0,0,0,0,0,Matches
66,Jan Bednarek,DF,pl Poland,26,1996,0.1,0,0.00,0,0,0,0,0,0,0,0.00,0,0,0,0,0,0,Matches
67,Aziz Behich,DF,au Australia,31,1990,4.0,6,1.50,2,1,2,1,0,0,0,0.00,0,0,0,0,0,0,Matches
68,Alireza Beiranvand,GK,ir IR Iran,29,1992,1.2,0,0.00,0,0,0,0,0,0,0,0.00,0,0,0,0,0,0,Matches
69,Jude Bellingham,MF,eng England,18,2003,4.6,17,3.70,12,0,2,3,0,0,6,1.31,5,0,1,0,0,0,Matches
70,Anis Ben Slimane,MF,tn Tunisia,21,2001,1.6,7,4.26,5,2,0,0,0,0,0,0.00,0,0,0,0,0,0,Matches
71,Jewison Bennette,MF,cr Costa Rica,17,2004,1.1,0,0.00,0,0,0,0,0,0,0,0.00,0,0,0,0,0,0,Matches
72,Rodrigo Bentancur,MF,uy Uruguay,24,1997,2.4,8,3.38,7,0,1,0,0,0,0,0.00,0,0,0,0,0,0,Matches
73,Bartosz Bereszyński,DF,pl Poland,29,1992,3.8,1,0.26,0,0,1,0,0,0,0,0.00,0,0,0,0,0,0,Matches
74,Steven Berghuis,MF,nl Netherlands,30,1991,2.2,3,1.59,2,1,0,0,0,0,1,0.53,1,0,0,0,0,0,Matches
75,Steven Bergwijn,FW,nl Netherlands,24,1997,2.4,2,0.85,2,0,0,0,0,0,0,0.00,0,0,0,0,0,0,Matches
76,Krystian Bielik,MF,pl Poland,24,1998,2.4,1,0.42,1,0,0,0,0,0,0,0.00,0,0,0,0,0,0,Matches
77,Daley Blind,DF,nl Netherlands,32,1990,4.7,4,0.85,3,0,0,1,0,0,1,0.21,1,0,0,0,0,0,Matches
78,Celso Borges,MF,cr Costa Rica,34,1988,2.8,1,0.36,1,0,0,0,0,0,0,0.00,0,0,0,0,0,0,Matches
79,Milan Borjan,GK,ca Canada,34,1987,3.0,1,0.33,1,0,0,0,0,0,0,0.00,0,0,0,0,0,0,Matches
80,Karim Boudiaf,MF,qa Qatar,31,1990,2.1,3,1.46,3,0,0,0,0,0,0,0.00,0,0,0,0,0,0,Matches
81,Sofiane Boufal,FW,ma Morocco,28,1993,5.3,15,2.84,12,0,1,1,1,0,0,0.00,0,0,0,0,0,0,Matches
82,Yassine Bounou,GK,ma Morocco,31,1991,6.3,0,0.00,0,0,0,0,0,0,0,0.00,0,0,0,0,0,0,Matches
83,Martin Braithwaite,"FW,MF",dk Denmark,31,1991,1.1,3,2.62,3,0,0,0,0,0,0,0.00,0,0,0,0,0,0,Matches
84,Mohammed Al-Breik,DF,sa Saudi Arabia,29,1992,0.7,1,1.38,1,0,0,0,0,0,0,0.00,0,0,0,0,0,0,Matches
85,Gleison Bremer,DF,br Brazil,25,1997,1.2,1,0.83,1,0,0,0,0,0,0,0.00,0,0,0,0,0,0,Matches
86,Dylan Bronn,DF,tn Tunisia,26,1995,1.8,2,1.11,2,0,0,0,0,0,0,0.00,0,0,0,0,0,0,Matches
87,Marcelo Brozović,MF,hr Croatia,29,1992,6.1,10,1.72,10,0,0,0,0,0,1,0.17,1,0,0,0,0,0,Matches
88,Tajon Buchanan,"MF,DF",ca Canada,23,1999,2.9,9,3.12,7,0,0,1,1,0,1,0.35,1,0,0,0,0,0,Matches
89,Ante Budimir,FW,hr Croatia,30,1991,0.6,1,2.05,0,0,0,0,0,1,0,0.00,0,0,0,0,0,0,Matches
90,Osman Bukari,MF,gh Ghana,23,1998,0.7,1,1.53,1,0,0,0,0,0,0,0.00,0,0,0,0,0,0,Matches
91,Ali Al-Bulaihi,DF,sa Saudi Arabia,32,1989,2.4,0,0.00,0,0,0,0,0,0,0,0.00,0,0,0,0,0,0,Matches
92,Firas Al-Buraikan,"MF,FW",sa Saudi Arabia,22,2000,3.0,2,0.67,1,0,0,0,1,0,0,0.00,0,0,0,0,0,0,Matches
93,Sergio Busquets,MF,es Spain,33,1988,4.0,11,2.97,11,0,0,0,0,0,1,0.27,1,0,0,0,0,0,Matches
94,Martín Cáceres,DF,uy Uruguay,35,1987,1.0,1,1.00,1,0,0,0,0,0,0,0.00,0,0,0,0,0,0,Matches
95,Moisés Caicedo,MF,ec Ecuador,20,2001,3.0,5,1.67,4,0,0,0,1,0,1,0.33,1,0,0,0,0,0,Matches
96,Francisco Calvo,DF,cr Costa Rica,29,1992,2.0,1,0.50,0,0,0,1,0,0,0,0.00,0,0,0,0,0,0,Matches
97,Eduardo Camavinga,DF,fr France,19,2002,1.6,2,1.64,1,0,0,0,0,1,0,0.00,0,0,0,0,0,0,Matches
98,Joel Campbell,"FW,MF",cr Costa Rica,29,1992,3.0,3,1.00,2,1,0,0,0,0,0,0.00,0,0,0,0,0,0,Matches
99,João Cancelo,DF,pt Portugal,28,1994,3.4,2,0.58,2,0,0,0,0,0,0,0.00,0,0,0,0,0,0,Matches
100,Agustín Canobbio,MF,uy Uruguay,23,1998,0.1,0,0.00,0,0,0,0,0,0,0,0.00,0,0,0,0,0,0,Matches
101,Yannick Carrasco,"FW,DF",be Belgium,28,1993,1.3,4,3.10,2,0,1,1,0,0,0,0.00,0,0,0,0,0,0,Matches
102,Cameron Carter-Vickers,DF,us United States,24,1997,1.0,2,2.00,2,0,0,0,0,0,0,0.00,0,0,0,0,0,0,Matches
103,Dani Carvajal,DF,es Spain,30,1992,1.5,1,0.67,1,0,0,0,0,0,0,0.00,0,0,0,0,0,0,Matches
104,William Carvalho,MF,pt Portugal,30,1992,2.4,1,0.42,1,0,0,0,0,0,1,0.42,1,0,0,0,0,0,Matches
105,Casemiro,MF,br Brazil,30,1992,4.3,9,2.25,9,0,0,0,0,0,0,0.00,0,0,0,0,0,0,Matches
106,Matty Cash,DF,pl Poland,24,1997,4.0,4,1.00,4,0,0,0,0,0,0,0.00,0,0,0,0,0,0,Matches
107,Timothy Castagne,DF,be Belgium,26,1995,3.0,1,0.33,1,0,0,0,0,0,0,0.00,0,0,0,0,0,0,Matches
108,Jean-Charles Castelletto,DF,cm Cameroon,27,1995,2.0,1,0.50,1,0,0,0,0,0,1,0.50,1,0,0,0,0,0,Matches
109,Lucas Cavallini,FW,ca Canada,29,1992,0.2,0,0.00,0,0,0,0,0,0,0,0.00,0,0,0,0,0,0,Matches
110,Edinson Cavani,FW,uy Uruguay,35,1987,1.4,5,3.63,5,0,0,0,0,0,0,0.00,0,0,0,0,0,0,Matches
111,Ghaylène Chaalali,MF,tn Tunisia,28,1994,0.2,0,0.00,0,0,0,0,0,0,0,0.00,0,0,0,0,0,0,Matches
112,Daniel Chacón,MF,cr Costa Rica,21,2001,0.0,0,0.00,0,0,0,0,0,0,0,0.00,0,0,0,0,0,0,Matches
113,Ilias Chair,MF,ma Morocco,24,1997,0.5,1,2.00,1,0,0,0,0,0,0,0.00,0,0,0,0,0,0,Matches
114,Kwon Chang-hoon,"FW,MF",kr Korea Republic,27,1994,0.6,2,3.21,2,0,0,0,0,0,0,0.00,0,0,0,0,0,0,Matches
115,Luis Chávez,MF,mx Mexico,26,1996,3.0,14,4.67,7,3,1,2,1,0,1,0.33,0,1,0,0,0,0,Matches
116,Walid Cheddira,FW,ma Morocco,24,1998,0.7,0,0.00,0,0,0,0,0,0,0,0.00,0,0,0,0,0,0,Matches
117,Roozbeh Cheshmi,"DF,MF",ir IR Iran,28,1993,0.6,0,0.00,0,0,0,0,0,0,0,0.00,0,0,0,0,0,0,Matches
118,Andreas Christensen,DF,dk Denmark,26,1996,3.0,2,0.67,1,0,0,1,0,0,0,0.00,0,0,0,0,0,0,Matches
119,Hong Chul,DF,kr Korea Republic,31,1990,0.5,1,2.00,1,0,0,0,0,0,0,0.00,0,0,0,0,0,0,Matches
120,José Cifuentes,MF,ec Ecuador,23,1999,0.7,0,0.00,0,0,0,0,0,0,0,0.00,0,0,0,0,0,0,Matches
121,Pathé Ciss,MF,sn Senegal,28,1994,1.6,1,0.62,1,0,0,0,0,0,0,0.00,0,0,0,0,0,0,Matches
122,Sebastián Coates,DF,uy Uruguay,31,1990,2.0,1,0.50,1,0,0,0,0,0,0,0.00,0,0,0,0,0,0,Matches
123,Rubin Colwill,MF,wls Wales,20,2002,0.1,2,18.00,2,0,0,0,0,0,0,0.00,0,0,0,0,0,0,Matches
124,Kingsley Coman,"FW,MF",fr France,26,1996,1.9,4,2.59,1,1,2,0,0,0,0,0.00,0,0,0,0,0,0,Matches
125,Eray Cömert,DF,ch Switzerland,24,1998,0.5,1,1.96,1,0,0,0,0,0,0,0.00,0,0,0,0,0,0,Matches
126,Anthony Contreras,"FW,MF",cr Costa Rica,22,2000,1.4,1,0.72,1,0,0,0,0,0,0,0.00,0,0,0,0,0,0,Matches
127,Andreas Cornelius,FW,dk Denmark,29,1993,1.0,5,4.89,4,0,1,0,0,0,0,0.00,0,0,0,0,0,0,Matches
128,Ángel Correa,MF,ar Argentina,27,1995,0.1,0,0.00,0,0,0,0,0,0,0,0.00,0,0,0,0,0,0,Matches
129,Diogo Costa,GK,pt Portugal,22,1999,5.0,1,0.20,1,0,0,0,0,0,0,0.00,0,0,0,0,0,0,Matches
130,Thibaut Courtois,GK,be Belgium,30,1992,3.0,1,0.33,0,1,0,0,0,0,0,0.00,0,0,0,0,0,0,Matches
131,Jason Cummings,FW,au Australia,26,1995,0.4,0,0.00,0,0,0,0,0,0,0,0.00,0,0,0,0,0,0,Matches
132,Aimen Dahmen,GK,tn Tunisia,25,1997,3.0,0,0.00,0,0,0,0,0,0,0,0.00,0,0,0,0,0,0,Matches
133,Diogo Dalot,DF,pt Portugal,23,1999,2.9,9,3.14,5,1,1,1,1,0,2,0.70,1,0,1,0,0,0,Matches
134,Mikkel Damsgaard,"MF,FW",dk Denmark,21,2000,1.7,3,1.80,3,0,0,0,0,0,0,0.00,0,0,0,0,0,0,Matches
135,Danilo,DF,br Brazil,30,1991,3.1,8,2.87,8,0,0,0,0,0,0,0.00,0,0,0,0,0,0,Matches
136,Achraf Dari,DF,ma Morocco,23,1999,2.1,0,0.00,0,0,0,0,0,0,0,0.00,0,0,0,0,0,0,Matches
137,Jonathan David,"FW,MF",ca Canada,22,2000,2.1,1,0.47,0,0,0,1,0,0,0,0.00,0,0,0,0,0,0,Matches
138,Alphonso Davies,"MF,DF",ca Canada,21,2000,3.0,8,2.67,6,0,0,1,1,0,0,0.00,0,0,0,0,0,0,Matches
139,Ben Davies,DF,wls Wales,29,1993,2.6,4,1.51,3,0,0,1,0,0,0,0.00,0,0,0,0,0,0,Matches
140,Nasser Al-Dawsari,FW,sa Saudi Arabia,23,1998,0.1,1,18.00,1,0,0,0,0,0,0,0.00,0,0,0,0,0,0,Matches
141,Salem Al-Dawsari,MF,sa Saudi Arabia,30,1991,3.0,15,5.00,10,1,1,2,1,0,1,0.33,1,0,0,0,0,0,Matches
142,Giorgian De Arrascaeta,MF,uy Uruguay,28,1994,1.2,4,3.33,3,1,0,0,0,0,0,0.00,0,0,0,0,0,0,Matches
143,Kevin De Bruyne,"FW,MF",be Belgium,30,1991,3.0,11,3.67,6,3,0,1,1,0,0,0.00,0,0,0,0,0,0,Matches
144,Charles De Ketelaere,FW,be Belgium,21,2001,0.2,0,0.00,0,0,0,0,0,0,0,0.00,0,0,0,0,0,0,Matches
145,Nicolás De La Cruz,MF,uy Uruguay,25,1997,0.4,2,4.86,2,0,0,0,0,0,0,0.00,0,0,0,0,0,0,Matches
146,Rodrigo De Paul,MF,ar Argentina,28,1994,6.7,19,2.85,17,0,0,1,0,1,0,0.00,0,0,0,0,0,0,Matches
147,Miloš Degenek,DF,au Australia,28,1994,2.0,0,0.00,0,0,0,0,0,0,0,0.00,0,0,0,0,0,0,Matches
148,Thomas Delaney,MF,dk Denmark,30,1991,0.5,0,0.00,0,0,0,0,0,0,0,0.00,0,0,0,0,0,0,Matches
149,Ousmane Dembélé,FW,fr France,25,1997,4.8,17,3.53,16,0,0,0,1,0,3,0.62,3,0,0,0,0,0,Matches
150,Leander Dendoncker,"DF,MF",be Belgium,27,1995,1.8,3,1.68,3,0,0,0,0,0,0,0.00,0,0,0,0,0,0,Matches
151,Sergiño Dest,DF,us United States,21,2000,3.4,7,2.07,4,1,2,0,0,0,1,0.30,1,0,0,0,0,0,Matches
152,Ángel Di María,"MF,FW",ar Argentina,34,1988,3.2,21,6.77,16,3,1,0,1,0,4,1.29,2,0,1,0,1,0,Matches
153,Boulaye Dia,FW,sn Senegal,25,1996,3.5,5,1.42,4,0,0,1,0,0,1,0.28,1,0,0,0,0,0,Matches
154,Abdou Diallo,DF,sn Senegal,26,1996,3.7,2,0.54,2,0,0,0,0,0,1,0.27,1,0,0,0,0,0,Matches
155,Rúben Dias,DF,pt Portugal,25,1997,4.0,2,0.50,1,0,0,0,0,1,0,0.00,0,0,0,0,0,0,Matches
156,Krépin Diatta,"FW,MF",sn Senegal,23,1999,2.0,4,1.99,3,0,0,1,0,0,0,0.00,0,0,0,0,0,0,Matches
157,Famara Diedhiou,FW,sn Senegal,29,1992,1.0,3,2.93,3,0,0,0,0,0,0,0.00,0,0,0,0,0,0,Matches
158,Bamba Dieng,FW,sn Senegal,22,2000,1.1,4,3.60,1,0,0,0,3,0,0,0.00,0,0,0,0,0,0,Matches
159,Eric Dier,DF,eng England,28,1994,0.4,0,0.00,0,0,0,0,0,0,0,0.00,0,0,0,0,0,0,Matches
160,Axel Disasi,DF,fr France,24,1998,1.0,0,0.00,0,0,0,0,0,0,0,0.00,0,0,0,0,0,0,Matches
161,Alexander Djiku,"DF,FW",gh Ghana,27,1994,1.1,1,0.93,1,0,0,0,0,0,1,0.93,1,0,0,0,0,0,Matches
162,Ritsu Doan,FW,jp Japan,23,1998,2.4,5,2.07,4,1,0,0,0,0,2,0.83,2,0,0,0,0,0,Matches
163,Jeremy Doku,"MF,FW",be Belgium,20,2002,0.2,3,14.21,3,0,0,0,0,0,0,0.00,0,0,0,0,0,0,Matches
164,Kasper Dolberg,FW,dk Denmark,24,1997,1.3,2,1.58,1,0,0,1,0,0,0,0.00,0,0,0,0,0,0,Matches
165,Mohamed Dräger,DF,tn Tunisia,25,1996,1.5,6,4.09,3,1,0,2,0,0,0,0.00,0,0,0,0,0,0,Matches
166,Óscar Duarte,DF,cr Costa Rica,33,1989,3.0,1,0.33,1,0,0,0,0,0,0,0.00,0,0,0,0,0,0,Matches
167,Mitchell Duke,FW,au Australia,31,1991,3.0,5,1.67,4,0,0,0,1,0,2,0.67,2,0,0,0,0,0,Matches
168,Denzel Dumfries,DF,nl Netherlands,26,1996,5.3,5,1.00,5,0,0,0,0,0,2,0.40,2,0,0,0,0,0,Matches
169,Paulo Dybala,FW,ar Argentina,28,1993,0.2,1,5.29,1,0,0,0,0,0,0,0.00,0,0,0,0,0,0,Matches
170,Enzo Ebosse,DF,cm Cameroon,23,1999,1.0,0,0.00,0,0,0,0,0,0,0,0.00,0,0,0,0,0,0,Matches
171,Ederson,GK,br Brazil,28,1993,1.0,1,1.00,0,1,0,0,0,0,0,0.00,0,0,0,0,0,0,Matches
172,Jorge Eduardo Sánchez,DF,mx Mexico,24,1997,1.9,5,2.57,4,1,0,0,0,0,0,0.00,0,0,0,0,0,0,Matches
173,Nico Elvedi,DF,ch Switzerland,25,1996,2.0,1,0.50,1,0,0,0,0,0,0,0.00,0,0,0,0,0,0,Matches
174,Breel Embolo,FW,ch Switzerland,25,1997,3.6,6,1.67,3,0,0,2,1,0,0,0.00,0,0,0,0,0,0,Matches
175,Youssef En-Nesyri,FW,ma Morocco,25,1997,6.0,3,0.50,3,0,0,0,0,0,0,0.00,0,0,0,0,0,0,Matches
176,Wataru Endo,MF,jp Japan,29,1993,3.4,10,3.28,5,0,0,3,2,0,1,0.33,0,0,0,0,1,0,Matches
177,Devis Epassy,GK,cm Cameroon,29,1993,2.0,0,0.00,0,0,0,0,0,0,0,0.00,0,0,0,0,0,0,Matches
178,Christian Eriksen,MF,dk Denmark,30,1992,3.0,10,3.33,3,6,0,1,0,0,0,0.00,0,0,0,0,0,0,Matches
179,Michael Estrada,FW,ec Ecuador,26,1996,2.5,4,1.60,3,0,0,0,1,0,1,0.40,1,0,0,0,0,0,Matches
180,Pervis Estupiñán,DF,ec Ecuador,24,1998,3.0,12,4.00,8,3,0,1,0,0,1,0.33,0,0,0,1,0,0,Matches
181,Stephen Eustáquio,MF,ca Canada,25,1996,1.4,6,4.32,5,0,1,0,0,0,0,0.00,0,0,0,0,0,0,Matches
182,Saeid Ezatolahi,MF,ir IR Iran,25,1996,2.4,4,1.66,4,0,0,0,0,0,0,0.00,0,0,0,0,0,0,Matches
183,Abdessamad Ezzalzouli,"FW,MF",ma Morocco,20,2001,1.0,4,5.63,2,0,1,1,0,0,0,0.00,0,0,0,0,0,0,Matches
184,Fabinho,MF,br Brazil,28,1993,1.0,4,4.00,3,1,0,0,0,0,0,0.00,0,0,0,0,0,0,Matches
185,Collins Fai,DF,cm Cameroon,29,1992,3.0,4,1.33,4,0,0,0,0,0,1,0.33,1,0,0,0,0,0,Matches
186,Salman Al-Faraj,MF,sa Saudi Arabia,32,1989,0.5,0,0.00,0,0,0,0,0,0,0,0.00,0,0,0,0,0,0,Matches
187,Christian Fassnacht,FW,ch Switzerland,28,1993,0.1,0,0.00,0,0,0,0,0,0,0,0.00,0,0,0,0,0,0,Matches
188,Abdul Fatawu Issahaku,FW,gh Ghana,18,2004,0.0,0,0.00,0,0,0,0,0,0,0,0.00,0,0,0,0,0,0,Matches
189,Ansu Fati,FW,es Spain,19,2002,0.5,0,0.00,0,0,0,0,0,0,0,0.00,0,0,0,0,0,0,Matches
190,João Félix,FW,pt Portugal,22,1999,3.7,7,1.91,6,0,0,1,0,0,2,0.55,2,0,0,0,0,0,Matches
191,Bruno Fernandes,"FW,MF",pt Portugal,27,1994,4.0,15,3.79,9,6,0,0,0,0,4,1.01,3,1,0,0,0,0,Matches
192,Edimilson Fernandes,"FW,DF",ch Switzerland,26,1996,1.6,3,1.86,3,0,0,0,0,0,0,0.00,0,0,0,0,0,0,Matches
193,Enzo Fernández,MF,ar Argentina,21,2001,6.3,17,3.04,15,0,2,0,0,0,4,0.71,3,0,1,0,0,0,Matches
194,Jesús Ferreira,FW,us United States,21,2000,0.5,1,2.00,1,0,0,0,0,0,0,0.00,0,0,0,0,0,0,Matches
195,Phil Foden,"FW,MF",eng England,22,2000,2.9,10,3.49,4,3,2,0,1,0,3,1.05,1,0,1,0,1,0,Matches
196,Youssouf Fofana,MF,fr France,23,1999,2.5,3,1.34,2,0,0,0,1,0,0,0.00,0,0,0,0,0,0,Matches
197,Juan Foyth,DF,ar Argentina,24,1998,0.1,0,0.00,0,0,0,0,0,0,0,0.00,0,0,0,0,0,0,Matches
198,Alan Franco,MF,ec Ecuador,23,1998,0.5,0,0.00,0,0,0,0,0,0,0,0.00,0,0,0,0,0,0,Matches
199,Przemysław Frankowski,MF,pl Poland,27,1995,2.7,5,1.87,3,0,1,0,1,0,0,0.00,0,0,0,0,0,0,Matches
200,Fred,MF,br Brazil,29,1993,1.6,5,3.54,4,0,0,1,0,0,0,0.00,0,0,0,0,0,0,Matches
201,Fabian Frei,MF,ch Switzerland,33,1989,0.3,0,0.00,0,0,0,0,0,0,0,0.00,0,0,0,0,0,0,Matches
202,Remo Freuler,MF,ch Switzerland,30,1992,3.6,7,1.95,5,1,0,1,0,0,1,0.28,1,0,0,0,0,0,Matches
203,Keysher Fuller,"DF,MF",cr Costa Rica,27,1994,2.8,3,1.07,3,0,0,0,0,0,0,0.00,0,0,0,0,0,0,Matches
204,Niclas Füllkrug,FW,de Germany,29,1993,0.8,4,5.22,2,0,1,0,1,0,1,1.30,1,0,0,0,0,0,Matches
205,Rogelio Funes Mori,FW,mx Mexico,31,1991,0.1,1,18.00,0,0,0,0,1,0,0,0.00,0,0,0,0,0,0,Matches
206,Cody Gakpo,"FW,MF",nl Netherlands,23,1999,5.0,17,3.39,9,5,0,1,2,0,2,0.40,2,0,0,0,0,0,Matches
207,Hernán Galíndez,GK,ec Ecuador,35,1987,3.0,0,0.00,0,0,0,0,0,0,0,0.00,0,0,0,0,0,0,Matches
208,Jesús Gallardo,DF,mx Mexico,27,1994,3.0,7,2.33,6,1,0,0,0,0,0,0.00,0,0,0,0,0,0,Matches
209,Idrissa Gana Gueye,MF,sn Senegal,32,1989,3.0,7,2.33,5,1,0,0,1,0,1,0.33,0,0,0,0,1,0,Matches
210,Gavi,MF,es Spain,17,2004,3.2,5,1.58,4,0,0,0,1,0,1,0.32,1,0,0,0,0,0,Matches
211,Sultan Al-Ghanam,"DF,MF",sa Saudi Arabia,28,1994,1.4,1,0.71,1,0,0,0,0,0,0,0.00,0,0,0,0,0,0,Matches
212,Nader Ghandri,DF,tn Tunisia,27,1995,1.0,0,0.00,0,0,0,0,0,0,0,0.00,0,0,0,0,0,0,Matches
213,Saman Ghoddos,MF,ir IR Iran,28,1993,0.5,1,2.00,1,0,0,0,0,0,0,0.00,0,0,0,0,0,0,Matches
214,Ali Gholizadeh,"MF,FW",ir IR Iran,26,1996,2.2,7,3.18,5,1,0,1,0,0,1,0.45,1,0,0,0,0,0,Matches
215,Matthias Ginter,DF,de Germany,28,1994,0.0,0,0.00,0,0,0,0,0,0,0,0.00,0,0,0,0,0,0,Matches
216,Olivier Giroud,FW,fr France,35,1986,4.7,5,1.08,4,0,0,1,0,0,1,0.22,1,0,0,0,0,0,Matches
217,Kamil Glik,DF,pl Poland,34,1988,4.0,0,0.00,0,0,0,0,0,0,0,0.00,0,0,0,0,0,0,Matches
218,Serge Gnabry,"FW,MF",de Germany,26,1995,2.9,12,4.11,9,0,0,3,0,0,1,0.34,1,0,0,0,0,0,Matches
219,Diego Godín,DF,uy Uruguay,36,1986,1.7,0,0.00,0,0,0,0,0,0,0,0.00,0,0,0,0,0,0,Matches
220,Maxi Gómez,FW,uy Uruguay,25,1996,0.3,1,3.00,0,0,0,0,1,0,0,0.00,0,0,0,0,0,0,Matches
221,Papu Gómez,"MF,FW",ar Argentina,34,1988,1.2,1,0.84,0,0,0,0,1,0,0,0.00,0,0,0,0,0,0,Matches
222,Shūichi Gonda,GK,jp Japan,33,1989,4.3,0,0.00,0,0,0,0,0,0,0,0.00,0,0,0,0,0,0,Matches
223,Craig Goodwin,MF,au Australia,30,1991,2.6,5,1.92,2,2,0,0,1,0,0,0.00,0,0,0,0,0,0,Matches
224,Leon Goretzka,MF,de Germany,27,1995,1.8,1,0.57,1,0,0,0,0,0,0,0.00,0,0,0,0,0,0,Matches
225,Mario Götze,MF,de Germany,30,1992,0.4,4,10.00,4,0,0,0,0,0,1,2.50,1,0,0,0,0,0,Matches
226,Jack Grealish,FW,eng England,26,1995,1.0,5,5.29,3,0,1,0,1,0,0,0.00,0,0,0,0,0,0,Matches
227,Antoine Griezmann,MF,fr France,31,1991,6.0,33,5.53,19,12,0,2,0,0,3,0.50,3,0,0,0,0,0,Matches
228,Kamil Grosicki,MF,pl Poland,34,1988,0.0,2,45.00,1,0,1,0,0,0,0,0.00,0,0,0,0,0,0,Matches
229,Carlos Gruezo,MF,ec Ecuador,27,1995,0.5,0,0.00,0,0,0,0,0,0,0,0.00,0,0,0,0,0,0,Matches
230,Marko Grujić,MF,rs Serbia,26,1996,0.1,1,7.50,1,0,0,0,0,0,0,0.00,0,0,0,0,0,0,Matches
231,Andrés Guardado,MF,mx Mexico,35,1986,0.5,0,0.00,0,0,0,0,0,0,0,0.00,0,0,0,0,0,0,Matches
232,Nemanja Gudelj,"MF,DF",rs Serbia,30,1991,1.0,0,0.00,0,0,0,0,0,0,0,0.00,0,0,0,0,0,0,Matches
233,Mattéo Guendouzi,"FW,MF",fr France,23,1999,0.9,0,0.00,0,0,0,0,0,0,0,0.00,0,0,0,0,0,0,Matches
234,Raphaël Guerreiro,DF,pt Portugal,28,1993,3.1,11,3.55,9,2,0,0,0,0,4,1.29,3,1,0,0,0,0,Matches
235,Cho Guesung,FW,kr Korea Republic,24,1998,3.1,4,1.31,3,0,0,0,1,0,1,0.33,0,0,0,0,1,0,Matches
236,Pape Gueye,MF,sn Senegal,23,1999,1.7,3,1.76,3,0,0,0,0,0,0,0.00,0,0,0,0,0,0,Matches
237,Bruno Guimarães,MF,br Brazil,24,1997,0.8,1,1.30,1,0,0,0,0,0,0,0.00,0,0,0,0,0,0,Matches
238,İlkay Gündoğan,MF,de Germany,31,1990,2.1,6,2.86,6,0,0,0,0,0,0,0.00,0,0,0,0,0,0,Matches
239,Erick Gutiérrez,MF,mx Mexico,26,1995,0.5,1,1.84,0,0,0,0,1,0,0,0.00,0,0,0,0,0,0,Matches
240,Joško Gvardiol,DF,hr Croatia,20,2002,7.7,4,0.57,3,0,0,0,1,0,0,0.00,0,0,0,0,0,0,Matches
241,Asiri Haitham,FW,sa Saudi Arabia,21,2001,0.0,0,0.00,0,0,0,0,0,0,0,0.00,0,0,0,0,0,0,Matches
242,Ehsan Hajsafi,"MF,DF",ir IR Iran,32,1990,2.6,3,1.14,3,0,0,0,0,0,0,0.00,0,0,0,0,0,0,Matches
243,Achraf Hakimi,DF,ma Morocco,23,1998,7.0,14,2.10,12,0,1,0,1,0,1,0.15,1,0,0,0,0,0,Matches
244,Abderrazak Hamdallah,FW,ma Morocco,31,1990,0.8,0,0.00,0,0,0,0,0,0,0,0.00,0,0,0,0,0,0,Matches
245,Abdelkarim Hassan,DF,qa Qatar,28,1993,3.0,4,1.33,4,0,0,0,0,0,1,0.33,1,0,0,0,0,0,Matches
246,Ali Al Hassan,MF,sa Saudi Arabia,25,1997,0.5,0,0.00,0,0,0,0,0,0,0,0.00,0,0,0,0,0,0,Matches
247,Abdulaziz Hatem,MF,qa Qatar,31,1990,2.2,2,0.92,0,1,0,0,0,1,0,0.00,0,0,0,0,0,0,Matches
248,Kai Havertz,FW,de Germany,23,1999,1.1,7,6.12,5,0,0,1,0,1,0,0.00,0,0,0,0,0,0,Matches
249,Hassan Al-Haydos,MF,qa Qatar,31,1990,2.3,6,2.62,5,0,0,0,0,1,0,0.00,0,0,0,0,0,0,Matches
250,Eden Hazard,MF,be Belgium,31,1991,1.4,5,3.63,3,0,1,1,0,0,0,0.00,0,0,0,0,0,0,Matches
251,Thorgan Hazard,FW,be Belgium,29,1993,1.2,9,7.64,5,3,0,0,0,1,0,0.00,0,0,0,0,0,0,Matches
252,Hwang Hee-chan,"MF,FW",kr Korea Republic,26,1996,1.3,3,2.35,2,0,1,0,0,0,0,0.00,0,0,0,0,0,0,Matches
253,Jordan Henderson,MF,eng England,31,1990,3.0,8,2.66,5,2,0,0,1,0,0,0.00,0,0,0,0,0,0,Matches
254,Wayne Hennessey,GK,wls Wales,35,1987,1.9,0,0.00,0,0,0,0,0,0,0,0.00,0,0,0,0,0,0,Matches
255,Lucas Hernández,DF,fr France,26,1996,0.1,0,0.00,0,0,0,0,0,0,0,0.00,0,0,0,0,0,0,Matches
256,Theo Hernández,DF,fr France,24,1997,5.6,17,3.01,17,0,0,0,0,0,3,0.53,3,0,0,0,0,0,Matches
257,Héctor Herrera,MF,mx Mexico,32,1990,1.8,3,1.69,3,0,0,0,0,0,0,0.00,0,0,0,0,0,0,Matches
258,Son Heung-min,"FW,MF",kr Korea Republic,29,1992,4.0,16,4.00,6,6,1,2,1,0,2,0.50,2,0,0,0,0,0,Matches
259,Piero Hincapié,DF,ec Ecuador,20,2002,3.0,2,0.67,2,0,0,0,0,0,0,0.00,0,0,0,0,0,0,Matches
260,Jonas Hofmann,FW,de Germany,29,1992,0.3,4,12.00,3,0,0,1,0,0,0,0.00,0,0,0,0,0,0,Matches
261,Junior Hoilett,"FW,MF",ca Canada,32,1990,1.8,7,3.91,4,2,0,1,0,0,0,0.00,0,0,0,0,0,0,Matches
262,Martin Hongla,MF,cm Cameroon,24,1998,1.3,5,3.72,4,0,1,0,0,0,0,0.00,0,0,0,0,0,0,Matches
263,Ricardo Horta,FW,pt Portugal,27,1994,1.3,3,2.27,2,1,0,0,0,0,0,0.00,0,0,0,0,0,0,Matches
264,Hossein Hosseini,GK,ir IR Iran,29,1992,1.8,0,0.00,0,0,0,0,0,0,0,0.00,0,0,0,0,0,0,Matches
265,Majid Hosseini,DF,ir IR Iran,25,1996,3.0,1,0.33,1,0,0,0,0,0,0,0.00,0,0,0,0,0,0,Matches
266,Ajdin Hrustic,"MF,FW",au Australia,25,1996,0.7,0,0.00,0,0,0,0,0,0,0,0.00,0,0,0,0,0,0,Matches
267,Atiba Hutchinson,MF,ca Canada,39,1983,1.8,2,1.13,1,0,0,1,0,0,0,0.00,0,0,0,0,0,0,Matches
268,Pierre Højbjerg,MF,dk Denmark,26,1995,3.0,2,0.67,2,0,0,0,0,0,0,0.00,0,0,0,0,0,0,Matches
269,Romario Ibarra,MF,ec Ecuador,27,1994,0.8,1,1.32,0,0,1,0,0,0,0,0.00,0,0,0,0,0,0,Matches
270,Ivan Ilić,MF,rs Serbia,21,2001,0.4,2,5.29,2,0,0,0,0,0,0,0.00,0,0,0,0,0,0,Matches
271,Hwang In-beom,MF,kr Korea Republic,25,1996,3.7,6,1.62,6,0,0,0,0,0,0,0.00,0,0,0,0,0,0,Matches
272,Jackson Irvine,"MF,FW",au Australia,29,1993,3.9,3,0.76,3,0,0,0,0,0,0,0.00,0,0,0,0,0,0,Matches
273,Ko Itakura,DF,jp Japan,25,1997,3.0,2,0.67,0,1,0,1,0,0,1,0.33,0,1,0,0,0,0,Matches
274,Hiroki Ito,DF,jp Japan,23,1999,0.5,1,2.00,1,0,0,0,0,0,0,0.00,0,0,0,0,0,0,Matches
275,Junya Ito,"MF,FW",jp Japan,29,1993,3.6,10,3.06,4,2,1,1,1,1,2,0.61,2,0,0,0,0,0,Matches
276,Yahya Jabrane,MF,ma Morocco,30,1991,0.2,,,,,,,,,,,,,,,,,Matches
277,Nicolas Jackson,FW,sn Senegal,20,2001,0.2,2,10.59,2,0,0,0,0,0,0,0.00,0,0,0,0,0,0,Matches
278,Lee Jae-sung,"MF,FW",kr Korea Republic,29,1992,2.3,4,1.71,4,0,0,0,0,0,0,0.00,0,0,0,0,0,0,Matches
279,Alireza Jahanbakhsh,MF,ir IR Iran,28,1993,0.7,4,6.10,3,0,0,1,0,0,2,3.05,1,0,0,1,0,0,Matches
280,Kristijan Jakić,FW,hr Croatia,25,1997,0.0,0,0.00,0,0,0,0,0,0,0,0.00,0,0,0,0,0,0,Matches
281,Ismail Jakobs,DF,sn Senegal,22,1999,3.1,6,1.94,4,2,0,0,0,0,1,0.32,0,1,0,0,0,0,Matches
282,Abolfazl Jalali,DF,ir IR Iran,23,1998,0.2,1,4.74,0,0,0,0,1,0,0,0.00,0,0,0,0,0,0,Matches
283,Daniel James,"FW,MF",wls Wales,24,1997,1.7,2,1.17,2,0,0,0,0,0,0,0.00,0,0,0,0,0,0,Matches
284,Vincent Janssen,FW,nl Netherlands,27,1994,1.0,3,3.14,3,0,0,0,0,0,0,0.00,0,0,0,0,0,0,Matches
285,Ardon Jasari,FW,ch Switzerland,19,2002,0.0,0,0.00,0,0,0,0,0,0,0,0.00,0,0,0,0,0,0,Matches
286,Issam Jebali,FW,tn Tunisia,30,1991,2.0,5,2.47,2,0,0,2,0,1,0,0.00,0,0,0,0,0,0,Matches
287,Artur Jędrzejczyk,DF,pl Poland,34,1987,0.2,0,0.00,0,0,0,0,0,0,0,0.00,0,0,0,0,0,0,Matches
288,Mathias Jensen,MF,dk Denmark,26,1996,0.9,5,5.36,4,1,0,0,0,0,0,0.00,0,0,0,0,0,0,Matches
289,Gabriel Jesus,FW,br Brazil,25,1997,1.0,6,5.81,6,0,0,0,0,0,0,0.00,0,0,0,0,0,0,Matches
290,Raúl Jiménez,FW,mx Mexico,31,1991,0.7,0,0.00,0,0,0,0,0,0,0,0.00,0,0,0,0,0,0,Matches
291,Kim Jin-su,DF,kr Korea Republic,30,1992,3.5,7,2.00,6,0,0,0,0,1,1,0.29,1,0,0,0,0,0,Matches
292,Brennan Johnson,"FW,MF",wls Wales,21,2001,1.0,1,0.99,0,1,0,0,0,0,1,0.99,0,1,0,0,0,0,Matches
293,Alistair Johnston,DF,ca Canada,23,1998,3.0,8,2.67,6,2,0,0,0,0,0,0.00,0,0,0,0,0,0,Matches
294,Frenkie de Jong,MF,nl Netherlands,25,1997,5.3,9,1.82,8,0,0,1,0,0,2,0.40,2,0,0,0,0,0,Matches
295,Luuk de Jong,FW,nl Netherlands,31,1990,0.6,1,3.33,1,0,0,0,0,0,0,0.00,0,0,0,0,0,0,Matches
296,Luka Jović,FW,rs Serbia,24,1997,0.4,1,2.50,1,0,0,0,0,0,0,0.00,0,0,0,0,0,0,Matches
297,Son Jun-ho,"MF,DF",kr Korea Republic,30,1992,0.8,3,3.75,3,0,0,0,0,0,0,0.00,0,0,0,0,0,0,Matches
298,Vinicius Júnior,FW,br Brazil,21,2000,3.3,16,4.82,12,0,1,2,1,0,4,1.20,3,0,0,1,0,0,Matches
299,Josip Juranović,DF,hr Croatia,26,1995,6.7,15,2.50,12,3,0,0,0,0,2,0.33,2,0,0,0,0,0,Matches
300,Daichi Kamada,"FW,MF",jp Japan,25,1996,3.6,7,1.96,5,1,0,1,0,0,0,0.00,0,0,0,0,0,0,Matches
301,Jakub Kamiński,MF,pl Poland,20,2002,2.6,3,1.16,3,0,0,0,0,0,0,0.00,0,0,0,0,0,0,Matches
302,Hossein Kanaanizadegan,DF,ir IR Iran,28,1994,0.5,0,0.00,0,0,0,0,0,0,0,0.00,0,0,0,0,0,0,Matches
303,Harry Kane,FW,eng England,28,1993,4.5,10,2.24,5,0,1,3,1,0,3,0.67,3,0,0,0,0,0,Matches
304,Lee Kangin,"MF,FW",kr Korea Republic,21,2001,1.6,13,7.96,8,0,0,2,2,1,3,1.84,1,0,0,0,1,1,Matches
305,Mohamed Kanno,"MF,FW",sa Saudi Arabia,27,1994,3.0,4,1.33,2,0,2,0,0,0,0,0.00,0,0,0,0,0,0,Matches
306,Fran Karačić,DF,au Australia,26,1996,1.0,2,1.94,2,0,0,0,0,0,0,0.00,0,0,0,0,0,0,Matches
307,Ali Karimi,MF,ir IR Iran,28,1994,1.1,1,0.91,1,0,0,0,0,0,0,0.00,0,0,0,0,0,0,Matches
308,Mark-Anthony Kaye,MF,ca Canada,27,1994,0.7,0,0.00,0,0,0,0,0,0,0,0.00,0,0,0,0,0,0,Matches
309,Wajdi Kechrida,DF,tn Tunisia,26,1995,1.2,4,3.24,2,2,0,0,0,0,0,0.00,0,0,0,0,0,0,Matches
310,Thilo Kehrer,DF,de Germany,25,1996,0.8,1,1.30,1,0,0,0,0,0,0,0.00,0,0,0,0,0,0,Matches
311,Bilal El Khannous,MF,ma Morocco,18,2004,0.6,1,1.64,0,0,0,0,1,0,1,1.64,0,0,0,0,1,0,Matches
312,Wahbi Khazri,"FW,MF",tn Tunisia,31,1991,0.9,0,0.00,0,0,0,0,0,0,0,0.00,0,0,0,0,0,0,Matches
313,Musab Kheder,DF,qa Qatar,28,1993,0.1,0,0.00,0,0,0,0,0,0,0,0.00,0,0,0,0,0,0,Matches
314,Boualem Khoukhi,DF,qa Qatar,31,1990,3.0,1,0.33,1,0,0,0,0,0,0,0.00,0,0,0,0,0,0,Matches
315,Joshua Kimmich,"MF,DF",de Germany,27,1995,3.0,20,6.67,15,3,0,1,0,1,3,1.00,3,0,0,0,0,0,Matches
316,Jakub Kiwior,DF,pl Poland,22,2000,3.9,1,0.25,1,0,0,0,0,0,0,0.00,0,0,0,0,0,0,Matches
317,Simon Kjær,DF,dk Denmark,33,1989,0.7,0,0.00,0,0,0,0,0,0,0,0.00,0,0,0,0,0,0,Matches
318,Davy Klaassen,"MF,FW",nl Netherlands,29,1993,2.1,7,3.32,7,0,0,0,0,0,2,0.95,2,0,0,0,0,0,Matches
319,Lukas Klostermann,DF,de Germany,26,1996,0.7,1,1.36,1,0,0,0,0,0,1,1.36,1,0,0,0,0,0,Matches
320,Gregor Kobel,GK,ch Switzerland,24,1997,1.0,0,0.00,0,0,0,0,0,0,0,0.00,0,0,0,0,0,0,Matches
321,Koke,MF,es Spain,30,1992,0.6,1,1.73,1,0,0,0,0,0,0,0.00,0,0,0,0,0,0,Matches
322,Randal Kolo Muani,FW,fr France,23,1998,2.0,1,0.59,0,0,0,0,1,0,1,0.59,0,0,0,0,1,0,Matches
323,Ibrahima Konaté,DF,fr France,23,1999,3.3,4,1.26,3,0,0,0,0,1,0,0.00,0,0,0,0,0,0,Matches
324,Ismaël Koné,"MF,DF",ca Canada,20,2002,1.2,2,1.67,2,0,0,0,0,0,0,0.00,0,0,0,0,0,0,Matches
325,Teun Koopmeiners,MF,nl Netherlands,24,1998,2.4,4,1.91,2,1,0,1,0,0,2,0.96,1,1,0,0,0,0,Matches
326,Filip Kostić,DF,rs Serbia,29,1992,2.0,5,2.51,4,1,0,0,0,0,1,0.50,1,0,0,0,0,0,Matches
327,Kalidou Koulibaly,DF,sn Senegal,30,1991,4.0,4,1.00,4,0,0,0,0,0,0,0.00,0,0,0,0,0,0,Matches
328,Jules Koundé,DF,fr France,23,1998,5.3,5,0.94,5,0,0,0,0,0,1,0.19,1,0,0,0,0,0,Matches
329,Cheikhou Kouyaté,MF,sn Senegal,32,1989,0.8,2,2.50,2,0,0,0,0,0,0,0.00,0,0,0,0,0,0,Matches
330,Mateo Kovačić,MF,hr Croatia,28,1994,7.1,17,2.41,16,0,1,0,0,0,2,0.28,2,0,0,0,0,0,Matches
331,Andrej Kramarić,"FW,MF",hr Croatia,30,1991,5.3,10,1.90,7,0,1,1,0,1,0,0.00,0,0,0,0,0,0,Matches
332,Grzegorz Krychowiak,MF,pl Poland,32,1990,3.7,5,1.36,4,1,0,0,0,0,0,0.00,0,0,0,0,0,0,Matches
333,Takefusa Kubo,FW,jp Japan,21,2001,1.0,1,1.00,1,0,0,0,0,0,0,0.00,0,0,0,0,0,0,Matches
334,Pierre Kunde,MF,cm Cameroon,26,1995,1.5,3,2.03,1,1,0,1,0,0,0,0.00,0,0,0,0,0,0,Matches
335,Garang Kuol,"FW,MF",au Australia,17,2004,0.4,0,0.00,0,0,0,0,0,0,0,0.00,0,0,0,0,0,0,Matches
336,Daniel Kyereh,"MF,DF",gh Ghana,26,1996,0.4,1,2.73,1,0,0,0,0,0,0,0.00,0,0,0,0,0,0,Matches
337,Kwon Kyung-won,DF,kr Korea Republic,30,1992,1.0,0,0.00,0,0,0,0,0,0,0,0.00,0,0,0,0,0,0,Matches
338,Aïssa Laïdouni,MF,tn Tunisia,25,1996,2.7,4,1.48,4,0,0,0,0,0,1,0.37,1,0,0,0,0,0,Matches
339,Tariq Lamptey,DF,gh Ghana,21,2000,1.1,0,0.00,0,0,0,0,0,0,0,0.00,0,0,0,0,0,0,Matches
340,Noa Lang,MF,nl Netherlands,22,1999,0.1,0,,0,0,0,0,0,0,0,,0,0,0,0,0,0,Matches
341,Aymeric Laporte,DF,es Spain,28,1994,3.3,3,1.00,3,0,0,0,0,0,0,0.00,0,0,0,0,0,0,Matches
342,Cyle Larin,FW,ca Canada,27,1995,1.5,5,3.28,4,0,1,0,0,0,1,0.66,1,0,0,0,0,0,Matches
343,Richie Laryea,"DF,MF",ca Canada,27,1995,1.8,5,2.81,5,0,0,0,0,0,0,0.00,0,0,0,0,0,0,Matches
344,Darko Lazović,DF,rs Serbia,31,1990,0.3,0,0.00,0,0,0,0,0,0,0,0.00,0,0,0,0,0,0,Matches
345,Rafael Leão,FW,pt Portugal,23,1999,1.0,5,5.11,3,0,1,0,1,0,1,1.02,1,0,0,0,0,0,Matches
346,Mathew Leckie,"MF,FW",au Australia,31,1991,3.7,6,1.62,5,0,1,0,0,0,1,0.27,0,0,1,0,0,0,Matches
347,Robert Lewandowski,FW,pl Poland,33,1988,4.0,14,3.50,7,0,4,1,2,0,4,1.00,2,0,2,0,0,0,Matches
348,Matthijs de Ligt,DF,nl Netherlands,22,1999,1.0,1,0.99,1,0,0,0,0,0,0,0.00,0,0,0,0,0,0,Matches
349,Jesper Lindstrøm,"MF,FW",dk Denmark,22,2000,2.2,2,0.90,1,0,0,1,0,0,0,0.00,0,0,0,0,0,0,Matches
350,Marko Livaja,FW,hr Croatia,28,1993,2.7,3,1.19,3,0,0,0,0,0,1,0.40,1,0,0,0,0,0,Matches
351,Dominik Livaković,GK,hr Croatia,27,1995,7.7,0,0.00,0,0,0,0,0,0,0,0.00,0,0,0,0,0,0,Matches
352,Marcos Llorente,DF,es Spain,27,1995,1.3,3,3.00,2,1,0,0,0,0,0,0.00,0,0,0,0,0,0,Matches
353,Hugo Lloris,GK,fr France,35,1986,6.3,1,0.17,0,1,0,0,0,0,0,0.00,0,0,0,0,0,0,Matches
354,Dejan Lovren,DF,hr Croatia,32,1989,6.7,2,0.33,2,0,0,0,0,0,1,0.17,1,0,0,0,0,0,Matches
355,Hirving Lozano,FW,mx Mexico,26,1995,2.8,20,7.14,13,2,1,0,4,0,0,0.00,0,0,0,0,0,0,Matches
356,Romelu Lukaku,FW,be Belgium,29,1993,0.6,1,1.64,1,0,0,0,0,0,0,0.00,0,0,0,0,0,0,Matches
357,Saša Lukić,MF,rs Serbia,25,1996,2.7,2,0.73,2,0,0,0,0,0,0,0.00,0,0,0,0,0,0,Matches
358,Ali Maâloul,DF,tn Tunisia,32,1990,1.0,2,2.00,1,1,0,0,0,0,0,0.00,0,0,0,0,0,0,Matches
359,Awer Mabil,MF,au Australia,26,1995,0.3,0,0.00,0,0,0,0,0,0,0,0.00,0,0,0,0,0,0,Matches
360,Alexis Mac Allister,MF,ar Argentina,23,1998,6.1,16,2.77,16,0,0,0,0,0,2,0.35,2,0,0,0,0,0,Matches
361,Jamie Maclaren,FW,au Australia,28,1993,0.6,1,1.64,1,0,0,0,0,0,0,0.00,0,0,0,0,0,0,Matches
362,Assim Madibo,MF,qa Qatar,25,1996,1.7,2,1.18,2,0,0,0,0,0,0,0.00,0,0,0,0,0,0,Matches
363,Abdullah Madu,"DF,MF",sa Saudi Arabia,28,1993,0.5,0,0.00,0,0,0,0,0,0,0,0.00,0,0,0,0,0,0,Matches
364,Daizen Maeda,FW,jp Japan,24,1997,2.0,1,0.50,1,0,0,0,0,0,0,0.00,0,0,0,0,0,0,Matches
365,Harry Maguire,DF,eng England,29,1993,4.8,6,1.26,3,0,1,0,1,1,1,0.21,1,0,0,0,0,0,Matches
366,Lovro Majer,"MF,FW",hr Croatia,24,1998,1.4,5,4.79,4,1,0,0,0,0,1,0.96,0,1,0,0,0,0,Matches
367,Nemanja Maksimović,MF,rs Serbia,27,1995,1.4,4,2.95,3,0,0,0,0,1,0,0.00,0,0,0,0,0,0,Matches
368,Abdulellah Al-Malki,MF,sa Saudi Arabia,27,1994,1.9,2,1.03,2,0,0,0,0,0,1,0.52,1,0,0,0,0,0,Matches
369,Steve Mandanda,GK,fr France,37,1985,1.0,0,0.00,0,0,0,0,0,0,0,0.00,0,0,0,0,0,0,Matches
370,José María Giménez,DF,uy Uruguay,27,1995,3.0,1,0.33,1,0,0,0,0,0,0,0.00,0,0,0,0,0,0,Matches
371,João Mário,"FW,MF",pt Portugal,29,1993,0.9,2,2.14,2,0,0,0,0,0,0,0.00,0,0,0,0,0,0,Matches
372,Marquinhos,DF,br Brazil,28,1994,4.7,9,2.04,8,0,0,1,0,0,1,0.23,1,0,0,0,0,0,Matches
373,Henry Martín,FW,mx Mexico,29,1992,1.6,6,3.70,5,0,0,0,1,0,1,0.62,0,0,0,0,1,0,Matches
374,Martinelli,FW,br Brazil,20,2001,1.3,8,6.37,4,0,1,3,0,0,0,0.00,0,0,0,0,0,0,Matches
375,Carlos Martínez,DF,cr Costa Rica,23,1999,0.5,0,0.00,0,0,0,0,0,0,0,0.00,0,0,0,0,0,0,Matches
376,Emiliano Martínez,GK,ar Argentina,29,1992,7.7,0,0.00,0,0,0,0,0,0,0,0.00,0,0,0,0,0,0,Matches
377,Lautaro Martínez,FW,ar Argentina,24,1997,2.7,7,3.26,3,0,0,4,0,0,1,0.47,0,0,0,1,0,0,Matches
378,Lisandro Martínez,DF,ar Argentina,24,1998,3.4,2,0.59,0,0,0,1,0,1,0,0.00,0,0,0,0,0,0,Matches
379,Pape Matar Sarr,MF,sn Senegal,19,2002,0.7,2,3.05,1,1,0,0,0,0,1,1.53,1,0,0,0,0,0,Matches
380,Rónald Matarrita,"DF,MF",cr Costa Rica,27,1994,0.3,0,0.00,0,0,0,0,0,0,0,0.00,0,0,0,0,0,0,Matches
381,Eric Maxim Choupo-Moting,"FW,MF",cm Cameroon,33,1989,2.8,5,1.78,4,0,1,0,0,0,0,0.00,0,0,0,0,0,0,Matches
382,Noussair Mazraoui,DF,ma Morocco,24,1997,4.1,2,0.49,2,0,0,0,0,0,0,0.00,0,0,0,0,0,0,Matches
383,Kylian Mbappé,FW,fr France,23,1998,6.6,46,7.29,28,1,7,8,2,0,11,1.74,7,0,0,4,0,0,Matches
384,Bryan Mbeumo,"FW,MF",cm Cameroon,22,1999,2.6,8,3.23,4,3,0,1,0,0,0,0.00,0,0,0,0,0,0,Matches
385,Riley McGree,"FW,MF",au Australia,23,1998,2.9,5,1.70,4,1,0,0,0,0,2,0.68,2,0,0,0,0,0,Matches
386,Weston McKennie,MF,us United States,23,1998,3.0,12,3.99,11,0,0,1,0,0,1,0.33,1,0,0,0,0,0,Matches
387,Hannibal Mejbri,MF,tn Tunisia,19,2003,0.1,0,0.00,0,0,0,0,0,0,0,0.00,0,0,0,0,0,0,Matches
388,Memphis,FW,nl Netherlands,28,1994,3.3,5,1.51,3,0,0,2,0,0,3,0.91,1,0,0,2,0,0,Matches
389,Nuno Mendes,DF,pt Portugal,19,2002,0.5,5,10.98,2,1,1,0,1,0,0,0.00,0,0,0,0,0,0,Matches
390,Jhegson Méndez,MF,ec Ecuador,25,1997,2.0,3,1.50,3,0,0,0,0,0,0,0.00,0,0,0,0,0,0,Matches
391,Edouard Mendy,GK,sn Senegal,30,1992,4.0,1,0.25,1,0,0,0,0,0,0,0.00,0,0,0,0,0,0,Matches
392,Nampalys Mendy,MF,sn Senegal,29,1992,3.0,6,1.98,6,0,0,0,0,0,0,0.00,0,0,0,0,0,0,Matches
393,Gideon Mensah,DF,gh Ghana,23,1998,1.0,3,3.10,3,0,0,0,0,0,1,1.03,1,0,0,0,0,0,Matches
394,Chris Mepham,DF,wls Wales,24,1997,3.0,3,1.00,3,0,0,0,0,0,0,0.00,0,0,0,0,0,0,Matches
395,Yassine Meriah,DF,tn Tunisia,28,1993,3.0,3,1.00,2,0,0,1,0,0,0,0.00,0,0,0,0,0,0,Matches
396,Dries Mertens,"MF,FW",be Belgium,35,1987,0.8,5,5.92,3,1,1,0,0,0,0,0.00,0,0,0,0,0,0,Matches
397,Lionel Messi,FW,ar Argentina,34,1987,7.7,43,6.14,28,5,3,1,5,1,5,0.71,4,0,1,0,0,0,Matches
398,Thomas Meunier,DF,be Belgium,30,1991,2.3,7,2.99,5,0,1,1,0,0,0,0.00,0,0,0,0,0,0,Matches
399,Nikola Milenković,DF,rs Serbia,24,1997,3.0,2,0.67,0,0,0,0,0,2,0,0.00,0,0,0,0,0,0,Matches
400,Arkadiusz Milik,"FW,MF",pl Poland,28,1994,1.1,2,1.80,2,0,0,0,0,0,0,0.00,0,0,0,0,0,0,Matches
401,Sergej Milinković-Savić,MF,rs Serbia,27,1995,2.6,4,1.54,3,0,0,0,1,0,3,1.15,2,0,0,0,1,0,Matches
402,Vanja Milinković-Savić,GK,rs Serbia,25,1997,3.0,0,0.00,0,0,0,0,0,0,0,0.00,0,0,0,0,0,0,Matches
403,Éder Militão,DF,br Brazil,24,1998,3.9,6,1.56,5,0,0,1,0,0,0,0.00,0,0,0,0,0,0,Matches
404,Liam Millar,DF,ca Canada,22,1999,0.1,0,0.00,0,0,0,0,0,0,0,0.00,0,0,0,0,0,0,Matches
405,Kamal Miller,DF,ca Canada,25,1997,3.0,0,0.00,0,0,0,0,0,0,0,0.00,0,0,0,0,0,0,Matches
406,Kim Min-jae,DF,kr Korea Republic,25,1996,3.0,1,0.33,0,0,0,1,0,0,0,0.00,0,0,0,0,0,0,Matches
407,Takumi Minamino,FW,jp Japan,27,1995,0.7,1,3.00,0,0,0,1,0,0,1,3.00,0,0,0,1,0,0,Matches
408,Kaoru Mitoma,MF,jp Japan,25,1997,1.8,9,6.00,5,0,1,1,1,1,1,0.67,1,0,0,0,0,0,Matches
409,Aleksandar Mitrović,FW,rs Serbia,27,1994,2.9,3,1.03,1,0,1,1,0,0,0,0.00,0,0,0,0,0,0,Matches
410,Stefan Mitrović,DF,rs Serbia,32,1990,0.4,0,0.00,0,0,0,0,0,0,0,0.00,0,0,0,0,0,0,Matches
411,Filip Mladenović,DF,rs Serbia,30,1991,0.7,0,0.00,0,0,0,0,0,0,0,0.00,0,0,0,0,0,0,Matches
412,Luka Modrić,MF,hr Croatia,36,1985,7.3,21,3.03,14,5,0,1,1,0,0,0.00,0,0,0,0,0,0,Matches
413,Ismail Mohamad,FW,qa Qatar,32,1990,1.9,,,,,,,,,,,,,,,,,Matches
414,Milad Mohammadi,DF,ir IR Iran,28,1993,2.2,0,0.00,0,0,0,0,0,0,0,0.00,0,0,0,0,0,0,Matches
415,Kudus Mohammed,"FW,MF",gh Ghana,21,2000,2.7,5,1.82,3,0,1,0,1,0,0,0.00,0,0,0,0,0,0,Matches
416,Sadegh Moharrami,DF,ir IR Iran,26,1996,1.0,1,1.00,1,0,0,0,0,0,1,1.00,1,0,0,0,0,0,Matches
417,Nahuel Molina,DF,ar Argentina,24,1998,6.3,10,1.59,9,0,0,0,0,1,2,0.32,2,0,0,0,0,0,Matches
418,César Montes,DF,mx Mexico,25,1997,3.0,3,1.00,3,0,0,0,0,0,2,0.67,2,0,0,0,0,0,Matches
419,Gonzalo Montiel,"DF,MF",ar Argentina,25,1997,1.3,3,3.70,2,1,0,0,0,0,0,0.00,0,0,0,0,0,0,Matches
420,Kim Moonhwan,DF,kr Korea Republic,26,1995,4.0,7,1.75,7,0,0,0,0,0,0,0.00,0,0,0,0,0,0,Matches
421,Kieffer Moore,FW,wls Wales,29,1992,2.5,6,2.40,5,0,0,0,1,0,0,0.00,0,0,0,0,0,0,Matches
422,Shaquell Moore,DF,us United States,25,1996,0.2,0,0.00,0,0,0,0,0,0,0,0.00,0,0,0,0,0,0,Matches
423,Aaron Mooy,MF,au Australia,31,1990,4.0,5,1.25,2,2,0,0,1,0,0,0.00,0,0,0,0,0,0,Matches
424,Álvaro Morata,FW,es Spain,29,1992,2.1,4,2.32,4,0,0,0,0,0,2,1.16,2,0,0,0,0,0,Matches
425,Héctor Moreno,DF,mx Mexico,34,1988,3.0,1,0.33,1,0,0,0,0,0,0,0.00,0,0,0,0,0,0,Matches
426,Hidemasa Morita,MF,jp Japan,27,1995,3.2,10,3.16,7,1,0,2,0,0,0,0.00,0,0,0,0,0,0,Matches
427,Joe Morrell,MF,wls Wales,25,1997,0.4,0,0.00,0,0,0,0,0,0,0,0.00,0,0,0,0,0,0,Matches
428,Jordan Morris,"FW,DF",us United States,27,1994,0.0,0,0.00,0,0,0,0,0,0,0,0.00,0,0,0,0,0,0,Matches
429,Youssoufa Moukoko,FW,de Germany,17,2004,0.0,0,0.00,0,0,0,0,0,0,0,0.00,0,0,0,0,0,0,Matches
430,Mason Mount,MF,eng England,23,1999,2.1,2,0.96,1,0,0,0,1,0,0,0.00,0,0,0,0,0,0,Matches
431,Youssef Msakni,"MF,FW",tn Tunisia,31,1990,1.9,7,3.73,6,0,1,0,0,0,0,0.00,0,0,0,0,0,0,Matches
432,Thomas Müller,"FW,MF",de Germany,32,1989,2.2,10,4.50,9,0,0,0,0,1,0,0.00,0,0,0,0,0,0,Matches
433,Munir,GK,ma Morocco,33,1989,1.0,0,0.00,0,0,0,0,0,0,0,0.00,0,0,0,0,0,0,Matches
434,Mohammed Muntari,"FW,MF",qa Qatar,28,1993,0.7,1,1.43,1,0,0,0,0,0,0,0.00,0,0,0,0,0,0,Matches
435,Yunus Musah,MF,us United States,19,2002,3.8,10,2.62,9,0,1,0,0,0,1,0.26,1,0,0,0,0,0,Matches
436,Jamal Musiala,"MF,FW",de Germany,19,2003,2.9,22,7.67,15,0,4,2,1,0,1,0.35,1,0,0,0,0,0,Matches
437,Joakim Mæhle,DF,dk Denmark,25,1997,2.8,4,1.45,4,0,0,0,0,0,0,0.00,0,0,0,0,0,0,Matches
438,Georges-Kévin N'Koudou,"FW,MF",cm Cameroon,27,1995,0.3,1,3.33,0,0,0,0,1,0,0,0.00,0,0,0,0,0,0,Matches
439,Yuto Nagatomo,"MF,DF",jp Japan,35,1986,2.3,2,0.86,2,0,0,0,0,0,0,0.00,0,0,0,0,0,0,Matches
440,Sami Al-Najei,MF,sa Saudi Arabia,25,1997,0.5,0,0.00,0,0,0,0,0,0,0,0.00,0,0,0,0,0,0,Matches
441,Keylor Navas,GK,cr Costa Rica,35,1986,3.0,0,0.00,0,0,0,0,0,0,0,0.00,0,0,0,0,0,0,Matches
442,Iliman Ndiaye,"FW,MF",sn Senegal,22,2000,1.5,4,2.65,3,0,1,0,0,0,2,1.32,2,0,0,0,0,0,Matches
443,Victor Nelsson,DF,dk Denmark,23,1998,1.0,1,1.00,1,0,0,0,0,0,0,0.00,0,0,0,0,0,0,Matches
444,Manuel Neuer,GK,de Germany,36,1986,3.0,0,0.00,0,0,0,0,0,0,0,0.00,0,0,0,0,0,0,Matches
445,Rúben Neves,MF,pt Portugal,25,1997,3.0,6,2.01,5,0,0,0,0,1,0,0.00,0,0,0,0,0,0,Matches
446,Neymar,MF,br Brazil,30,1992,3.1,15,5.42,5,2,2,2,4,0,4,1.45,2,0,1,1,0,0,Matches
447,Moumi Ngamaleu,"FW,MF",cm Cameroon,27,1994,1.1,2,1.89,2,0,0,0,0,0,0,0.00,0,0,0,0,0,0,Matches
448,Jerome Ngom Mbekeli,MF,cm Cameroon,23,1998,0.1,1,18.00,1,0,0,0,0,0,1,18.00,1,0,0,0,0,0,Matches
449,Rasmus Nissen,DF,dk Denmark,24,1997,2.5,5,2.01,5,0,0,0,0,0,0,0.00,0,0,0,0,0,0,Matches
450,Nicolas Nkoulou,DF,cm Cameroon,32,1990,2.0,2,1.00,1,0,0,1,0,0,1,0.50,0,0,0,1,0,0,Matches
451,Andries Noppert,GK,nl Netherlands,28,1994,5.3,1,0.20,1,0,0,0,0,0,0,0.00,0,0,0,0,0,0,Matches
452,Ahmad Nourollahi,MF,ir IR Iran,29,1993,2.5,0,0.00,0,0,0,0,0,0,0,0.00,0,0,0,0,0,0,Matches
453,Olivier Ntcham,MF,cm Cameroon,26,1996,0.3,3,11.74,3,0,0,0,0,0,1,3.91,1,0,0,0,0,0,Matches
454,Matheus Nunes,MF,pt Portugal,23,1998,0.8,1,1.23,1,0,0,0,0,0,0,0.00,0,0,0,0,0,0,Matches
455,Darwin Núñez,FW,uy Uruguay,22,1999,2.7,8,3.00,7,0,0,0,1,0,1,0.37,1,0,0,0,0,0,Matches
456,Christian Nørgaard,MF,dk Denmark,28,1994,0.1,1,15.00,1,0,0,0,0,0,0,0.00,0,0,0,0,0,0,Matches
457,Guillermo Ochoa,GK,mx Mexico,36,1985,3.0,3,1.00,2,1,0,0,0,0,0,0.00,0,0,0,0,0,0,Matches
458,Denis Odoi,DF,gh Ghana,34,1988,0.1,0,0.00,0,0,0,0,0,0,0,0.00,0,0,0,0,0,0,Matches
459,Noah Okafor,"FW,MF",ch Switzerland,22,2000,0.5,1,2.00,1,0,0,0,0,0,0,0.00,0,0,0,0,0,0,Matches
460,Mathías Olivera,DF,uy Uruguay,24,1997,2.8,9,3.20,8,1,0,0,0,0,0,0.00,0,0,0,0,0,0,Matches
461,Dani Olmo,FW,es Spain,24,1998,4.1,12,2.94,9,1,1,0,1,0,3,0.74,3,0,0,0,0,0,Matches
462,Amadou Onana,MF,be Belgium,20,2001,1.2,0,0.00,0,0,0,0,0,0,0,0.00,0,0,0,0,0,0,Matches
463,André Onana,GK,cm Cameroon,26,1996,0.9,0,0.00,0,0,0,0,0,0,0,0.00,0,0,0,0,0,0,Matches
464,Gaël Ondoua,MF,cm Cameroon,26,1995,0.5,0,0.00,0,0,0,0,0,0,0,0.00,0,0,0,0,0,0,Matches
465,Loïs Openda,FW,be Belgium,22,2000,0.1,2,13.85,1,0,0,0,1,0,0,0.00,0,0,0,0,0,0,Matches
466,Mislav Oršić,FW,hr Croatia,29,1992,1.8,7,4.50,6,0,1,0,0,0,2,1.29,2,0,0,0,0,0,Matches
467,Jonathan Osorio,"MF,FW",ca Canada,30,1992,1.3,5,3.78,4,0,1,0,0,0,0,0.00,0,0,0,0,0,0,Matches
468,Nicolás Otamendi,DF,ar Argentina,34,1988,7.7,4,0.57,3,0,0,0,0,1,1,0.14,1,0,0,0,0,0,Matches
469,Otávio,MF,pt Portugal,27,1995,2.2,7,3.21,6,0,0,0,1,0,1,0.46,1,0,0,0,0,0,Matches
470,Samuel Oum Gouet,MF,cm Cameroon,24,1997,1.1,1,0.90,1,0,0,0,0,0,0,0.00,0,0,0,0,0,0,Matches
471,Azzedine Ounahi,MF,ma Morocco,22,2000,6.3,16,2.54,11,0,2,2,1,0,1,0.16,1,0,0,0,0,0,Matches
472,Bryan Oviedo,DF,cr Costa Rica,32,1990,2.9,0,0.00,0,0,0,0,0,0,0,0.00,0,0,0,0,0,0,Matches
473,Mohammed Al-Owais,GK,sa Saudi Arabia,30,1991,3.0,1,0.33,1,0,0,0,0,0,0,0.00,0,0,0,0,0,0,Matches
474,Juan Pablo Vargas,DF,cr Costa Rica,27,1995,1.0,2,2.00,1,0,0,1,0,0,1,1.00,0,0,0,1,0,0,Matches
475,Exequiel Palacios,"MF,DF",ar Argentina,23,1998,0.6,3,5.40,2,0,0,0,0,1,0,0.00,0,0,0,0,0,0,Matches
476,João Palhinha,MF,pt Portugal,26,1995,0.4,3,7.11,3,0,0,0,0,0,0,0.00,0,0,0,0,0,0,Matches
477,Lucas Paquetá,MF,br Brazil,24,1997,3.5,9,2.58,9,0,0,0,0,0,1,0.29,1,0,0,0,0,0,Matches
478,Leandro Paredes,MF,ar Argentina,27,1994,2.5,7,3.58,5,1,0,0,1,0,2,1.02,1,0,0,0,1,0,Matches
479,Thomas Partey,MF,gh Ghana,29,1993,3.0,6,2.00,6,0,0,0,0,0,1,0.33,1,0,0,0,0,0,Matches
480,Mario Pašalić,"FW,MF",hr Croatia,27,1995,3.0,4,1.50,4,0,0,0,0,0,0,0.00,0,0,0,0,0,0,Matches
481,Benjamin Pavard,DF,fr France,26,1996,1.0,1,1.02,1,0,0,0,0,0,0,0.00,0,0,0,0,0,0,Matches
482,Strahinja Pavlović,DF,rs Serbia,21,2001,2.6,2,0.77,1,1,0,0,0,0,0,0.00,0,0,0,0,0,0,Matches
483,Pedri,MF,es Spain,19,2002,4.0,14,3.87,14,0,0,0,0,0,1,0.28,1,0,0,0,0,0,Matches
484,Pedro,FW,br Brazil,24,1997,0.7,0,0.00,0,0,0,0,0,0,0,0.00,0,0,0,0,0,0,Matches
485,Facundo Pellistri,"MF,FW",uy Uruguay,20,2001,2.0,3,1.49,3,0,0,0,0,0,0,0.00,0,0,0,0,0,0,Matches
486,Pepe,DF,pt Portugal,39,1983,4.0,3,0.75,3,0,0,0,0,0,0,0.00,0,0,0,0,0,0,Matches
487,Danilo Pereira,DF,pt Portugal,30,1991,1.0,1,1.00,1,0,0,0,0,0,0,0.00,0,0,0,0,0,0,Matches
488,Ivan Perišić,"FW,DF",hr Croatia,33,1989,7.4,17,2.39,11,0,2,4,0,0,3,0.42,3,0,0,0,0,0,Matches
489,Bruno Petković,FW,hr Croatia,27,1994,2.6,7,3.09,5,0,1,0,1,0,0,0.00,0,0,0,0,0,0,Matches
490,Germán Pezzella,DF,ar Argentina,30,1991,0.7,0,0.00,0,0,0,0,0,0,0,0.00,0,0,0,0,0,0,Matches
491,Kalvin Phillips,MF,eng England,26,1995,0.5,1,2.14,1,0,0,0,0,0,1,2.14,1,0,0,0,0,0,Matches
492,Krzysztof Piątek,FW,pl Poland,26,1995,0.3,0,0.00,0,0,0,0,0,0,0,0.00,0,0,0,0,0,0,Matches
493,Jordan Pickford,GK,eng England,28,1994,5.0,2,0.40,1,1,0,0,0,0,1,0.20,1,0,0,0,0,0,Matches
494,Orbelín Pineda,MF,mx Mexico,26,1996,0.8,1,1.18,1,0,0,0,0,0,0,0.00,0,0,0,0,0,0,Matches
495,Gonzalo Plata,"MF,FW",ec Ecuador,21,2000,3.0,3,1.00,1,1,0,0,1,0,0,0.00,0,0,0,0,0,0,Matches
496,Jackson Porozo,DF,ec Ecuador,21,2000,1.1,0,0.00,0,0,0,0,0,0,0,0.00,0,0,0,0,0,0,Matches
497,Morteza Pouraliganji,DF,ir IR Iran,30,1992,3.0,5,1.67,4,0,0,0,1,0,1,0.33,0,0,0,0,1,0,Matches
498,Ángelo Preciado,DF,ec Ecuador,24,1998,2.9,5,1.70,4,0,0,1,0,0,1,0.34,1,0,0,0,0,0,Matches
499,Christian Pulisic,"FW,MF",us United States,23,1998,3.5,14,4.00,9,3,2,0,0,0,2,0.57,2,0,0,0,0,0,Matches
500,Adrien Rabiot,MF,fr France,27,1995,5.4,11,2.05,10,0,0,1,0,0,1,0.19,1,0,0,0,0,0,Matches
501,Nemanja Radonjić,"DF,FW",rs Serbia,26,1996,0.7,1,1.50,1,0,0,0,0,0,0,0.00,0,0,0,0,0,0,Matches
502,Baba Rahman,DF,gh Ghana,27,1994,2.0,7,3.44,5,0,0,0,0,2,1,0.49,1,0,0,0,0,0,Matches
503,Gonçalo Ramos,"FW,MF",pt Portugal,20,2001,1.7,2,1.18,2,0,0,0,0,0,1,0.59,1,0,0,0,0,0,Matches
504,Aaron Ramsey,MF,wls Wales,31,1990,3.0,3,1.02,2,0,0,1,0,0,0,0.00,0,0,0,0,0,0,Matches
505,Raphinha,FW,br Brazil,25,1996,3.5,19,5.43,13,2,1,1,0,2,0,0.00,0,0,0,0,0,0,Matches
506,Marcus Rashford,FW,eng England,24,1997,1.6,3,1.93,1,0,2,0,0,0,1,0.64,0,0,1,0,0,0,Matches
507,David Raum,DF,de Germany,24,1998,2.7,14,5.21,9,4,0,0,1,0,2,0.74,1,0,0,0,1,0,Matches
508,Bassam Al-Rawi,DF,qa Qatar,24,1997,1.0,1,1.00,1,0,0,0,0,0,0,0.00,0,0,0,0,0,0,Matches
509,Tim Ream,DF,us United States,34,1987,4.0,2,0.50,1,0,0,1,0,0,0,0.00,0,0,0,0,0,0,Matches
510,Djorkaeff Reasco,FW,ec Ecuador,23,1999,0.3,0,0.00,0,0,0,0,0,0,0,0.00,0,0,0,0,0,0,Matches
511,Gio Reyna,FW,us United States,19,2002,0.6,2,3.40,2,0,0,0,0,0,0,0.00,0,0,0,0,0,0,Matches
512,Ramin Rezaeian,DF,ir IR Iran,32,1990,2.0,8,4.00,4,3,0,0,1,0,0,0.00,0,0,0,0,0,0,Matches
513,Everton Ribeiro,MF,br Brazil,33,1989,0.4,2,5.00,2,0,0,0,0,0,0,0.00,0,0,0,0,0,0,Matches
514,Declan Rice,MF,eng England,23,1999,4.6,5,1.08,3,0,0,0,0,2,0,0.00,0,0,0,0,0,0,Matches
515,Richarlison,FW,br Brazil,25,1997,3.6,7,1.95,5,0,0,1,1,0,1,0.28,0,0,0,0,1,0,Matches
516,Fabian Rieder,FW,ch Switzerland,20,2002,0.8,1,1.32,1,0,0,0,0,0,0,0.00,0,0,0,0,0,0,Matches
517,Ró-Ró,DF,qa Qatar,31,1990,2.9,1,0.34,1,0,0,0,0,0,0,0.00,0,0,0,0,0,0,Matches
518,Connor Roberts,DF,wls Wales,26,1995,2.2,6,2.69,4,1,0,0,1,0,0,0.00,0,0,0,0,0,0,Matches
519,Antonee Robinson,DF,us United States,24,1997,4.0,9,2.26,7,0,1,0,0,1,0,0.00,0,0,0,0,0,0,Matches
520,Sergio Rochet,GK,uy Uruguay,29,1993,3.0,0,0.00,0,0,0,0,0,0,0,0.00,0,0,0,0,0,0,Matches
521,Joe Rodon,DF,wls Wales,24,1997,3.0,2,0.67,2,0,0,0,0,0,0,0.00,0,0,0,0,0,0,Matches
522,Rodri,DF,es Spain,25,1996,4.3,9,2.25,9,0,0,0,0,0,0,0.00,0,0,0,0,0,0,Matches
523,Charly Rodríguez,MF,mx Mexico,25,1997,0.4,0,0.00,0,0,0,0,0,0,0,0.00,0,0,0,0,0,0,Matches
524,Guido Rodríguez,MF,ar Argentina,28,1994,0.6,0,0.00,0,0,0,0,0,0,0,0.00,0,0,0,0,0,0,Matches
525,Kevin Rodríguez,FW,ec Ecuador,22,2000,0.0,,,,,,,,,,,,,,,,,Matches
526,Ricardo Rodríguez,DF,ch Switzerland,29,1992,4.0,4,1.00,3,1,0,0,0,0,0,0.00,0,0,0,0,0,0,Matches
527,Rodrygo,"MF,FW",br Brazil,21,2001,2.0,16,9.54,10,1,2,0,2,1,1,0.60,1,0,0,0,0,0,Matches
528,Mohamed Ali Ben Romdhane,MF,tn Tunisia,22,1999,0.8,0,0.00,0,0,0,0,0,0,0,0.00,0,0,0,0,0,0,Matches
529,Cristian Romero,DF,ar Argentina,24,1998,6.1,3,0.52,2,1,0,0,0,0,1,0.17,0,1,0,0,0,0,Matches
530,Cristiano Ronaldo,FW,pt Portugal,37,1985,3.2,10,3.10,8,0,0,1,1,0,2,0.62,1,0,0,0,1,0,Matches
531,Marten de Roon,MF,nl Netherlands,31,1991,2.0,1,0.49,1,0,0,0,0,0,0,0.00,0,0,0,0,0,0,Matches
532,Kye Rowles,DF,au Australia,23,1998,4.0,1,0.25,1,0,0,0,0,0,0,0.00,0,0,0,0,0,0,Matches
533,Antonio Rüdiger,DF,de Germany,29,1993,3.0,4,1.33,3,0,0,0,1,0,0,0.00,0,0,0,0,0,0,Matches
534,Bryan Ruiz,MF,cr Costa Rica,36,1985,0.3,0,0.00,0,0,0,0,0,0,0,0.00,0,0,0,0,0,0,Matches
535,Mathew Ryan,GK,au Australia,30,1992,4.0,1,0.25,1,0,0,0,0,0,0,0.00,0,0,0,0,0,0,Matches
536,Youssouf Sabaly,DF,sn Senegal,29,1993,4.0,15,3.75,12,1,0,0,2,0,1,0.25,1,0,0,0,0,0,Matches
537,Abdelhamid Sabiri,MF,ma Morocco,25,1996,2.0,4,2.40,2,1,0,1,0,0,1,0.60,0,1,0,0,0,0,Matches
538,Romain Saïss,DF,ma Morocco,32,1990,5.2,1,0.21,1,0,0,0,0,0,0,0.00,0,0,0,0,0,0,Matches
539,Bukayo Saka,FW,eng England,20,2001,3.2,9,2.80,5,0,0,0,4,0,1,0.31,0,0,0,0,1,0,Matches
540,Hiroki Sakai,"MF,DF",jp Japan,32,1990,1.3,2,2.02,2,0,0,0,0,0,0,0.00,0,0,0,0,0,0,Matches
541,Youstin Salas,"DF,MF",cr Costa Rica,25,1996,0.5,1,1.91,0,1,0,0,0,0,0,0.00,0,0,0,0,0,0,Matches
542,William Saliba,DF,fr France,21,2001,0.3,1,3.21,1,0,0,0,0,0,0,0.00,0,0,0,0,0,0,Matches
543,Mohammed Salisu,DF,gh Ghana,23,1999,3.0,4,1.33,4,0,0,0,0,0,2,0.67,2,0,0,0,0,0,Matches
544,Tarek Salman,DF,qa Qatar,24,1997,0.1,0,0.00,0,0,0,0,0,0,0,0.00,0,0,0,0,0,0,Matches
545,Alex Sandro,DF,br Brazil,31,1991,2.1,6,3.09,5,0,0,1,0,0,0,0.00,0,0,0,0,0,0,Matches
546,Leroy Sané,"FW,DF",de Germany,26,1996,1.2,7,5.68,6,0,1,0,0,0,2,1.62,2,0,0,0,0,0,Matches
547,Na Sang-ho,FW,kr Korea Republic,25,1996,1.3,4,3.03,4,0,0,0,0,0,0,0.00,0,0,0,0,0,0,Matches
548,Pablo Sarabia,FW,es Spain,30,1992,0.0,2,,2,0,0,0,0,0,0,,0,0,0,0,0,0,Matches
549,Josh Sargent,FW,us United States,22,2000,1.7,2,1.15,1,0,0,1,0,0,0,0.00,0,0,0,0,0,0,Matches
550,Jeremy Sarmiento,"MF,FW",ec Ecuador,19,2002,0.9,3,3.18,3,0,0,0,0,0,0,0.00,0,0,0,0,0,0,Matches
551,Ismaila Sarr,"FW,MF",sn Senegal,24,1998,3.8,15,3.94,8,0,4,1,1,1,1,0.26,0,0,0,0,1,0,Matches
552,Ferjani Sassi,"MF,DF",tn Tunisia,30,1992,0.5,3,5.63,3,0,0,0,0,0,0,0.00,0,0,0,0,0,0,Matches
553,Fabian Schär,DF,ch Switzerland,30,1991,1.5,6,4.00,5,0,0,1,0,0,0,0.00,0,0,0,0,0,0,Matches
554,Nico Schlotterbeck,DF,de Germany,22,1999,1.0,3,2.87,3,0,0,0,0,0,0,0.00,0,0,0,0,0,0,Matches
555,Kasper Schmeichel,GK,dk Denmark,35,1986,3.0,0,0.00,0,0,0,0,0,0,0,0.00,0,0,0,0,0,0,Matches
556,Haris Seferović,FW,ch Switzerland,30,1992,0.8,1,1.27,1,0,0,0,0,0,0,0.00,0,0,0,0,0,0,Matches
557,Alidu Seidu,DF,gh Ghana,22,2000,1.7,2,1.16,1,1,0,0,0,0,0,0.00,0,0,0,0,0,0,Matches
558,Antoine Semenyo,"FW,MF",gh Ghana,22,2000,0.2,0,0.00,0,0,0,0,0,0,0,0.00,0,0,0,0,0,0,Matches
559,Kim Seung-gyu,GK,kr Korea Republic,31,1990,4.0,1,0.25,0,1,0,0,0,0,0,0.00,0,0,0,0,0,0,Matches
560,Paik Seung-ho,MF,kr Korea Republic,25,1997,0.3,1,3.46,1,0,0,0,0,0,0,0.00,0,0,0,0,0,0,Matches
561,Yasser Al-Shahrani,DF,sa Saudi Arabia,30,1992,1.0,0,0.00,0,0,0,0,0,0,0,0.00,0,0,0,0,0,0,Matches
562,Xherdan Shaqiri,"FW,MF",ch Switzerland,30,1991,2.5,6,2.36,5,1,0,0,0,0,2,0.79,2,0,0,0,0,0,Matches
563,Riyadh Sharahili,MF,sa Saudi Arabia,29,1993,0.6,1,1.67,1,0,0,0,0,0,0,0.00,0,0,0,0,0,0,Matches
564,Luke Shaw,DF,eng England,26,1995,4.7,13,2.76,10,2,1,0,0,0,3,0.64,2,1,0,0,0,0,Matches
565,Saad Al Sheeb,GK,qa Qatar,32,1990,1.0,0,0.00,0,0,0,0,0,0,0,0.00,0,0,0,0,0,0,Matches
566,Saleh Al-Shehri,FW,sa Saudi Arabia,28,1993,2.5,3,1.21,2,0,0,0,1,0,0,0.00,0,0,0,0,0,0,Matches
567,André Silva,FW,pt Portugal,26,1995,0.3,3,10.38,3,0,0,0,0,0,0,0.00,0,0,0,0,0,0,Matches
568,António Silva,DF,pt Portugal,18,2003,1.0,1,1.00,1,0,0,0,0,0,0,0.00,0,0,0,0,0,0,Matches
569,Bernardo Silva,MF,pt Portugal,27,1994,4.0,13,3.28,11,1,0,0,1,0,3,0.76,3,0,0,0,0,0,Matches
570,Thiago Silva,DF,br Brazil,37,1984,4.3,10,2.50,8,1,0,1,0,0,1,0.25,1,0,0,0,0,0,Matches
571,Unai Simón,GK,es Spain,25,1997,4.3,0,0.00,0,0,0,0,0,0,0,0.00,0,0,0,0,0,0,Matches
572,Xavi Simons,"FW,MF",nl Netherlands,19,2003,0.1,0,0.00,0,0,0,0,0,0,0,0.00,0,0,0,0,0,0,Matches
573,Ellyes Skhiri,MF,tn Tunisia,27,1995,3.0,5,1.67,4,0,0,1,0,0,1,0.33,1,0,0,0,0,0,Matches
574,Michał Skóraś,MF,pl Poland,22,2000,0.5,1,2.00,0,0,0,0,1,0,0,0.00,0,0,0,0,0,0,Matches
575,Andreas Skov Olsen,"FW,MF",dk Denmark,22,1999,1.5,3,2.05,2,0,0,1,0,0,0,0.00,0,0,0,0,0,0,Matches
576,Robert Skov,DF,dk Denmark,26,1996,0.2,0,0.00,0,0,0,0,0,0,0,0.00,0,0,0,0,0,0,Matches
577,Naïm Sliti,"MF,FW",tn Tunisia,29,1992,1.3,5,3.95,4,0,1,0,0,0,0,0.00,0,0,0,0,0,0,Matches
578,Carlos Soler,MF,es Spain,25,1997,1.0,4,5.81,2,2,0,0,0,0,0,0.00,0,0,0,0,0,0,Matches
579,Yuki Soma,"FW,MF",jp Japan,25,1997,0.9,0,0.00,0,0,0,0,0,0,0,0.00,0,0,0,0,0,0,Matches
580,Yann Sommer,GK,ch Switzerland,33,1988,3.0,1,0.33,1,0,0,0,0,0,0,0.00,0,0,0,0,0,0,Matches
581,Borna Sosa,DF,hr Croatia,24,1998,4.7,3,0.64,2,0,0,0,1,0,0,0.00,0,0,0,0,0,0,Matches
582,Harry Souttar,DF,au Australia,23,1998,4.0,2,0.50,2,0,0,0,0,0,1,0.25,1,0,0,0,0,0,Matches
583,Djibril Sow,MF,ch Switzerland,25,1997,2.9,5,1.70,5,0,0,0,0,0,2,0.68,2,0,0,0,0,0,Matches
584,Josip Stanišić,DF,hr Croatia,22,2000,1.0,0,0.00,0,0,0,0,0,0,0,0.00,0,0,0,0,0,0,Matches
585,Renato Steffen,FW,ch Switzerland,30,1991,0.4,0,0.00,0,0,0,0,0,0,0,0.00,0,0,0,0,0,0,Matches
586,Raheem Sterling,FW,eng England,27,1994,1.7,4,2.42,3,0,1,0,0,0,3,1.81,2,0,1,0,0,0,Matches
587,John Stones,DF,eng England,28,1994,4.8,3,0.62,2,0,0,1,0,0,0,0.00,0,0,0,0,0,0,Matches
588,Luis Suárez,FW,uy Uruguay,35,1987,1.6,3,1.85,1,0,0,1,1,0,2,1.23,1,0,0,1,0,0,Matches
589,Niklas Süle,DF,de Germany,26,1995,3.0,4,1.34,4,0,0,0,0,0,0,0.00,0,0,0,0,0,0,Matches
590,Kamaldeen Sulemana,FW,gh Ghana,20,2002,0.6,0,0.00,0,0,0,0,0,0,0,0.00,0,0,0,0,0,0,Matches
591,Josip Šutalo,DF,hr Croatia,22,2000,1.0,0,0.00,0,0,0,0,0,0,0,0.00,0,0,0,0,0,0,Matches
592,Karol Świderski,FW,pl Poland,25,1997,0.5,0,0.00,0,0,0,0,0,0,0,0.00,0,0,0,0,0,0,Matches
593,Wojciech Szczęsny,GK,pl Poland,32,1990,4.0,0,0.00,0,0,0,0,0,0,0,0.00,0,0,0,0,0,0,Matches
594,Damian Szymański,MF,pl Poland,26,1995,0.3,0,0.00,0,0,0,0,0,0,0,0.00,0,0,0,0,0,0,Matches
595,Sebastian Szymański,MF,pl Poland,23,1999,1.5,1,0.67,1,0,0,0,0,0,0,0.00,0,0,0,0,0,0,Matches
596,Dušan Tadić,"MF,FW",rs Serbia,33,1988,2.9,14,4.90,10,4,0,0,0,0,2,0.70,1,1,0,0,0,0,Matches
597,Nicolás Tagliafico,DF,ar Argentina,29,1992,4.1,4,1.05,3,0,0,0,0,1,0,0.00,0,0,0,0,0,0,Matches
598,Montassar Talbi,DF,tn Tunisia,24,1998,3.0,0,0.00,0,0,0,0,0,0,0,0.00,0,0,0,0,0,0,Matches
599,Hassan Al Tambakti,DF,sa Saudi Arabia,23,1999,2.0,0,0.00,0,0,0,0,0,0,0,0.00,0,0,0,0,0,0,Matches
600,Ao Tanaka,MF,jp Japan,23,1998,1.9,2,1.15,2,0,0,0,0,0,0,0.00,0,0,0,0,0,0,Matches
601,Shogo Taniguchi,DF,jp Japan,30,1991,2.3,0,0.00,0,0,0,0,0,0,0,0.00,0,0,0,0,0,0,Matches
602,Mehdi Taremi,FW,ir IR Iran,29,1992,3.0,11,3.67,8,0,1,0,2,0,3,1.00,1,0,1,0,1,0,Matches
603,Kenneth Taylor,MF,nl Netherlands,20,2002,0.1,0,0.00,0,0,0,0,0,0,0,0.00,0,0,0,0,0,0,Matches
604,Aurélien Tchouaméni,MF,fr France,22,2000,6.9,13,1.98,10,1,1,1,0,0,0,0.00,0,0,0,0,0,0,Matches
605,Yeltsin Tejeda,MF,cr Costa Rica,30,1992,3.0,3,1.00,3,0,0,0,0,0,1,0.33,1,0,0,0,0,0,Matches
606,Alex Telles,DF,br Brazil,29,1992,0.7,1,1.55,1,0,0,0,0,0,0,0.00,0,0,0,0,0,0,Matches
607,Sorba Thomas,MF,wls Wales,22,1999,0.0,0,0.00,0,0,0,0,0,0,0,0.00,0,0,0,0,0,0,Matches
608,Marcus Thuram,"FW,MF",fr France,24,1997,1.7,4,2.95,3,0,0,0,1,0,2,1.48,2,0,0,0,0,0,Matches
609,Youri Tielemans,MF,be Belgium,25,1997,1.1,2,1.89,2,0,0,0,0,0,0,0.00,0,0,0,0,0,0,Matches
610,Jurriën Timber,DF,nl Netherlands,20,2001,4.3,2,0.50,1,0,0,0,0,1,0,0.00,0,0,0,0,0,0,Matches
611,Karl Toko Ekambi,"FW,MF",cm Cameroon,29,1992,1.8,6,3.25,3,1,1,0,1,0,0,0.00,0,0,0,0,0,0,Matches
612,Nouhou Tolo,DF,cm Cameroon,24,1997,3.0,1,0.33,1,0,0,0,0,0,0,0.00,0,0,0,0,0,0,Matches
613,Takehiro Tomiyasu,"DF,MF",jp Japan,23,1998,2.1,5,2.87,5,0,0,0,0,0,0,0.00,0,0,0,0,0,0,Matches
614,Mehdi Torabi,MF,ir IR Iran,27,1994,0.7,5,7.26,4,0,0,1,0,0,0,0.00,0,0,0,0,0,0,Matches
615,Félix Torres Caicedo,DF,ec Ecuador,25,1997,3.0,2,0.67,0,0,0,1,0,1,1,0.33,0,0,0,1,0,0,Matches
616,Ferrán Torres,FW,es Spain,22,2000,2.4,2,0.83,2,0,0,0,0,0,1,0.41,1,0,0,0,0,0,Matches
617,Gerson Torres,MF,cr Costa Rica,24,1997,0.7,2,2.81,1,0,0,0,1,0,0,0.00,0,0,0,0,0,0,Matches
618,Pau Torres,DF,es Spain,25,1997,1.0,2,2.00,2,0,0,0,0,0,0,0.00,0,0,0,0,0,0,Matches
619,Kieran Trippier,DF,eng England,31,1990,2.3,5,2.18,0,5,0,0,0,0,0,0.00,0,0,0,0,0,0,Matches
620,Leandro Trossard,"FW,MF",be Belgium,27,1994,1.1,3,2.62,3,0,0,0,0,0,0,0.00,0,0,0,0,0,0,Matches
621,Matt Turner,GK,us United States,27,1994,4.0,0,0.00,0,0,0,0,0,0,0,0.00,0,0,0,0,0,0,Matches
622,Ayase Ueda,FW,jp Japan,23,1998,0.5,1,2.00,1,0,0,0,0,0,0,0.00,0,0,0,0,0,0,Matches
623,Hwang Ui-jo,"FW,MF",kr Korea Republic,29,1992,1.2,0,0.00,0,0,0,0,0,0,0,0.00,0,0,0,0,0,0,Matches
624,Dayot Upamecano,DF,fr France,23,1998,5.3,13,2.60,12,0,0,1,0,0,3,0.60,3,0,0,0,0,0,Matches
625,Enner Valencia,"FW,MF",ec Ecuador,32,1989,2.8,7,2.47,3,0,0,3,1,0,1,0.35,0,0,0,0,1,0,Matches
626,Federico Valverde,MF,uy Uruguay,23,1998,3.0,14,4.67,9,3,1,1,0,0,0,0.00,0,0,0,0,0,0,Matches
627,Virgil van Dijk,DF,nl Netherlands,30,1991,5.3,4,0.80,3,1,0,0,0,0,0,0.00,0,0,0,0,0,0,Matches
628,Raphaël Varane,DF,fr France,29,1993,5.8,2,0.35,2,0,0,0,0,0,0,0.00,0,0,0,0,0,0,Matches
629,Guillermo Varela,DF,uy Uruguay,29,1993,2.0,2,0.98,1,0,0,0,1,0,0,0.00,0,0,0,0,0,0,Matches
630,Ruben Vargas,FW,ch Switzerland,23,1998,3.2,7,2.21,3,3,0,1,0,0,2,0.63,2,0,0,0,0,0,Matches
631,Matías Vecino,MF,uy Uruguay,30,1991,2.2,1,0.46,1,0,0,0,0,0,0,0.00,0,0,0,0,0,0,Matches
632,Alexis Vega,FW,mx Mexico,24,1997,2.1,4,1.87,2,1,0,1,0,0,0,0.00,0,0,0,0,0,0,Matches
633,Miloš Veljković,DF,rs Serbia,26,1995,2.5,1,0.41,1,0,0,0,0,0,0,0.00,0,0,0,0,0,0,Matches
634,Johan Venegas,"FW,MF",cr Costa Rica,33,1988,0.8,1,1.23,0,0,0,0,1,0,0,0.00,0,0,0,0,0,0,Matches
635,Jordan Veretout,MF,fr France,29,1993,0.7,0,0.00,0,0,0,0,0,0,0,0.00,0,0,0,0,0,0,Matches
636,Jan Vertonghen,DF,be Belgium,35,1987,3.0,1,0.33,1,0,0,0,0,0,1,0.33,1,0,0,0,0,0,Matches
637,Matías Viña,DF,uy Uruguay,24,1997,0.2,0,0.00,0,0,0,0,0,0,0,0.00,0,0,0,0,0,0,Matches
638,Vitinha,MF,pt Portugal,22,2000,1.3,4,3.03,2,1,0,1,0,0,0,0.00,0,0,0,0,0,0,Matches
639,Steven Vitória,DF,ca Canada,35,1987,3.0,0,0.00,0,0,0,0,0,0,0,0.00,0,0,0,0,0,0,Matches
640,Dušan Vlahović,FW,rs Serbia,22,2000,0.9,0,0.00,0,0,0,0,0,0,0,0.00,0,0,0,0,0,0,Matches
641,Nikola Vlašić,"FW,MF",hr Croatia,24,1997,2.3,4,2.29,3,0,0,1,0,0,1,0.57,1,0,0,0,0,0,Matches
642,Mohammed Waad,"MF,DF",qa Qatar,22,1999,0.3,1,3.21,1,0,0,0,0,0,0,0.00,0,0,0,0,0,0,Matches
643,Kyle Walker,DF,eng England,32,1990,2.6,3,1.14,3,0,0,0,0,0,0,0.00,0,0,0,0,0,0,Matches
644,Danny Ward,GK,wls Wales,28,1993,1.0,0,0.00,0,0,0,0,0,0,0,0.00,0,0,0,0,0,0,Matches
645,Kendall Waston,DF,cr Costa Rica,34,1988,2.5,1,0.40,0,0,0,1,0,0,1,0.40,0,0,0,1,0,0,Matches
646,Timothy Weah,FW,us United States,22,2000,3.5,7,1.99,7,0,0,0,0,0,0,0.00,0,0,0,0,0,0,Matches
647,Wout Weghorst,FW,nl Netherlands,29,1992,0.7,2,5.45,1,0,0,0,1,0,1,2.73,0,0,0,0,1,0,Matches
648,Wéverton,GK,br Brazil,34,1987,0.1,0,0.00,0,0,0,0,0,0,0,0.00,0,0,0,0,0,0,Matches
649,Silvan Widmer,DF,ch Switzerland,29,1993,2.9,5,1.70,5,0,0,0,0,0,1,0.34,1,0,0,0,0,0,Matches
650,Iñaki Williams,FW,gh Ghana,27,1994,3.0,2,0.72,1,0,0,1,0,0,1,0.36,0,0,0,1,0,0,Matches
651,Neco Williams,DF,wls Wales,21,2001,2.3,3,1.33,0,0,0,2,1,0,0,0.00,0,0,0,0,0,0,Matches
652,Nico Williams,FW,es Spain,19,2002,1.6,1,0.62,1,0,0,0,0,0,1,0.62,1,0,0,0,0,0,Matches
653,Callum Wilson,FW,eng England,30,1992,0.5,4,7.50,4,0,0,0,0,0,1,1.87,1,0,0,0,0,0,Matches
654,Harry Wilson,"MF,FW",wls Wales,25,1997,1.8,4,2.25,1,3,0,0,0,0,0,0.00,0,0,0,0,0,0,Matches
655,Roan Wilson,MF,cr Costa Rica,20,2002,0.0,0,0.00,0,0,0,0,0,0,0,0.00,0,0,0,0,0,0,Matches
656,Axel Witsel,MF,be Belgium,33,1989,3.0,2,0.67,2,0,0,0,0,0,0,0.00,0,0,0,0,0,0,Matches
657,Jeong Woo-yeong,MF,kr Korea Republic,22,1999,0.5,1,2.00,0,0,0,1,0,0,0,0.00,0,0,0,0,0,0,Matches
658,Jung Woo-young,MF,kr Korea Republic,32,1989,3.4,7,2.08,7,0,0,0,0,0,1,0.30,1,0,0,0,0,0,Matches
659,Christopher Wooh,DF,cm Cameroon,20,2001,1.0,0,0.00,0,0,0,0,0,0,0,0.00,0,0,0,0,0,0,Matches
660,David Wotherspoon,MF,ca Canada,32,1990,0.2,0,0.00,0,0,0,0,0,0,0,0.00,0,0,0,0,0,0,Matches
661,Bailey Wright,DF,au Australia,29,1992,0.2,0,0.00,0,0,0,0,0,0,0,0.00,0,0,0,0,0,0,Matches
662,Haji Wright,FW,us United States,24,1998,1.5,3,1.97,2,0,0,1,0,0,0,0.00,0,0,0,0,0,0,Matches
663,Granit Xhaka,MF,ch Switzerland,29,1992,4.0,6,1.50,5,0,0,1,0,0,0,0.00,0,0,0,0,0,0,Matches
664,Miki Yamane,"DF,MF",jp Japan,28,1993,0.7,1,1.48,1,0,0,0,0,0,0,0.00,0,0,0,0,0,0,Matches
665,Jawad El Yamiq,DF,ma Morocco,30,1992,3.4,1,0.32,1,0,0,0,0,0,0,0.00,0,0,0,0,0,0,Matches
666,Taha Yassine Khenissi,FW,tn Tunisia,30,1992,0.3,1,3.10,1,0,0,0,0,0,0,0.00,0,0,0,0,0,0,Matches
667,DeAndre Yedlin,DF,us United States,28,1993,0.4,2,5.45,2,0,0,0,0,0,1,2.73,1,0,0,0,0,0,Matches
668,Maya Yoshida,DF,jp Japan,33,1988,4.3,3,0.75,3,0,0,0,0,0,0,0.00,0,0,0,0,0,0,Matches
669,Kim Young-gwon,DF,kr Korea Republic,32,1990,3.9,5,1.29,5,0,0,0,0,0,0,0.00,0,0,0,0,0,0,Matches
670,Cho Yumin,FW,kr Korea Republic,25,1996,0.0,0,0.00,0,0,0,0,0,0,0,0.00,0,0,0,0,0,0,Matches
671,Denis Zakaria,MF,ch Switzerland,25,1996,0.7,1,1.53,1,0,0,0,0,0,0,0.00,0,0,0,0,0,0,Matches
672,Nicola Zalewski,MF,pl Poland,20,2002,0.7,0,0.00,0,0,0,0,0,0,0,0.00,0,0,0,0,0,0,Matches
673,Andre-Frank Zambo Anguissa,MF,cm Cameroon,26,1995,2.9,0,0.00,0,0,0,0,0,0,0,0.00,0,0,0,0,0,0,Matches
674,Álvaro Zamora,MF,cr Costa Rica,20,2002,0.3,0,0.00,0,0,0,0,0,0,0,0.00,0,0,0,0,0,0,Matches
675,Anass Zaroury,FW,ma Morocco,21,2000,0.3,0,0.00,0,0,0,0,0,0,0,0.00,0,0,0,0,0,0,Matches
676,Piotr Zieliński,"MF,FW",pl Poland,28,1994,3.6,12,3.28,5,5,0,2,0,0,0,0.00,0,0,0,0,0,0,Matches
677,Walker Zimmerman,DF,us United States,29,1993,3.1,3,0.97,3,0,0,0,0,0,0,0.00,0,0,0,0,0,0,Matches
678,Andrija Živković,DF,rs Serbia,25,1996,2.3,7,3.00,6,0,0,1,0,0,2,0.86,2,0,0,0,0,0,Matches
679,Hakim Ziyech,FW,ma Morocco,29,1993,7.1,20,2.97,11,6,3,0,0,0,3,0.45,2,0,1,0,0,0,Matches
680,Filip Đuričić,"MF,FW",rs Serbia,30,1992,0.2,2,12.86,1,0,0,0,1,0,0,0.00,0,0,0,0,0,0,Matches
